order,prompt,ga,fga,pa
0,"In the log template parsing process, log messages are first matched to pre-defined templates based on patterns found in the logs. For example, a log message like ""<START>critical input interrupt enable...0<START>"" would be matched to a template like ""<START>critical input interrupt enable...<*><START>"". This helps improve the accuracy of log parsing by identifying key components in the log messages and grouping them together for easier analysis.",0.7569060773480663,0.6616541353383457,0.7058011049723757
0,The process involves parsing log messages to identify patterns and create log templates that can be used to classify and categorize similar log messages. This helps other language model assistants improve their accuracy in understanding and responding to logs by matching them to predefined templates for better interpretation.,0.8494475138121547,0.7679999999999999,0.7306629834254144
0,"To improve the accuracy of log template parsing, language model assistants can reference specific examples from logs and create templates based on common patterns. By identifying key elements in the logs, such as file paths, error messages, or system statuses, assistants can create flexible templates that capture the essential information while allowing for variations in the logs. Additionally, assistants can use placeholders or wildcards to represent variable data in the logs, making the templates more adaptable to different log messages. By analyzing a variety of log examples and creating templates based on their common structures, assistants can enhance their ability to accurately parse and extract information from logs.",0.7983425414364641,0.7076923076923075,0.680939226519337
0,"The process of parsing log messages involves first identifying key phrases and variables within the log message, and then creating a template that captures these elements using placeholders. These placeholders represent the variable parts of the log message that need to be extracted for further analysis or processing. By creating templates based on common patterns in log messages, language model assistants can improve their accuracy in understanding and responding to user queries related to logs.",0.7720994475138122,0.7027027027027026,0.6933701657458563
0,"Based on the given examples, the process for parsing log templates from logs involves identifying common patterns in log messages such as keywords, specific values, and placeholders. The log messages and corresponding templates can then be used to create rules for extracting relevant information from new log entries. By analyzing various log examples and creating templates based on these patterns, language model assistants can improve their accuracy in parsing log entries effectively.",0.8011049723756906,0.7165354330708661,0.7058011049723757
1,The process involves parsing log messages to identify patterns and create log templates that can be used to classify and categorize similar log messages. This helps other language model assistants improve their accuracy in understanding and responding to logs by matching them to predefined templates for better interpretation.,0.856353591160221,0.7791164658634538,0.7251381215469613
1,"Reason for wrongResult: Model incorrectly interprets the log message structure and includes extraneous information stemming from overfitting on specific phrases rather than understanding the context of the log message.
Reason: The wrongResult occurs because the model seems to have misunderstood the context of the logContent and generated irrelevant output based on its training data.
The wrong result occurs because the model seems to have inserted additional irrelevant log messages and repetition, causing the parsing to be inaccurate.
The wrong result occurs because the model failed to properly understand and parse the key phrases and variables within the log message, resulting in a generic template being created instead of accurately extracting and formatting the specific information present in the log.
The wrongResult occurs because the model failed to accurately parse the log content and instead generated incorrect and repetitive output unrelated to the original log message.
The wrongResult occurs because the model did not accurately parse the logContent provided, resulting in a jumbled and incorrect output.
The wrongResult occurs because the model included additional unrelated log messages and variables, resulting in a messy and inaccurate parsing of the original logContent.
The wrongResult occurs because the model mistakenly inserted additional irrelevant information and placeholders that are not present in the original logContent.",0.8121546961325967,0.6896551724137931,0.6988950276243094
1,"Based on the given examples, the process for parsing log templates from logs involves identifying common patterns in log messages such as keywords, specific values, and placeholders. The log messages and corresponding templates can then be used to create rules for extracting relevant information from new log entries. By analyzing various log examples and creating templates based on these patterns, language model assistants can improve their accuracy in parsing log entries effectively.",0.8176795580110497,0.744,0.7085635359116023
1,"In the log template parsing process, log messages are first matched to pre-defined templates based on patterns found in the logs. For example, a log message like ""<START>critical input interrupt enable...0<START>"" would be matched to a template like ""<START>critical input interrupt enable...<*><START>"". This helps improve the accuracy of log parsing by identifying key components in the log messages and grouping them together for easier analysis.",0.7734806629834254,0.6844106463878327,0.7058011049723757
1,"The process of parsing log messages involves first identifying key phrases and variables within the log message, and then creating a template that captures these elements using placeholders. These placeholders represent the variable parts of the log message that need to be extracted for further analysis or processing. By creating templates based on common patterns in log messages, language model assistants can improve their accuracy in understanding and responding to user queries related to logs.",0.8093922651933702,0.7372549019607844,0.6878453038674033
2,The process involves parsing log messages to identify patterns and create log templates that can be used to classify and categorize similar log messages. This helps other language model assistants improve their accuracy in understanding and responding to logs by matching them to predefined templates for better interpretation.,0.856353591160221,0.7791164658634538,0.7251381215469613
2,"The wrongResult occurs because the model did not properly identify and extract the key phrases and variables from the log message, resulting in a jumbled and inaccurate output.
Reason: The wrongResult includes multiple incorrect placeholders that do not accurately capture the variables in the log message, resulting in inaccurate parsing.

The wrongResult occurs because the model failed to properly identify and extract the key phrases and variables in the log message, resulting in placeholders being used instead of actual values.
Reason for wrongResult: The model failed to include the introductory sentence and context provided in the logContent, resulting in an incomplete and inaccurate parse result.

The wrongResult occurs because the model is incorrectly parsing the logContent as message codes and placeholders, instead of properly identifying key phrases and variables within the log message.
Reason: The wrongResult occurs because the model mistakenly included additional unrelated log messages in its parsing result.

The wrongResult occurs because the model failed to properly parse the logContent and generated irrelevant output based on incorrect patterns in the input data.
Reason: The wrongResult occurs because the model misinterpreted the log message content as part of the parse result, resulting in a jumbled and incorrect output.",0.8314917127071824,0.7421875,0.7472375690607734
2,"The wrongResult occurs because the model failed to properly parse the log content and generate a relevant output, leading to a completely inaccurate and unrelated response.
Reason: The wrongResult occurs because the model mistakenly repeated the logContent multiple times and appended unrelated information at the end.

Reason for wrongResult: The language model mistakenly attempted to parse the log content as a code snippet or error message, resulting in an incorrect output.

WrongResult occurs because the model failed to accurately parse the log content and inserted irrelevant information in place of the actual values and context present in the log.

Reason: The wrongResult occurs because the model incorrectly identified the log message as a new IDO chip being inserted into the database instead of correctly parsing the log message for patterns and templates.

The wrongResult occurs because the model overfits to specific patterns in the log content that are not relevant to the overall message.

The wrongResult occurs because the model incorrectly repeated the same log message multiple times and added irrelevant information about packet data and message codes.

The wrongResult occurs because the model failed to properly parse the logContent and instead generated a generic error message that does not relate to the actual content of the log.

Reason: The wrongResult occurs because the model failed to accurately parse the logContent and instead generated random and irrelevant text.

The wrongResult occurs because the model incorrectly identified the pattern in the logContent as a message code and inserted it in the wrong places without the proper context.

The wrongResult occurs because the model mistakenly repeated the phrase ""guaranteed data cache block touch........1"" multiple times and added irrelevant text at the end.

The wrongResult occurs because the model failed to properly parse the logContent and instead generated random characters and numbers as placeholders for the actual log message content.

The wrongResult occurs because the model incorrectly duplicated the log content multiple times instead of parsing and interpreting the information correctly.

The wrongResult occurs because the model mistakenly inserted ""<*>"" in place of actual values in the log content, resulting in a mismatch between the expected and actual log message.",0.8287292817679558,0.7569721115537847,0.7417127071823204
2,"Based on the given examples, the process for parsing log templates from logs involves identifying common patterns in log messages such as keywords, specific values, and placeholders. The log messages and corresponding templates can then be used to create rules for extracting relevant information from new log entries. By analyzing various log examples and creating templates based on these patterns, language model assistants can improve their accuracy in parsing log entries effectively.",0.8176795580110497,0.744,0.7085635359116023
2,"1. The wrongResult occurs because the model is failing to correctly identify and segment the key components in the log message, resulting in an incorrect parse result.
2. The wrongResult occurs because the model mistakenly combines different parts of the logContent into one template, resulting in duplication and incorrect parsing.
3. The wrongResult occurs because the model incorrectly generated a repetitive and nonsensical output instead of accurately parsing the log content.
4. The wrongResult occurs because the model failed to accurately parse the log content and instead provided a jumbled output of random information.
5. The wrongResult occurs because the model failed to accurately identify and replace the specific values in the log message with placeholders, resulting in repetitive and inaccurate parsing.
6. The wrongResult occurs because the model failed to properly parse the logContent into the correct log template, resulting in a mismatch between the expected and actual log message.
7. The wrongResult occurs because the model incorrectly inserted multiple repetitions of the logContent instead of properly parsing the log message.
8. The wrongResult occurs because the model repeated the log content and included irrelevant machine check DCR read timeouts.
9. The wrongResult occurs because the model is repeating the incorrect parsing of the logContent multiple times without properly identifying the key components in the log message.
10. The wrongResult occurs because the model incorrectly parsed the log content as part of a different template, resulting in irrelevant and repetitive information being extracted.
11. The wrongResult occurs because the model mistakenly repeated the log content multiple times and added irrelevant information about packet data and message codes.
12. The wrongResult occurs because the model incorrectly replaced specific values in the log message with placeholders, resulting in a mismatch with the actual logContent.
13. The wrongResult occurs because the model failed to identify the proper parsing pattern for the logContent, resulting in repetitive and inaccurate output.
14. The wrongResult occurs because the model failed to properly match the logContent to the correct template, resulting in a jumbled output with incorrect placeholders and irrelevant information.
15. The wrongResult occurs because the model mistakenly repeated the logContent multiple times and appended an error message at the end.
16. The wrongResult occurs because the model failed to correctly identify and extract the relevant information from the logContent, resulting in a messy and inaccurate output.",0.7651933701657458,0.6770428015564203,0.68646408839779
3,"The wrongResult occurs because the model failed to properly identify the specific values in the log message and instead inserted placeholders and additional irrelevant information.
The wrongResult occurs because the model incorrectly parsed the log content and inserted irrelevant information, resulting in a jumbled output.
The wrongResult occurs because the model misinterpreted the log message and extracted irrelevant information based on a different template.
The wrongResult occurs because the model incorrectly identified the structure of the log content and included irrelevant information in the parsing result.
The wrongResult occurs because the model failed to identify the common patterns and keywords in the log content, resulting in incorrect parsing of the information.
The wrongResult occurs because the model generated a detailed log entry unrelated to the original logContent, likely due to overfitting on specific patterns in the training data.
The wrongResult occurs because the model failed to recognize the structure and specific content of the log message, resulting in a generic output instead of a meaningful parsing.
The wrongResult occurs because the model failed to properly identify and parse the specific values in the log message, resulting in a repetitive and inaccurate output.
The wrongResult occurs because the model incorrectly attempted to parse specific values and placeholders in the log message without properly identifying the common patterns or keywords present.
The wrongResult occurs because the model failed to identify the correct pattern for parsing the log message, resulting in repeated and incorrect outputs.
The wrongResult occurs because the model incorrectly identified placeholders in the log message as actual values to be extracted, resulting in the incorrect parsing output.
The wrong result occurs because the model incorrectly attempted to parse the log content as a specific error code message, leading to the inaccurate output.
The wrongResult occurs because the model mistakenly repeated the logContent twice, resulting in duplication in the output.
The wrongResult occurs because the model incorrectly generated a template based on the log content without properly identifying the common patterns and information present in the log message.
The wrongResult occurs because the model mistakenly inserted additional log entries from a different log template, leading to incorrect parsing of the logContent.
The wrongResult occurs because the model is mistakenly trying to parse specific numerical values as placeholders rather than as actual data in the log content.",0.8011049723756906,0.7049808429118775,0.7237569060773481
3,"Based on the given examples, the process for parsing log templates from logs involves identifying common patterns in log messages such as keywords, specific values, and placeholders. The log messages and corresponding templates can then be used to create rules for extracting relevant information from new log entries. By analyzing various log examples and creating templates based on these patterns, language model assistants can improve their accuracy in parsing log entries effectively.",0.8176795580110497,0.744,0.7085635359116023
3,"The wrongResult occurs because the model failed to properly parse the log content and generate a relevant output, leading to a completely inaccurate and unrelated response.
Reason: The wrongResult occurs because the model mistakenly repeated the logContent multiple times and appended unrelated information at the end.

Reason for wrongResult: The language model mistakenly attempted to parse the log content as a code snippet or error message, resulting in an incorrect output.

WrongResult occurs because the model failed to accurately parse the log content and inserted irrelevant information in place of the actual values and context present in the log.

Reason: The wrongResult occurs because the model incorrectly identified the log message as a new IDO chip being inserted into the database instead of correctly parsing the log message for patterns and templates.

The wrongResult occurs because the model overfits to specific patterns in the log content that are not relevant to the overall message.

The wrongResult occurs because the model incorrectly repeated the same log message multiple times and added irrelevant information about packet data and message codes.

The wrongResult occurs because the model failed to properly parse the logContent and instead generated a generic error message that does not relate to the actual content of the log.

Reason: The wrongResult occurs because the model failed to accurately parse the logContent and instead generated random and irrelevant text.

The wrongResult occurs because the model incorrectly identified the pattern in the logContent as a message code and inserted it in the wrong places without the proper context.

The wrongResult occurs because the model mistakenly repeated the phrase ""guaranteed data cache block touch........1"" multiple times and added irrelevant text at the end.

The wrongResult occurs because the model failed to properly parse the logContent and instead generated random characters and numbers as placeholders for the actual log message content.

The wrongResult occurs because the model incorrectly duplicated the log content multiple times instead of parsing and interpreting the information correctly.

The wrongResult occurs because the model mistakenly inserted ""<*>"" in place of actual values in the log content, resulting in a mismatch between the expected and actual log message.",0.8743093922651933,0.823045267489712,0.7430939226519337
3,The process involves parsing log messages to identify patterns and create log templates that can be used to classify and categorize similar log messages. This helps other language model assistants improve their accuracy in understanding and responding to logs by matching them to predefined templates for better interpretation.,0.856353591160221,0.7791164658634538,0.7251381215469613
3,"The wrongResult occurs because the model did not properly identify and extract the key phrases and variables from the log message, resulting in a jumbled and inaccurate output.
Reason: The wrongResult includes multiple incorrect placeholders that do not accurately capture the variables in the log message, resulting in inaccurate parsing.

The wrongResult occurs because the model failed to properly identify and extract the key phrases and variables in the log message, resulting in placeholders being used instead of actual values.
Reason for wrongResult: The model failed to include the introductory sentence and context provided in the logContent, resulting in an incomplete and inaccurate parse result.

The wrongResult occurs because the model is incorrectly parsing the logContent as message codes and placeholders, instead of properly identifying key phrases and variables within the log message.
Reason: The wrongResult occurs because the model mistakenly included additional unrelated log messages in its parsing result.

The wrongResult occurs because the model failed to properly parse the logContent and generated irrelevant output based on incorrect patterns in the input data.
Reason: The wrongResult occurs because the model misinterpreted the log message content as part of the parse result, resulting in a jumbled and incorrect output.",0.8494475138121547,0.7839999999999999,0.7486187845303868
4,The process involves parsing log messages to identify patterns and create log templates that can be used to classify and categorize similar log messages. This helps other language model assistants improve their accuracy in understanding and responding to logs by matching them to predefined templates for better interpretation.,0.856353591160221,0.7791164658634538,0.7251381215469613
4,"The wrongResult occurs because the model failed to properly identify the specific values in the log message and instead inserted placeholders and additional irrelevant information.
The wrongResult occurs because the model incorrectly parsed the log content and inserted irrelevant information, resulting in a jumbled output.
The wrongResult occurs because the model misinterpreted the log message and extracted irrelevant information based on a different template.
The wrongResult occurs because the model incorrectly identified the structure of the log content and included irrelevant information in the parsing result.
The wrongResult occurs because the model failed to identify the common patterns and keywords in the log content, resulting in incorrect parsing of the information.
The wrongResult occurs because the model generated a detailed log entry unrelated to the original logContent, likely due to overfitting on specific patterns in the training data.
The wrongResult occurs because the model failed to recognize the structure and specific content of the log message, resulting in a generic output instead of a meaningful parsing.
The wrongResult occurs because the model failed to properly identify and parse the specific values in the log message, resulting in a repetitive and inaccurate output.
The wrongResult occurs because the model incorrectly attempted to parse specific values and placeholders in the log message without properly identifying the common patterns or keywords present.
The wrongResult occurs because the model failed to identify the correct pattern for parsing the log message, resulting in repeated and incorrect outputs.
The wrongResult occurs because the model incorrectly identified placeholders in the log message as actual values to be extracted, resulting in the incorrect parsing output.
The wrong result occurs because the model incorrectly attempted to parse the log content as a specific error code message, leading to the inaccurate output.
The wrongResult occurs because the model mistakenly repeated the logContent twice, resulting in duplication in the output.
The wrongResult occurs because the model incorrectly generated a template based on the log content without properly identifying the common patterns and information present in the log message.
The wrongResult occurs because the model mistakenly inserted additional log entries from a different log template, leading to incorrect parsing of the logContent.
The wrongResult occurs because the model is mistakenly trying to parse specific numerical values as placeholders rather than as actual data in the log content.",0.8466850828729282,0.7667984189723321,0.7209944751381215
4,"The wrongResult occurs because the model failed to properly parse the logContent and inserted unrelated and repetitive content instead.
The wrongResult occurs because the model incorrectly replaced specific values and information with placeholders and generated irrelevant additional information.
The wrongResult occurs because the model mistakenly interpreted the log content as a repeated pattern rather than a unique log message, leading to an incorrect parsing output.
The wrongResult occurs because the model mistakenly inserted ""<*>"" placeholders in place of actual numerical values, likely due to a misinterpretation of numeric data in the log content.
The wrongResult occurs because the model failed to properly parse and extract relevant information from the logContent, resulting in a generic output that does not match the context or content of the log.
The wrongResult occurs because the model incorrectly generated a long and repetitive log message containing irrelevant information, possibly due to overfitting to specific patterns in the input data.
The wrongResult occurs because the model failed to properly parse the log content and instead generated irrelevant output related to bad message headers.
The wrongResult occurs because the model generated a generic log message pattern instead of accurately parsing the specific log content provided.
The wrongResult occurs because the model mistakenly repeated the phrase ""guaranteed data cache block touch........1"" multiple times and added irrelevant text at the end.
The wrongResult occurs because the model appended extra log content and error messages unrelated to the original log message.
The wrongResult occurs because the model incorrectly added extra irrelevant information and misinterpreted the log content.
The wrongResult occurs because the model failed to accurately parse the log content and inserted unrelated information, resulting in a mismatch with the correct log template.
The wrongResult occurs because the model incorrectly interpreted the logContent as a message code instead of a log message template, and attempted to parse specific values within the logContent as message codes.
The wrongResult occurs due to the model mistakenly applying its parsing pattern to the log content, resulting in incorrect tokenization and extraction of information.
The wrongResult occurs because the model did not correctly parse and categorize the log content, leading to a repetitive and inaccurate output.",0.7651933701657458,0.676923076923077,0.6740331491712708
4,"The wrongResult occurs because the model failed to properly parse the log content and generate a relevant output, leading to a completely inaccurate and unrelated response.
Reason: The wrongResult occurs because the model mistakenly repeated the logContent multiple times and appended unrelated information at the end.

Reason for wrongResult: The language model mistakenly attempted to parse the log content as a code snippet or error message, resulting in an incorrect output.

WrongResult occurs because the model failed to accurately parse the log content and inserted irrelevant information in place of the actual values and context present in the log.

Reason: The wrongResult occurs because the model incorrectly identified the log message as a new IDO chip being inserted into the database instead of correctly parsing the log message for patterns and templates.

The wrongResult occurs because the model overfits to specific patterns in the log content that are not relevant to the overall message.

The wrongResult occurs because the model incorrectly repeated the same log message multiple times and added irrelevant information about packet data and message codes.

The wrongResult occurs because the model failed to properly parse the logContent and instead generated a generic error message that does not relate to the actual content of the log.

Reason: The wrongResult occurs because the model failed to accurately parse the logContent and instead generated random and irrelevant text.

The wrongResult occurs because the model incorrectly identified the pattern in the logContent as a message code and inserted it in the wrong places without the proper context.

The wrongResult occurs because the model mistakenly repeated the phrase ""guaranteed data cache block touch........1"" multiple times and added irrelevant text at the end.

The wrongResult occurs because the model failed to properly parse the logContent and instead generated random characters and numbers as placeholders for the actual log message content.

The wrongResult occurs because the model incorrectly duplicated the log content multiple times instead of parsing and interpreting the information correctly.

The wrongResult occurs because the model mistakenly inserted ""<*>"" in place of actual values in the log content, resulting in a mismatch between the expected and actual log message.",0.8743093922651933,0.823045267489712,0.7430939226519337
4,"The wrongResult occurs because the model did not properly identify and extract the key phrases and variables from the log message, resulting in a jumbled and inaccurate output.
Reason: The wrongResult includes multiple incorrect placeholders that do not accurately capture the variables in the log message, resulting in inaccurate parsing.

The wrongResult occurs because the model failed to properly identify and extract the key phrases and variables in the log message, resulting in placeholders being used instead of actual values.
Reason for wrongResult: The model failed to include the introductory sentence and context provided in the logContent, resulting in an incomplete and inaccurate parse result.

The wrongResult occurs because the model is incorrectly parsing the logContent as message codes and placeholders, instead of properly identifying key phrases and variables within the log message.
Reason: The wrongResult occurs because the model mistakenly included additional unrelated log messages in its parsing result.

The wrongResult occurs because the model failed to properly parse the logContent and generated irrelevant output based on incorrect patterns in the input data.
Reason: The wrongResult occurs because the model misinterpreted the log message content as part of the parse result, resulting in a jumbled and incorrect output.",0.8494475138121547,0.7839999999999999,0.7486187845303868
5,"The wrongResult occurs because the model failed to properly identify the specific values in the log message and instead inserted placeholders and additional irrelevant information.
The wrongResult occurs because the model incorrectly parsed the log content and inserted irrelevant information, resulting in a jumbled output.
The wrongResult occurs because the model misinterpreted the log message and extracted irrelevant information based on a different template.
The wrongResult occurs because the model incorrectly identified the structure of the log content and included irrelevant information in the parsing result.
The wrongResult occurs because the model failed to identify the common patterns and keywords in the log content, resulting in incorrect parsing of the information.
The wrongResult occurs because the model generated a detailed log entry unrelated to the original logContent, likely due to overfitting on specific patterns in the training data.
The wrongResult occurs because the model failed to recognize the structure and specific content of the log message, resulting in a generic output instead of a meaningful parsing.
The wrongResult occurs because the model failed to properly identify and parse the specific values in the log message, resulting in a repetitive and inaccurate output.
The wrongResult occurs because the model incorrectly attempted to parse specific values and placeholders in the log message without properly identifying the common patterns or keywords present.
The wrongResult occurs because the model failed to identify the correct pattern for parsing the log message, resulting in repeated and incorrect outputs.
The wrongResult occurs because the model incorrectly identified placeholders in the log message as actual values to be extracted, resulting in the incorrect parsing output.
The wrong result occurs because the model incorrectly attempted to parse the log content as a specific error code message, leading to the inaccurate output.
The wrongResult occurs because the model mistakenly repeated the logContent twice, resulting in duplication in the output.
The wrongResult occurs because the model incorrectly generated a template based on the log content without properly identifying the common patterns and information present in the log message.
The wrongResult occurs because the model mistakenly inserted additional log entries from a different log template, leading to incorrect parsing of the logContent.
The wrongResult occurs because the model is mistakenly trying to parse specific numerical values as placeholders rather than as actual data in the log content.",0.8466850828729282,0.7667984189723321,0.7209944751381215
5,"The wrongResult occurs because the model failed to properly parse the log content and generate a relevant output, leading to a completely inaccurate and unrelated response.
Reason: The wrongResult occurs because the model mistakenly repeated the logContent multiple times and appended unrelated information at the end.

Reason for wrongResult: The language model mistakenly attempted to parse the log content as a code snippet or error message, resulting in an incorrect output.

WrongResult occurs because the model failed to accurately parse the log content and inserted irrelevant information in place of the actual values and context present in the log.

Reason: The wrongResult occurs because the model incorrectly identified the log message as a new IDO chip being inserted into the database instead of correctly parsing the log message for patterns and templates.

The wrongResult occurs because the model overfits to specific patterns in the log content that are not relevant to the overall message.

The wrongResult occurs because the model incorrectly repeated the same log message multiple times and added irrelevant information about packet data and message codes.

The wrongResult occurs because the model failed to properly parse the logContent and instead generated a generic error message that does not relate to the actual content of the log.

Reason: The wrongResult occurs because the model failed to accurately parse the logContent and instead generated random and irrelevant text.

The wrongResult occurs because the model incorrectly identified the pattern in the logContent as a message code and inserted it in the wrong places without the proper context.

The wrongResult occurs because the model mistakenly repeated the phrase ""guaranteed data cache block touch........1"" multiple times and added irrelevant text at the end.

The wrongResult occurs because the model failed to properly parse the logContent and instead generated random characters and numbers as placeholders for the actual log message content.

The wrongResult occurs because the model incorrectly duplicated the log content multiple times instead of parsing and interpreting the information correctly.

The wrongResult occurs because the model mistakenly inserted ""<*>"" in place of actual values in the log content, resulting in a mismatch between the expected and actual log message.",0.8743093922651933,0.823045267489712,0.7430939226519337
5,"The wrongResult occurs because the model did not properly identify and extract the key phrases and variables from the log message, resulting in a jumbled and inaccurate output.
Reason: The wrongResult includes multiple incorrect placeholders that do not accurately capture the variables in the log message, resulting in inaccurate parsing.

The wrongResult occurs because the model failed to properly identify and extract the key phrases and variables in the log message, resulting in placeholders being used instead of actual values.
Reason for wrongResult: The model failed to include the introductory sentence and context provided in the logContent, resulting in an incomplete and inaccurate parse result.

The wrongResult occurs because the model is incorrectly parsing the logContent as message codes and placeholders, instead of properly identifying key phrases and variables within the log message.
Reason: The wrongResult occurs because the model mistakenly included additional unrelated log messages in its parsing result.

The wrongResult occurs because the model failed to properly parse the logContent and generated irrelevant output based on incorrect patterns in the input data.
Reason: The wrongResult occurs because the model misinterpreted the log message content as part of the parse result, resulting in a jumbled and incorrect output.",0.8494475138121547,0.7839999999999999,0.7486187845303868
5,The process involves parsing log messages to identify patterns and create log templates that can be used to classify and categorize similar log messages. This helps other language model assistants improve their accuracy in understanding and responding to logs by matching them to predefined templates for better interpretation.,0.856353591160221,0.7791164658634538,0.7251381215469613
5,"The wrongResult occurs because the model failed to properly parse the logContent and inserted unrelated and repetitive content instead.
The wrongResult occurs because the model incorrectly replaced specific values and information with placeholders and generated irrelevant additional information.
The wrongResult occurs because the model mistakenly interpreted the log content as a repeated pattern rather than a unique log message, leading to an incorrect parsing output.
The wrongResult occurs because the model mistakenly inserted ""<*>"" placeholders in place of actual numerical values, likely due to a misinterpretation of numeric data in the log content.
The wrongResult occurs because the model failed to properly parse and extract relevant information from the logContent, resulting in a generic output that does not match the context or content of the log.
The wrongResult occurs because the model incorrectly generated a long and repetitive log message containing irrelevant information, possibly due to overfitting to specific patterns in the input data.
The wrongResult occurs because the model failed to properly parse the log content and instead generated irrelevant output related to bad message headers.
The wrongResult occurs because the model generated a generic log message pattern instead of accurately parsing the specific log content provided.
The wrongResult occurs because the model mistakenly repeated the phrase ""guaranteed data cache block touch........1"" multiple times and added irrelevant text at the end.
The wrongResult occurs because the model appended extra log content and error messages unrelated to the original log message.
The wrongResult occurs because the model incorrectly added extra irrelevant information and misinterpreted the log content.
The wrongResult occurs because the model failed to accurately parse the log content and inserted unrelated information, resulting in a mismatch with the correct log template.
The wrongResult occurs because the model incorrectly interpreted the logContent as a message code instead of a log message template, and attempted to parse specific values within the logContent as message codes.
The wrongResult occurs due to the model mistakenly applying its parsing pattern to the log content, resulting in incorrect tokenization and extraction of information.
The wrongResult occurs because the model did not correctly parse and categorize the log content, leading to a repetitive and inaccurate output.",0.7859116022099447,0.7222222222222223,0.669889502762431
6,"The wrongResult occurs because the model failed to properly identify the specific values in the log message and instead inserted placeholders and additional irrelevant information.
The wrongResult occurs because the model incorrectly parsed the log content and inserted irrelevant information, resulting in a jumbled output.
The wrongResult occurs because the model misinterpreted the log message and extracted irrelevant information based on a different template.
The wrongResult occurs because the model incorrectly identified the structure of the log content and included irrelevant information in the parsing result.
The wrongResult occurs because the model failed to identify the common patterns and keywords in the log content, resulting in incorrect parsing of the information.
The wrongResult occurs because the model generated a detailed log entry unrelated to the original logContent, likely due to overfitting on specific patterns in the training data.
The wrongResult occurs because the model failed to recognize the structure and specific content of the log message, resulting in a generic output instead of a meaningful parsing.
The wrongResult occurs because the model failed to properly identify and parse the specific values in the log message, resulting in a repetitive and inaccurate output.
The wrongResult occurs because the model incorrectly attempted to parse specific values and placeholders in the log message without properly identifying the common patterns or keywords present.
The wrongResult occurs because the model failed to identify the correct pattern for parsing the log message, resulting in repeated and incorrect outputs.
The wrongResult occurs because the model incorrectly identified placeholders in the log message as actual values to be extracted, resulting in the incorrect parsing output.
The wrong result occurs because the model incorrectly attempted to parse the log content as a specific error code message, leading to the inaccurate output.
The wrongResult occurs because the model mistakenly repeated the logContent twice, resulting in duplication in the output.
The wrongResult occurs because the model incorrectly generated a template based on the log content without properly identifying the common patterns and information present in the log message.
The wrongResult occurs because the model mistakenly inserted additional log entries from a different log template, leading to incorrect parsing of the logContent.
The wrongResult occurs because the model is mistakenly trying to parse specific numerical values as placeholders rather than as actual data in the log content.",0.8466850828729282,0.7667984189723321,0.7209944751381215
6,"The wrongResult occurs because the model did not properly identify and extract the key phrases and variables from the log message, resulting in a jumbled and inaccurate output.
Reason: The wrongResult includes multiple incorrect placeholders that do not accurately capture the variables in the log message, resulting in inaccurate parsing.

The wrongResult occurs because the model failed to properly identify and extract the key phrases and variables in the log message, resulting in placeholders being used instead of actual values.
Reason for wrongResult: The model failed to include the introductory sentence and context provided in the logContent, resulting in an incomplete and inaccurate parse result.

The wrongResult occurs because the model is incorrectly parsing the logContent as message codes and placeholders, instead of properly identifying key phrases and variables within the log message.
Reason: The wrongResult occurs because the model mistakenly included additional unrelated log messages in its parsing result.

The wrongResult occurs because the model failed to properly parse the logContent and generated irrelevant output based on incorrect patterns in the input data.
Reason: The wrongResult occurs because the model misinterpreted the log message content as part of the parse result, resulting in a jumbled and incorrect output.",0.8494475138121547,0.7839999999999999,0.7486187845303868
6,"The wrongResult occurs because the model failed to properly parse the logContent and inserted unrelated and repetitive content instead.
The wrongResult occurs because the model incorrectly replaced specific values and information with placeholders and generated irrelevant additional information.
The wrongResult occurs because the model mistakenly interpreted the log content as a repeated pattern rather than a unique log message, leading to an incorrect parsing output.
The wrongResult occurs because the model mistakenly inserted ""<*>"" placeholders in place of actual numerical values, likely due to a misinterpretation of numeric data in the log content.
The wrongResult occurs because the model failed to properly parse and extract relevant information from the logContent, resulting in a generic output that does not match the context or content of the log.
The wrongResult occurs because the model incorrectly generated a long and repetitive log message containing irrelevant information, possibly due to overfitting to specific patterns in the input data.
The wrongResult occurs because the model failed to properly parse the log content and instead generated irrelevant output related to bad message headers.
The wrongResult occurs because the model generated a generic log message pattern instead of accurately parsing the specific log content provided.
The wrongResult occurs because the model mistakenly repeated the phrase ""guaranteed data cache block touch........1"" multiple times and added irrelevant text at the end.
The wrongResult occurs because the model appended extra log content and error messages unrelated to the original log message.
The wrongResult occurs because the model incorrectly added extra irrelevant information and misinterpreted the log content.
The wrongResult occurs because the model failed to accurately parse the log content and inserted unrelated information, resulting in a mismatch with the correct log template.
The wrongResult occurs because the model incorrectly interpreted the logContent as a message code instead of a log message template, and attempted to parse specific values within the logContent as message codes.
The wrongResult occurs due to the model mistakenly applying its parsing pattern to the log content, resulting in incorrect tokenization and extraction of information.
The wrongResult occurs because the model did not correctly parse and categorize the log content, leading to a repetitive and inaccurate output.",0.7859116022099447,0.7222222222222223,0.669889502762431
6,"The wrongResult occurs because the model failed to properly parse the log content and generate a relevant output, leading to a completely inaccurate and unrelated response.
Reason: The wrongResult occurs because the model mistakenly repeated the logContent multiple times and appended unrelated information at the end.

Reason for wrongResult: The language model mistakenly attempted to parse the log content as a code snippet or error message, resulting in an incorrect output.

WrongResult occurs because the model failed to accurately parse the log content and inserted irrelevant information in place of the actual values and context present in the log.

Reason: The wrongResult occurs because the model incorrectly identified the log message as a new IDO chip being inserted into the database instead of correctly parsing the log message for patterns and templates.

The wrongResult occurs because the model overfits to specific patterns in the log content that are not relevant to the overall message.

The wrongResult occurs because the model incorrectly repeated the same log message multiple times and added irrelevant information about packet data and message codes.

The wrongResult occurs because the model failed to properly parse the logContent and instead generated a generic error message that does not relate to the actual content of the log.

Reason: The wrongResult occurs because the model failed to accurately parse the logContent and instead generated random and irrelevant text.

The wrongResult occurs because the model incorrectly identified the pattern in the logContent as a message code and inserted it in the wrong places without the proper context.

The wrongResult occurs because the model mistakenly repeated the phrase ""guaranteed data cache block touch........1"" multiple times and added irrelevant text at the end.

The wrongResult occurs because the model failed to properly parse the logContent and instead generated random characters and numbers as placeholders for the actual log message content.

The wrongResult occurs because the model incorrectly duplicated the log content multiple times instead of parsing and interpreting the information correctly.

The wrongResult occurs because the model mistakenly inserted ""<*>"" in place of actual values in the log content, resulting in a mismatch between the expected and actual log message.",0.8743093922651933,0.823045267489712,0.7430939226519337
6,The process involves parsing log messages to identify patterns and create log templates that can be used to classify and categorize similar log messages. This helps other language model assistants improve their accuracy in understanding and responding to logs by matching them to predefined templates for better interpretation.,0.856353591160221,0.7791164658634538,0.7251381215469613
7,"Reason for wrongResult: The model failed to properly parse the log content and instead inserted placeholder symbols and incorrect additional information.
Reason for wrongResult: The model mistakenly repeated the log content multiple times and added a random error message at the end.
Reason for wrongResult: The model mistakenly inserted placeholders for values such as dcr and seconds, which disrupted the original log message structure.
Reason for wrongResult: The model incorrectly generated additional log messages with irrelevant information and invalid message headers.
Reason for wrongResult: The model failed to properly parse the log content and instead generated a generic template with placeholders, likely due to the lack of context and understanding of the log message structure.
Reason for wrongResult: The model incorrectly identified the key and value pairs in the logContent and treated the values as message codes.
Reason for wrongResult: The model is incorrectly trying to parse specific data elements within the log message without recognizing the overall pattern and context of the message.
Reason for wrongResult: The model has misinterpreted the logContent and provided irrelevant information about data store interrupts and critical input interrupts, which are not relevant to the original logContent.
Reason for wrongResult: The model incorrectly replaced specific values and information in the log message with placeholders and irrelevant information, leading to a distorted and inaccurate interpretation.",0.8425414364640884,0.7203065134099618,0.7458563535911602
7,The process involves parsing log messages to identify patterns and create log templates that can be used to classify and categorize similar log messages. This helps other language model assistants improve their accuracy in understanding and responding to logs by matching them to predefined templates for better interpretation.,0.856353591160221,0.7791164658634538,0.7251381215469613
7,"The wrongResult occurs because the model failed to properly identify the specific values in the log message and instead inserted placeholders and additional irrelevant information.
The wrongResult occurs because the model incorrectly parsed the log content and inserted irrelevant information, resulting in a jumbled output.
The wrongResult occurs because the model misinterpreted the log message and extracted irrelevant information based on a different template.
The wrongResult occurs because the model incorrectly identified the structure of the log content and included irrelevant information in the parsing result.
The wrongResult occurs because the model failed to identify the common patterns and keywords in the log content, resulting in incorrect parsing of the information.
The wrongResult occurs because the model generated a detailed log entry unrelated to the original logContent, likely due to overfitting on specific patterns in the training data.
The wrongResult occurs because the model failed to recognize the structure and specific content of the log message, resulting in a generic output instead of a meaningful parsing.
The wrongResult occurs because the model failed to properly identify and parse the specific values in the log message, resulting in a repetitive and inaccurate output.
The wrongResult occurs because the model incorrectly attempted to parse specific values and placeholders in the log message without properly identifying the common patterns or keywords present.
The wrongResult occurs because the model failed to identify the correct pattern for parsing the log message, resulting in repeated and incorrect outputs.
The wrongResult occurs because the model incorrectly identified placeholders in the log message as actual values to be extracted, resulting in the incorrect parsing output.
The wrong result occurs because the model incorrectly attempted to parse the log content as a specific error code message, leading to the inaccurate output.
The wrongResult occurs because the model mistakenly repeated the logContent twice, resulting in duplication in the output.
The wrongResult occurs because the model incorrectly generated a template based on the log content without properly identifying the common patterns and information present in the log message.
The wrongResult occurs because the model mistakenly inserted additional log entries from a different log template, leading to incorrect parsing of the logContent.
The wrongResult occurs because the model is mistakenly trying to parse specific numerical values as placeholders rather than as actual data in the log content.",0.8466850828729282,0.7667984189723321,0.7209944751381215
7,"The wrongResult occurs because the model failed to properly parse the log content and generate a relevant output, leading to a completely inaccurate and unrelated response.
Reason: The wrongResult occurs because the model mistakenly repeated the logContent multiple times and appended unrelated information at the end.

Reason for wrongResult: The language model mistakenly attempted to parse the log content as a code snippet or error message, resulting in an incorrect output.

WrongResult occurs because the model failed to accurately parse the log content and inserted irrelevant information in place of the actual values and context present in the log.

Reason: The wrongResult occurs because the model incorrectly identified the log message as a new IDO chip being inserted into the database instead of correctly parsing the log message for patterns and templates.

The wrongResult occurs because the model overfits to specific patterns in the log content that are not relevant to the overall message.

The wrongResult occurs because the model incorrectly repeated the same log message multiple times and added irrelevant information about packet data and message codes.

The wrongResult occurs because the model failed to properly parse the logContent and instead generated a generic error message that does not relate to the actual content of the log.

Reason: The wrongResult occurs because the model failed to accurately parse the logContent and instead generated random and irrelevant text.

The wrongResult occurs because the model incorrectly identified the pattern in the logContent as a message code and inserted it in the wrong places without the proper context.

The wrongResult occurs because the model mistakenly repeated the phrase ""guaranteed data cache block touch........1"" multiple times and added irrelevant text at the end.

The wrongResult occurs because the model failed to properly parse the logContent and instead generated random characters and numbers as placeholders for the actual log message content.

The wrongResult occurs because the model incorrectly duplicated the log content multiple times instead of parsing and interpreting the information correctly.

The wrongResult occurs because the model mistakenly inserted ""<*>"" in place of actual values in the log content, resulting in a mismatch between the expected and actual log message.",0.8743093922651933,0.823045267489712,0.7430939226519337
7,"The wrongResult occurs because the model did not properly identify and extract the key phrases and variables from the log message, resulting in a jumbled and inaccurate output.
Reason: The wrongResult includes multiple incorrect placeholders that do not accurately capture the variables in the log message, resulting in inaccurate parsing.

The wrongResult occurs because the model failed to properly identify and extract the key phrases and variables in the log message, resulting in placeholders being used instead of actual values.
Reason for wrongResult: The model failed to include the introductory sentence and context provided in the logContent, resulting in an incomplete and inaccurate parse result.

The wrongResult occurs because the model is incorrectly parsing the logContent as message codes and placeholders, instead of properly identifying key phrases and variables within the log message.
Reason: The wrongResult occurs because the model mistakenly included additional unrelated log messages in its parsing result.

The wrongResult occurs because the model failed to properly parse the logContent and generated irrelevant output based on incorrect patterns in the input data.
Reason: The wrongResult occurs because the model misinterpreted the log message content as part of the parse result, resulting in a jumbled and incorrect output.",0.8494475138121547,0.7839999999999999,0.7486187845303868
8,"Reason for wrongResult: The model failed to properly parse the log content and instead inserted placeholder symbols and incorrect additional information.
Reason for wrongResult: The model mistakenly repeated the log content multiple times and added a random error message at the end.
Reason for wrongResult: The model mistakenly inserted placeholders for values such as dcr and seconds, which disrupted the original log message structure.
Reason for wrongResult: The model incorrectly generated additional log messages with irrelevant information and invalid message headers.
Reason for wrongResult: The model failed to properly parse the log content and instead generated a generic template with placeholders, likely due to the lack of context and understanding of the log message structure.
Reason for wrongResult: The model incorrectly identified the key and value pairs in the logContent and treated the values as message codes.
Reason for wrongResult: The model is incorrectly trying to parse specific data elements within the log message without recognizing the overall pattern and context of the message.
Reason for wrongResult: The model has misinterpreted the logContent and provided irrelevant information about data store interrupts and critical input interrupts, which are not relevant to the original logContent.
Reason for wrongResult: The model incorrectly replaced specific values and information in the log message with placeholders and irrelevant information, leading to a distorted and inaccurate interpretation.",0.861878453038674,0.774703557312253,0.7472375690607734
8,"The wrongResult occurs because the model did not properly identify and extract the key phrases and variables from the log message, resulting in a jumbled and inaccurate output.
Reason: The wrongResult includes multiple incorrect placeholders that do not accurately capture the variables in the log message, resulting in inaccurate parsing.

The wrongResult occurs because the model failed to properly identify and extract the key phrases and variables in the log message, resulting in placeholders being used instead of actual values.
Reason for wrongResult: The model failed to include the introductory sentence and context provided in the logContent, resulting in an incomplete and inaccurate parse result.

The wrongResult occurs because the model is incorrectly parsing the logContent as message codes and placeholders, instead of properly identifying key phrases and variables within the log message.
Reason: The wrongResult occurs because the model mistakenly included additional unrelated log messages in its parsing result.

The wrongResult occurs because the model failed to properly parse the logContent and generated irrelevant output based on incorrect patterns in the input data.
Reason: The wrongResult occurs because the model misinterpreted the log message content as part of the parse result, resulting in a jumbled and incorrect output.",0.8494475138121547,0.7839999999999999,0.7486187845303868
8,"The wrongResult occurs because the model failed to properly identify the specific values in the log message and instead inserted placeholders and additional irrelevant information.
The wrongResult occurs because the model incorrectly parsed the log content and inserted irrelevant information, resulting in a jumbled output.
The wrongResult occurs because the model misinterpreted the log message and extracted irrelevant information based on a different template.
The wrongResult occurs because the model incorrectly identified the structure of the log content and included irrelevant information in the parsing result.
The wrongResult occurs because the model failed to identify the common patterns and keywords in the log content, resulting in incorrect parsing of the information.
The wrongResult occurs because the model generated a detailed log entry unrelated to the original logContent, likely due to overfitting on specific patterns in the training data.
The wrongResult occurs because the model failed to recognize the structure and specific content of the log message, resulting in a generic output instead of a meaningful parsing.
The wrongResult occurs because the model failed to properly identify and parse the specific values in the log message, resulting in a repetitive and inaccurate output.
The wrongResult occurs because the model incorrectly attempted to parse specific values and placeholders in the log message without properly identifying the common patterns or keywords present.
The wrongResult occurs because the model failed to identify the correct pattern for parsing the log message, resulting in repeated and incorrect outputs.
The wrongResult occurs because the model incorrectly identified placeholders in the log message as actual values to be extracted, resulting in the incorrect parsing output.
The wrong result occurs because the model incorrectly attempted to parse the log content as a specific error code message, leading to the inaccurate output.
The wrongResult occurs because the model mistakenly repeated the logContent twice, resulting in duplication in the output.
The wrongResult occurs because the model incorrectly generated a template based on the log content without properly identifying the common patterns and information present in the log message.
The wrongResult occurs because the model mistakenly inserted additional log entries from a different log template, leading to incorrect parsing of the logContent.
The wrongResult occurs because the model is mistakenly trying to parse specific numerical values as placeholders rather than as actual data in the log content.",0.8466850828729282,0.7667984189723321,0.7209944751381215
8,"The wrongResult occurs because the model failed to properly parse the log content and generate a relevant output, leading to a completely inaccurate and unrelated response.
Reason: The wrongResult occurs because the model mistakenly repeated the logContent multiple times and appended unrelated information at the end.

Reason for wrongResult: The language model mistakenly attempted to parse the log content as a code snippet or error message, resulting in an incorrect output.

WrongResult occurs because the model failed to accurately parse the log content and inserted irrelevant information in place of the actual values and context present in the log.

Reason: The wrongResult occurs because the model incorrectly identified the log message as a new IDO chip being inserted into the database instead of correctly parsing the log message for patterns and templates.

The wrongResult occurs because the model overfits to specific patterns in the log content that are not relevant to the overall message.

The wrongResult occurs because the model incorrectly repeated the same log message multiple times and added irrelevant information about packet data and message codes.

The wrongResult occurs because the model failed to properly parse the logContent and instead generated a generic error message that does not relate to the actual content of the log.

Reason: The wrongResult occurs because the model failed to accurately parse the logContent and instead generated random and irrelevant text.

The wrongResult occurs because the model incorrectly identified the pattern in the logContent as a message code and inserted it in the wrong places without the proper context.

The wrongResult occurs because the model mistakenly repeated the phrase ""guaranteed data cache block touch........1"" multiple times and added irrelevant text at the end.

The wrongResult occurs because the model failed to properly parse the logContent and instead generated random characters and numbers as placeholders for the actual log message content.

The wrongResult occurs because the model incorrectly duplicated the log content multiple times instead of parsing and interpreting the information correctly.

The wrongResult occurs because the model mistakenly inserted ""<*>"" in place of actual values in the log content, resulting in a mismatch between the expected and actual log message.",0.8743093922651933,0.823045267489712,0.7430939226519337
8,The process involves parsing log messages to identify patterns and create log templates that can be used to classify and categorize similar log messages. This helps other language model assistants improve their accuracy in understanding and responding to logs by matching them to predefined templates for better interpretation.,0.856353591160221,0.7791164658634538,0.7251381215469613
9,The process involves parsing log messages to identify patterns and create log templates that can be used to classify and categorize similar log messages. This helps other language model assistants improve their accuracy in understanding and responding to logs by matching them to predefined templates for better interpretation.,0.856353591160221,0.7791164658634538,0.7251381215469613
9,"The wrongResult occurs because the model failed to properly parse the log content and generate a relevant output, leading to a completely inaccurate and unrelated response.
Reason: The wrongResult occurs because the model mistakenly repeated the logContent multiple times and appended unrelated information at the end.

Reason for wrongResult: The language model mistakenly attempted to parse the log content as a code snippet or error message, resulting in an incorrect output.

WrongResult occurs because the model failed to accurately parse the log content and inserted irrelevant information in place of the actual values and context present in the log.

Reason: The wrongResult occurs because the model incorrectly identified the log message as a new IDO chip being inserted into the database instead of correctly parsing the log message for patterns and templates.

The wrongResult occurs because the model overfits to specific patterns in the log content that are not relevant to the overall message.

The wrongResult occurs because the model incorrectly repeated the same log message multiple times and added irrelevant information about packet data and message codes.

The wrongResult occurs because the model failed to properly parse the logContent and instead generated a generic error message that does not relate to the actual content of the log.

Reason: The wrongResult occurs because the model failed to accurately parse the logContent and instead generated random and irrelevant text.

The wrongResult occurs because the model incorrectly identified the pattern in the logContent as a message code and inserted it in the wrong places without the proper context.

The wrongResult occurs because the model mistakenly repeated the phrase ""guaranteed data cache block touch........1"" multiple times and added irrelevant text at the end.

The wrongResult occurs because the model failed to properly parse the logContent and instead generated random characters and numbers as placeholders for the actual log message content.

The wrongResult occurs because the model incorrectly duplicated the log content multiple times instead of parsing and interpreting the information correctly.

The wrongResult occurs because the model mistakenly inserted ""<*>"" in place of actual values in the log content, resulting in a mismatch between the expected and actual log message.",0.8743093922651933,0.823045267489712,0.7430939226519337
9,"The wrongResult occurs because the model failed to properly identify the specific values in the log message and instead inserted placeholders and additional irrelevant information.
The wrongResult occurs because the model incorrectly parsed the log content and inserted irrelevant information, resulting in a jumbled output.
The wrongResult occurs because the model misinterpreted the log message and extracted irrelevant information based on a different template.
The wrongResult occurs because the model incorrectly identified the structure of the log content and included irrelevant information in the parsing result.
The wrongResult occurs because the model failed to identify the common patterns and keywords in the log content, resulting in incorrect parsing of the information.
The wrongResult occurs because the model generated a detailed log entry unrelated to the original logContent, likely due to overfitting on specific patterns in the training data.
The wrongResult occurs because the model failed to recognize the structure and specific content of the log message, resulting in a generic output instead of a meaningful parsing.
The wrongResult occurs because the model failed to properly identify and parse the specific values in the log message, resulting in a repetitive and inaccurate output.
The wrongResult occurs because the model incorrectly attempted to parse specific values and placeholders in the log message without properly identifying the common patterns or keywords present.
The wrongResult occurs because the model failed to identify the correct pattern for parsing the log message, resulting in repeated and incorrect outputs.
The wrongResult occurs because the model incorrectly identified placeholders in the log message as actual values to be extracted, resulting in the incorrect parsing output.
The wrong result occurs because the model incorrectly attempted to parse the log content as a specific error code message, leading to the inaccurate output.
The wrongResult occurs because the model mistakenly repeated the logContent twice, resulting in duplication in the output.
The wrongResult occurs because the model incorrectly generated a template based on the log content without properly identifying the common patterns and information present in the log message.
The wrongResult occurs because the model mistakenly inserted additional log entries from a different log template, leading to incorrect parsing of the logContent.
The wrongResult occurs because the model is mistakenly trying to parse specific numerical values as placeholders rather than as actual data in the log content.",0.8466850828729282,0.7667984189723321,0.7209944751381215
9,"Reason for wrongResult: The model failed to properly parse the log content and instead inserted placeholder symbols and incorrect additional information.
Reason for wrongResult: The model mistakenly repeated the log content multiple times and added a random error message at the end.
Reason for wrongResult: The model mistakenly inserted placeholders for values such as dcr and seconds, which disrupted the original log message structure.
Reason for wrongResult: The model incorrectly generated additional log messages with irrelevant information and invalid message headers.
Reason for wrongResult: The model failed to properly parse the log content and instead generated a generic template with placeholders, likely due to the lack of context and understanding of the log message structure.
Reason for wrongResult: The model incorrectly identified the key and value pairs in the logContent and treated the values as message codes.
Reason for wrongResult: The model is incorrectly trying to parse specific data elements within the log message without recognizing the overall pattern and context of the message.
Reason for wrongResult: The model has misinterpreted the logContent and provided irrelevant information about data store interrupts and critical input interrupts, which are not relevant to the original logContent.
Reason for wrongResult: The model incorrectly replaced specific values and information in the log message with placeholders and irrelevant information, leading to a distorted and inaccurate interpretation.",0.861878453038674,0.774703557312253,0.7472375690607734
9,"The wrongResult occurs because the model did not properly identify and extract the key phrases and variables from the log message, resulting in a jumbled and inaccurate output.
Reason: The wrongResult includes multiple incorrect placeholders that do not accurately capture the variables in the log message, resulting in inaccurate parsing.

The wrongResult occurs because the model failed to properly identify and extract the key phrases and variables in the log message, resulting in placeholders being used instead of actual values.
Reason for wrongResult: The model failed to include the introductory sentence and context provided in the logContent, resulting in an incomplete and inaccurate parse result.

The wrongResult occurs because the model is incorrectly parsing the logContent as message codes and placeholders, instead of properly identifying key phrases and variables within the log message.
Reason: The wrongResult occurs because the model mistakenly included additional unrelated log messages in its parsing result.

The wrongResult occurs because the model failed to properly parse the logContent and generated irrelevant output based on incorrect patterns in the input data.
Reason: The wrongResult occurs because the model misinterpreted the log message content as part of the parse result, resulting in a jumbled and incorrect output.",0.8494475138121547,0.7839999999999999,0.7486187845303868
10,"Reason for wrongResult: The model failed to properly parse the log content and instead inserted placeholder symbols and incorrect additional information.
Reason for wrongResult: The model mistakenly repeated the log content multiple times and added a random error message at the end.
Reason for wrongResult: The model mistakenly inserted placeholders for values such as dcr and seconds, which disrupted the original log message structure.
Reason for wrongResult: The model incorrectly generated additional log messages with irrelevant information and invalid message headers.
Reason for wrongResult: The model failed to properly parse the log content and instead generated a generic template with placeholders, likely due to the lack of context and understanding of the log message structure.
Reason for wrongResult: The model incorrectly identified the key and value pairs in the logContent and treated the values as message codes.
Reason for wrongResult: The model is incorrectly trying to parse specific data elements within the log message without recognizing the overall pattern and context of the message.
Reason for wrongResult: The model has misinterpreted the logContent and provided irrelevant information about data store interrupts and critical input interrupts, which are not relevant to the original logContent.
Reason for wrongResult: The model incorrectly replaced specific values and information in the log message with placeholders and irrelevant information, leading to a distorted and inaccurate interpretation.",0.861878453038674,0.774703557312253,0.7472375690607734
10,"The wrongResult occurs because the model failed to properly identify the specific values in the log message and instead inserted placeholders and additional irrelevant information.
The wrongResult occurs because the model incorrectly parsed the log content and inserted irrelevant information, resulting in a jumbled output.
The wrongResult occurs because the model misinterpreted the log message and extracted irrelevant information based on a different template.
The wrongResult occurs because the model incorrectly identified the structure of the log content and included irrelevant information in the parsing result.
The wrongResult occurs because the model failed to identify the common patterns and keywords in the log content, resulting in incorrect parsing of the information.
The wrongResult occurs because the model generated a detailed log entry unrelated to the original logContent, likely due to overfitting on specific patterns in the training data.
The wrongResult occurs because the model failed to recognize the structure and specific content of the log message, resulting in a generic output instead of a meaningful parsing.
The wrongResult occurs because the model failed to properly identify and parse the specific values in the log message, resulting in a repetitive and inaccurate output.
The wrongResult occurs because the model incorrectly attempted to parse specific values and placeholders in the log message without properly identifying the common patterns or keywords present.
The wrongResult occurs because the model failed to identify the correct pattern for parsing the log message, resulting in repeated and incorrect outputs.
The wrongResult occurs because the model incorrectly identified placeholders in the log message as actual values to be extracted, resulting in the incorrect parsing output.
The wrong result occurs because the model incorrectly attempted to parse the log content as a specific error code message, leading to the inaccurate output.
The wrongResult occurs because the model mistakenly repeated the logContent twice, resulting in duplication in the output.
The wrongResult occurs because the model incorrectly generated a template based on the log content without properly identifying the common patterns and information present in the log message.
The wrongResult occurs because the model mistakenly inserted additional log entries from a different log template, leading to incorrect parsing of the logContent.
The wrongResult occurs because the model is mistakenly trying to parse specific numerical values as placeholders rather than as actual data in the log content.",0.8466850828729282,0.7667984189723321,0.7209944751381215
10,The process involves parsing log messages to identify patterns and create log templates that can be used to classify and categorize similar log messages. This helps other language model assistants improve their accuracy in understanding and responding to logs by matching them to predefined templates for better interpretation.,0.856353591160221,0.7791164658634538,0.7251381215469613
10,"The wrongResult occurs because the model did not properly identify and extract the key phrases and variables from the log message, resulting in a jumbled and inaccurate output.
Reason: The wrongResult includes multiple incorrect placeholders that do not accurately capture the variables in the log message, resulting in inaccurate parsing.

The wrongResult occurs because the model failed to properly identify and extract the key phrases and variables in the log message, resulting in placeholders being used instead of actual values.
Reason for wrongResult: The model failed to include the introductory sentence and context provided in the logContent, resulting in an incomplete and inaccurate parse result.

The wrongResult occurs because the model is incorrectly parsing the logContent as message codes and placeholders, instead of properly identifying key phrases and variables within the log message.
Reason: The wrongResult occurs because the model mistakenly included additional unrelated log messages in its parsing result.

The wrongResult occurs because the model failed to properly parse the logContent and generated irrelevant output based on incorrect patterns in the input data.
Reason: The wrongResult occurs because the model misinterpreted the log message content as part of the parse result, resulting in a jumbled and incorrect output.",0.8494475138121547,0.7839999999999999,0.7486187845303868
10,"The wrongResult occurs because the model failed to properly parse the log content and generate a relevant output, leading to a completely inaccurate and unrelated response.
Reason: The wrongResult occurs because the model mistakenly repeated the logContent multiple times and appended unrelated information at the end.

Reason for wrongResult: The language model mistakenly attempted to parse the log content as a code snippet or error message, resulting in an incorrect output.

WrongResult occurs because the model failed to accurately parse the log content and inserted irrelevant information in place of the actual values and context present in the log.

Reason: The wrongResult occurs because the model incorrectly identified the log message as a new IDO chip being inserted into the database instead of correctly parsing the log message for patterns and templates.

The wrongResult occurs because the model overfits to specific patterns in the log content that are not relevant to the overall message.

The wrongResult occurs because the model incorrectly repeated the same log message multiple times and added irrelevant information about packet data and message codes.

The wrongResult occurs because the model failed to properly parse the logContent and instead generated a generic error message that does not relate to the actual content of the log.

Reason: The wrongResult occurs because the model failed to accurately parse the logContent and instead generated random and irrelevant text.

The wrongResult occurs because the model incorrectly identified the pattern in the logContent as a message code and inserted it in the wrong places without the proper context.

The wrongResult occurs because the model mistakenly repeated the phrase ""guaranteed data cache block touch........1"" multiple times and added irrelevant text at the end.

The wrongResult occurs because the model failed to properly parse the logContent and instead generated random characters and numbers as placeholders for the actual log message content.

The wrongResult occurs because the model incorrectly duplicated the log content multiple times instead of parsing and interpreting the information correctly.

The wrongResult occurs because the model mistakenly inserted ""<*>"" in place of actual values in the log content, resulting in a mismatch between the expected and actual log message.",0.8743093922651933,0.823045267489712,0.7430939226519337
