刘遵,梁书,《 梁书 · 刘遵 传 》 ： “ 大同 元年 ， 卒 官 。,NAN
蒋介石,俞鸿钧,中方 代表 上海 市长 俞鸿钧 秉奉 蒋介石 之命 ， 严辞 拒绝 。,NAN
司马徽,刘备,: 刘备 在 荆州 ， 向 襄阳 人 司马徽 询访 人才 。,NAN
杜德智,杜德伟,杜德智 ， 歌手 ， 出 生于 香港 ， 是 香港艺人 杜德伟 的 哥哥 。,NAN
周勇,朱彦鹏,"李 海珠 , 朱彦鹏 , 周勇 . 框架 锚杆 支挡 结构 计算方法 及 工程 实践 [ J ] . 甘肃 科学 学报 , 2007 , 19 ( 2 ) : 151 - 154 .",NAN
朱元璋,韩柏,风行 烈 设计 令 韩柏 与 朱元璋 扯 上 关系 ， 令 武林 及 明室 岌岌可危 。,NAN
郑周永,郑梦宪,玄贞恩 1976 年 与 郑周永 的 五子 郑梦宪 结为 连理 ， 后育 有 两女 一子 。,NAN
冯牧,庄重文,曾 获 冯牧 文学奖 、 庄重文 文学奖 、 首届 女性 文学 成就奖 。,NAN
张柏芝,张曼玉,喜欢 的 明星 ： 奥黛丽 · 赫本 、 张曼玉 、 张柏芝,NAN
侯景,王伟,侯景 恐怕 西州 （ 建康 城西 ） 道路 被 切断 ， 率侯子 鉴 等 在 石头城 东北 修筑 五城 ， 以 大将 王伟 守 台城 。,NAN
杨国忠,幸华,据 《 旧唐书 · 杨国忠 传 》 说 ： “ 玄宗 每年 冬 十月 幸华 清宫 ， 常经冬 还 宫 。,NAN
汪峰,蔡正东,《 蔡正东 布鲁斯 吉他 教程 》 蔡正东 吉他 作品 : 《 花火 》 演唱 ： 汪峰,NAN
艾玛,苏雷,艾玛 · 苏雷 兹 / EmmaSu á rez,NAN
瞿通,瞿能,瞿通 、 瞿能 、 瞿郁 ( 或 瞿 良才 、 瞿大芳 ) 一门 三代 为 大 明朝 尽忠 尽烈 。,NAN
杨雨,陆游,杨雨 ： 侠骨 柔情 陆放翁 ； 纳兰 心事 有 谁知 ； 端午 时节 话 屈原 （ 第一部 、 第二部 ） ； 中国 故事 爱国 篇 之 《 陆游 》 ； 诗歌 爱情,NAN
郭俊卿,花木兰,2006 年 ， 陕西 日报 发表文章 称 郭俊卿 为 ： “ 屡建奇功 的 “ 现代 花木兰 ” ！,NAN
范晓萱,李泉,《 我要 我们 在 一起 》 ， 是 由 李泉 作词 兼 作曲 ， 范晓萱 原唱 的 歌曲 。,NAN
孟庆,牛欣,C语言 程序设计 上机 指导 与 习题 解答 百科 名片 : 作 / 译者 ： 孟庆 昌 牛欣 源 出版社 ： 人民邮电出版社,NAN
刘子顼,鲍照,孝武 帝大明 五年 ， 临海 王 刘子顼 镇 荆州 时 ， 任 鲍照 前 军 参军 。,NAN
方遒,毛泽东,开国 之 父 毛泽东 说得好 ： “ 恰 同学 少年 ， 风华正茂 ， 书生 意气 ， 挥斥 方遒 ” ， “ 指点江山 ， 激昂 之字 ， 粪土 当年 万户侯 。 ”,NAN
吴起,魏武侯,有 一次 ， 魏武侯 和 吴起 坐船 顺 西河 而 下 ， 看着 两岸 壮观 的 景色 ， 武侯 对 吴起 说 ： “ 好 啊 !,NAN
胡奎,罗灿,罗 有子 罗灿 、 罗 焜 、 皆 文武双全 ， 与 莽汉 胡奎 结为 知交 。,NAN
蒙骜,蒙武,出身 于 一个 世代 名将 之 家 ， 祖父 蒙骜 、 父亲 蒙武 均 为 秦国 名将 。,NAN
鲁斯,巴雷,通常 都 会 和 同属 家族 中 另外 一种 彩绘 锥尾 鹦鹉 一起 定时 前往 前往 巴雷 鲁斯 （ barreiros ） 区 进食 蕴含 丰富 矿物质 的 泥土 。,NAN
黄鉴,王晴川,女神 捕 铁证 : 女神 捕演职 信息 : 编剧 ： 黄鉴 、 王晴川,NAN
张光晟,李晟,李晟 每次 举行宴会 ， 都 邀 张光晟 出席 ， 待 如 上宾 。,NAN
陶泓,毛颖,留伴 陶泓 共新浴 ， 要令 毛颖 沃 清香 。,NAN
苏鲁,于学忠,他 把 国民党 苏鲁 战区 司令 于学忠 赶 出 山东 。,NAN
孔子,蒙培元,蒙培元 讲 孔子 第五 讲 德治 学说 : 一修 已 以安 百姓,NAN
张廷壁,方孝孺,明 · 方孝孺 《 答 张廷壁 书 》 ： “ 然仆昧陋 无识 ， 岂足知 可否 之 所在 邪 ？ ”,NAN
陆贞,高湛,书中 的 爱情 也 荡气回肠 — — 陆贞 和 高湛 面临 种种 波折 依旧 执着 携手 ， 拆穿 波谲 云 诡 的 阴谋 ， 共渡 风风雨雨 。,人物关系/亲属关系/配偶/丈夫/现夫
包惜弱,杨铁心,杨铁心 和 包惜弱 又 会 如何 ?,人物关系/亲属关系/配偶/丈夫/现夫
穆桂英,杨宗保,1995 年 6 月 回团 后 ， 作为 骨干力量 的 我 配合 团里 的 任务 主演 大戏 《 穆桂英 与 杨宗保 》 ， 在 剧中 我 饰演 杨宗保 。,人物关系/亲属关系/配偶/丈夫/现夫
万玉枝,高咏,后来 紫萱 运用 苗家 秘法 为 高咏 解毒 ， 万玉枝 十分 感激 ， 将 土系 仙术 书 和 土灵珠 交给 紫萱 一行 人 作为 答谢 。,人物关系/亲属关系/配偶/丈夫/现夫
黄峨,杨慎,后来 ， 黄峨 闻知 杨慎 在 云南 病故 ， 年过花甲 的 她 千里 奔丧 ， 到 泸州 迎得 灵柩 返回 归葬 ， 并 携 庶出 孤儿 归于 故里 。,人物关系/亲属关系/配偶/丈夫/现夫
鲁元公主,张敖,汉惠帝 刘盈 就是 她 和 刘邦 的 儿子 ， 还有 一个 孩子 就是 鲁元公主 ， 她 嫁给 了 软弱 却 孝顺 的 张敖 。,人物关系/亲属关系/配偶/丈夫/现夫
朱七七,沈浪,朱七七 处处 讨好 沈浪 ， 在 交往 之中 ， 七七 发现自己 真正 地爱上 了 沈浪 。,人物关系/亲属关系/配偶/丈夫/现夫
尤氏,贾珍,“ 尤氏 也 不便 听 ， 只命 锁 着 ， 等 贾珍 来 发放 。 ”,人物关系/亲属关系/配偶/丈夫/现夫
阎婆惜,宋江,事 被 阎婆惜 发觉 ， 就 以此 威胁 宋江 ， 反 被 宋江 杀死 ， 宋江遂 逃往 梁山泊 入草 。,人物关系/亲属关系/配偶/丈夫/现夫
潘金莲,武大郎,其中 《 五花 洞 》 由 陈宝亮 饰 武大郎 、 赵玉 菁饰 潘金莲 ， 秦慧芬 、 马述 贤 、 章遏云 、 戴绮霞 饰假 潘金莲 。,人物关系/亲属关系/配偶/丈夫/现夫
毛福梅,蒋介石,毛福梅 在 新婚之夜 闹 了 个 洞房 空守 ， 对 蒋介石 怨 一阵 ， 恨 一阵 ， 到头来 还是 谅解 了 他 。,人物关系/亲属关系/配偶/丈夫/现夫
何泽慧,钱三强,有 女 何泽慧 、 何贻贞 、 何泽瑛 是 为 中国 科学界 三 女杰 ， 何泽慧 是 为 钱三强 之 夫人 。,人物关系/亲属关系/配偶/丈夫/现夫
吴君如,陈可辛,秋生 、 王家卫 、 王晶 、 陈可辛 、 任达华 、 吴镇宇 、 张曼玉 、 郑裕玲 、 吴君如 、 梅艳芳 、 郑秀文 等 人 都 非常 崇敬 他 。,人物关系/亲属关系/配偶/丈夫/现夫
蔡旻纹,林传凯,蔡依林 的 姐姐 蔡旻纹 ， 2010 年 7 月 与 台湾 大同 集团 第三代 林传凯 共 结连 理 。,人物关系/亲属关系/配偶/丈夫/现夫
樊梨花,薛丁山,第四十三回 樊梨花 诰封 极品 薛丁山 拜上 寒江,人物关系/亲属关系/配偶/丈夫/现夫
双儿,韦小宝,可是 风际中 来得 好快 ， 双儿 要 将 韦小宝 放下 ， 让 他 发射 ‘ 含沙射影 ’ 暗器 ， 其势 已然 不及 ， 危急 之中 ， 奋力 将 他 身子 抛 了 出去 。,人物关系/亲属关系/配偶/丈夫/现夫
蒋雯丽,顾长卫,当 婚姻 遭遇 “ 7 年 之 痒 ” 时 蒋雯丽 VS 顾长卫,人物关系/亲属关系/配偶/丈夫/现夫
樊梨花,薛丁山,《 说 唐三 传 》 ， 又名 《 异说 后唐 传 三集 薛丁山 征西 樊梨花 全传 》 ， 九十 回 ， 其中 后续 两回 。,人物关系/亲属关系/配偶/丈夫/现夫
马小玲,况天佑,"况天佑 : 红眼 僵尸 , 与 马小玲 相爱 , 在 人 神之战 和 消失 。",人物关系/亲属关系/配偶/丈夫/现夫
赵姨娘,贾政,赵姨娘 在 求 贾政 把 彩霞 给 贾环 做 妾 时 ， 同样 也 是 摒退 丫鬟 ， 大进 谗言 ， 说 宝玉 房里 早已 有人 了 ， 贾环 房里 也 应该 有个 云云 。,人物关系/亲属关系/配偶/丈夫/现夫
宋凝,沈岸,宋凝 死后 ， 君拂不愿 其 真心 空负 ， 反弹 华胥 引 ， 沈岸 方知 非是 此时 错爱 ， 竟是 当初 错认 ， 相救 之人原 是 宋凝 ， 柳萋萋 不过 冒名 。,人物关系/亲属关系/配偶/丈夫/现夫
萧薰儿,萧炎,随后 在 萧炎 晋及 斗帝 后 随 萧炎 和 萧薰儿 （ 古熏儿 ） 进入 大千世界 ， 成为 无尽 火域 主母 。,人物关系/亲属关系/配偶/丈夫/现夫
马小玲,况天佑,"而 这次 我 写 的 主角 , 不是 况天佑 与 马小玲 , 而是 电视剧 里 未曾 出现 过 的 尹天 和 马颖 儿 。",人物关系/亲属关系/配偶/丈夫/现夫
张美珠,赵忠祥,张美珠 ， 赵忠祥 妻子 。,人物关系/亲属关系/配偶/丈夫/现夫
熊美玲,林秋离,No.204 铁齿 的 人 林秋离 熊美玲 张清芳,人物关系/亲属关系/配偶/丈夫/现夫
潘金莲,武大郎,《 水浒传 》 写 武大郎 被 潘金莲 毒死 以后 ， 就是 丐头 何九叔 带 着 乞丐 去 入殓 的 。,人物关系/亲属关系/配偶/丈夫/现夫
宣姜,卫宣公,宣姜 本是 卫宣公 之子 伋 的 未婚妻 ， 不幸 被 宣公 霸占 ， 后来 又 与 庶子 顽 私通 ， 劣迹 斑斑 。,人物关系/亲属关系/配偶/丈夫/现夫
尤氏,贾珍,这 显然 是 个 托词 ， 是 尤氏 发现 了 贾珍 的 丑事 ， 说不定 两人 之间 还 发生 过 争吵 。,人物关系/亲属关系/配偶/丈夫/现夫
赵雅倩,赵鑫鑫,3 新婚 : 7 月 10 日 ， 24 岁 的 象棋 世界冠军 赵鑫鑫 在 家乡 浙江 温岭 登记 结婚 ， 新娘 是 天津 棋手 赵雅倩 。,人物关系/亲属关系/配偶/丈夫/现夫
樊梨花,薛丁山,《 薛丁山 与 樊梨花 》 饰 杨藩,人物关系/亲属关系/配偶/丈夫/现夫
关平,关羽,关平 演义 描写 : 真三国 无双 6 关平原 画 在 《 三国演义 》 中 ， 关平 是 关羽 在 战乱 中所收 之 义子 ， 亲父 名为 关定 ， 有 一亲 兄 名为 关宁 。,人物关系/亲属关系/血亲/自然血亲/父母/生父
关兴,关羽,在 澄江 的 民间 ， 流传 着 李遗 由 诸葛亮 做媒 迎娶 了 关平 ， 关兴 之妹 、 关羽 之女 关银屏 的 传说 。,人物关系/亲属关系/血亲/自然血亲/父母/生父
胡亥,秦始皇,秦始皇 死后 ， 与 李斯 合谋 ， 伪造 遗诏 ， 逼死 皇 长子 扶苏 自杀 ， 自 任 丞相 ， 把持 朝政 后 又 害死 胡亥 ， 立子 婴为帝 ， 后 被子 婴 诛杀 。,人物关系/亲属关系/血亲/自然血亲/父母/生父
李讷,毛泽东,3 婚后 生活 : 中国 红色 文化 国际交流 促进会 会长 王景清 ， 是 毛泽东 的 女儿 李讷 的 丈夫 ， 与 李讷 共度 了 近 30 年 的 风雨 岁月 。,人物关系/亲属关系/血亲/自然血亲/父母/生父
李启铭,李刚,集体 造句 症 造句 示范 : 1 、 “ 官 二代 ” 李启铭 撞人后 一句 ， “ 我爸 是 李刚 ！ ”,人物关系/亲属关系/血亲/自然血亲/父母/生父
常茂,常遇春,郑国公 明朝 郑国公 : 郑国公 常茂 : 常茂 ， 明朝 开国 名臣 常遇春 之子 。,人物关系/亲属关系/血亲/自然血亲/父母/生父
张无忌,张翠山,张翠山 人物 死因 : 在 张无忌 的 少年时期 ， 有 两件 对 他 一生 影响 极大 的 事 ： 一是 他 的 父母 双双 自杀 ， 吴镇宇 版 张翠山 ( 13 张 ),人物关系/亲属关系/血亲/自然血亲/父母/生父
刘禅,刘备,费祎 、 董允 为 侍中 和 侍郎 ， 共 为 刘备 、 诸葛亮 所 赏识 ， 后 服侍 后主 刘禅 （ 阿斗 ） 。,人物关系/亲属关系/血亲/自然血亲/父母/生父
扶苏,秦始皇,建于 前 212 年 至 210 年 ， 由 秦始皇 大将 蒙恬 和 太子 扶苏 ， 耗费 了 大量 人力物力 ， 旷时费 日 修筑 而成 的 。,人物关系/亲属关系/血亲/自然血亲/父母/生父
关平,关羽,关兴 人物 生平 : 关兴 ， 字 安国 ， 河东 解县 （ 今 山西 运城 ） 人 ， 汉末 名将 关羽 次子 ， 关平 之弟 。,人物关系/亲属关系/血亲/自然血亲/父母/生父
李京龙,李春江,作为 李春江 的 儿子 ， 李京龙 很 好 的 遗传 了 父亲 良好 的 手感 。,人物关系/亲属关系/血亲/自然血亲/父母/生父
黄兆函,黄宏,编剧 ： 王宏 、 张振彬 、 黄兆函 、 黄宏,人物关系/亲属关系/血亲/自然血亲/父母/生父
李芳远,李成桂,时 李成桂 第五 子 李芳远 丁忧 在家 ， 派 判典 客事 赵英 圭 杀害 郑梦周 。,人物关系/亲属关系/血亲/自然血亲/父母/生父
叶开,白天羽,随后 马空群 带 叶开 来到 他 的 结拜 义兄 白天羽 墓前 ， 谈话 中 他 让 叶开 离开 边城 ， 遭到 叶开 的 拒绝 。,人物关系/亲属关系/血亲/自然血亲/父母/生父
薛丁山,薛仁贵,例如 岳飞 、 薛仁贵 、 盖 苏文 、 樊梨花 、 薛丁山 等 人物 就是 如此 。,人物关系/亲属关系/血亲/自然血亲/父母/生父
袁克文,袁世凯,潭 的 北侧 有 巨石 ， 上书 袁世凯 少子 袁克文 的 题刻 “ 流水 音 ” 。,人物关系/亲属关系/血亲/自然血亲/父母/生父
贾琏,贾赦,贾赦 、 贾琏 搭便车 — — 人浮于事 的 红楼 集团 （ 21 ）,人物关系/亲属关系/血亲/自然血亲/父母/生父
毛岸青,毛泽东,毛岸青 生平 生平 : 毛岸青 早年 生活 : 毛岸青 是 毛泽东 和 第一任 妻子 杨开慧 的 二 儿子 ， 1923 年 11 月 23 日出 生于 湖南 长沙 东乡 板仓 。,人物关系/亲属关系/血亲/自然血亲/父母/生父
单嘉筠,单士元,先父 单士元 从师 孟森 先生 二三 事 / 单嘉筠,人物关系/亲属关系/血亲/自然血亲/父母/生父
陈昊苏,陈毅,《 陈毅 诗选 》 是 2011 年 外语教学与研究出版社 出版 的 图书 ， 作者 是 陈昊苏 。,人物关系/亲属关系/血亲/自然血亲/父母/生父
郝志鹏,郝升山,长春 砍手 门 警方 处理 : 郝志鹏 的 母亲 杜夏娟 已于 8 日晚 被 派出所 带走 调查 ， 郝志鹏 与 父亲 郝升山 于 9 日晚 向 公安局 投案自首 。,人物关系/亲属关系/血亲/自然血亲/父母/生父
诸葛京,诸葛瞻,诸葛京 ， 诸葛瞻 次子 黄月英 曾孙 : 诸葛 颢 ， 诸葛攀 之子,人物关系/亲属关系/血亲/自然血亲/父母/生父
朱见深,朱祁镇,3 家庭成员 : 父亲 : 周能 弟弟 : 周寿 、 周 彧 夫君 : 明英宗 朱祁镇 （ 睿 皇帝 ） 儿女 : 宪宗 纯 皇帝 朱见深 、 崇简王 朱见泽 、 重庆 公主,人物关系/亲属关系/血亲/自然血亲/父母/生父
徐夫人,徐琨,徐夫人 ， 徐琨 女 ， 抚养 孙登 ， 因 性格 嫉妒 被 废黜 。,人物关系/亲属关系/血亲/自然血亲/父母/生父
傅敏,傅雷,当 傅敏 主动 要求 上 音乐学院 附中 时 ， 万万 没有 料到 ， 傅雷 摇头 ！,人物关系/亲属关系/血亲/自然血亲/父母/生父
关平,关羽,此外 ， 元杂剧 《 寿亭 侯怒 斩 关平 》 和 《 寿亭 侯 五关 斩 将 》 更是 在 标题 中 就 称 关羽 为寿亭 侯 。,人物关系/亲属关系/血亲/自然血亲/父母/生父
刘禅,刘备,马秉 相关 人物 : 马良 、 马谡 、 马氏 五常 、 诸葛亮 、 刘备 、 刘禅,人物关系/亲属关系/血亲/自然血亲/父母/生父
马友友,马孝骏,马友友 一九五五年 生于 巴黎 ， 是 祖籍 浙江 的 华人 ， 父亲 马孝骏 博士 是 位 小提琴 音乐家 ， 曾 在 台湾 的 文化 学院 音乐系 任教 。,人物关系/亲属关系/血亲/自然血亲/父母/生父
路易一世,罗贝尔,1 历史沿革 : 第一位 有 此 称号 的 领主 是 克莱蒙 伯爵 法兰西 的 罗贝尔 和 波旁 领地 的 女 继承人 勃艮第 的 比 阿特 丽斯 的 长子 路易一世 公爵 。,人物关系/亲属关系/血亲/自然血亲/父母/生父
扶苏,秦始皇,秦始皇 死后 ， 他 与 赵高 定谋 ， 改 遗诏 ， 杀 始皇 长子 扶苏 ， 立少子 胡亥 为帝 。,人物关系/亲属关系/血亲/自然血亲/父母/生父
后稷,姜嫄,姜嫄 踏 巨人 足迹 而 怀孕 ， 生 下 后稷 。,人物关系/亲属关系/血亲/自然血亲/父母/生母
彭湃,周凤,当 他 知道 彭湃 母亲 周凤 想 找 一户 人家 ， 抚养 即将 降世 的 孙儿 时 ， 毅然 承担 起 这个 责任 。,人物关系/亲属关系/血亲/自然血亲/父母/生母
王诗龄,李湘,2 月 ， 王诗龄 王诗龄 和 妈妈 李湘 一起 代言 滴露 洗手液 并 拍摄 电视广告 ， 这是 滴露 品牌 进入 中国 后 首次 签约 代言人 。,人物关系/亲属关系/血亲/自然血亲/父母/生母
李嫣,王菲,2006 年 5 月 27 日 ， 王菲 产下 女儿 李嫣 。,人物关系/亲属关系/血亲/自然血亲/父母/生母
谷萍儿,白湘瑶,谷萍儿 虽然 继承 了 其母 白湘瑶 的 媚术 ， 但是 总让 人 感觉 她 并非 妖女 ， 而 仅仅 是 媚 女 罢了 。,人物关系/亲属关系/血亲/自然血亲/父母/生母
郝志鹏,杜夏娟,对 犯罪 嫌疑人 “ 醒 煤 ” 设备 个体经营者 郝升山 、 杜夏娟 及其 儿子 郝志鹏 进行 刑事拘留 。,人物关系/亲属关系/血亲/自然血亲/父母/生母
刘星,刘梅,夏东海 转而 劝 刘梅 对 刘星 要 慢慢来 ， 要 说服 不能 压服 。,人物关系/亲属关系/血亲/自然血亲/父母/生母
后稷,姜嫄,1 姜嫄 古墓 小 华山 : 姜塬 墓 位于 武功 县 武功 镇 华山 之巅 ， 姜塬 生 “ 后稷 ” 名 “ 弃 ” 。,人物关系/亲属关系/血亲/自然血亲/父母/生母
马友友,卢雅文,卢雅文 说 ， 马友友 六岁 的 时候 ， 他会 拉琴 让 妈妈 听 ， 同 一首 曲子 ， 他 有 多种不同 的 拉法 ， 让 妈妈 听 ， 然后 问 妈妈 “ 你 喜欢 那个 ？ ”,人物关系/亲属关系/血亲/自然血亲/父母/生母
朱常洵,郑贵妃,在 众 大臣 的 请求 下 ， 皇帝 最 宠爱 的 郑贵妃 生 的 儿子 、 福王 朱常洵 不得不 搬往 封地 的 河南 洛阳 。,人物关系/亲属关系/血亲/自然血亲/父母/生母
杨不悔,纪晓芙,10 灭绝师太 、 杨逍 、 纪晓芙 、 杨不悔 和 殷梨亭 / 179,人物关系/亲属关系/血亲/自然血亲/父母/生母
爱德华王子,伊丽莎白二世,威塞 克斯伯爵 爱德华王子 殿下 （ 伊丽莎白二世 的 三子 . 1964 年生 ）,人物关系/亲属关系/血亲/自然血亲/父母/生母
贾午,郭槐,郭槐 过世 后 ， 贾南风 不能 遵其 遗言 ， 不但 仍 与 赵粲 、 贾午 往来 ， 更 谋杀 司马遹 ， 终 於 导致 贾家 败亡 、 自身 被 废 的 下场 。,人物关系/亲属关系/血亲/自然血亲/父母/生母
贾兰,李纨,简介 ： 李纨 字 宫裁 ， 贾珠之 妻 ， 生有 儿子 贾兰 。,人物关系/亲属关系/血亲/自然血亲/父母/生母
杨不悔,纪晓芙,杨逍 有 一女 杨不悔 ， 是 他 和 峨嵋 女侠 纪晓芙 所 生 。,人物关系/亲属关系/血亲/自然血亲/父母/生母
曹矩,尹夫人,尹氏 （ 尹夫人 ） ： 曹操 之妾 ， 生有 曹矩 一 子 。,人物关系/亲属关系/血亲/自然血亲/父母/生母
秦始皇,赵姬,1 名词 释义 : 中国 历史 上 第一位 被 授予 此 称号 的 ， 是 秦始皇 之母 赵姬 。,人物关系/亲属关系/血亲/自然血亲/父母/生母
郭靖,李萍,李萍 流落 蒙古 ， 生 下 郭靖 。,人物关系/亲属关系/血亲/自然血亲/父母/生母
陈品亨,徐世荣,陈品亨 是 陈鸿烈 与其 第二任 太太 徐世荣 在 结婚 第二年 所生 的 大 女儿 ， 陈品亨 还有 一 弟弟 。,人物关系/亲属关系/血亲/自然血亲/父母/生母
元怀,高照容,广平 文 穆王 元怀 ， 生母 文昭皇后 高照容 。,人物关系/亲属关系/血亲/自然血亲/父母/生母
齐安大君,安顺王后,齐安大君 （ 제 안 대 군 ， 1466 年 － 1525 年 ） ， 名 李 琄 ， 字 “ 国宝 ” ， 谥 “ 灵孝 ” ， 朝鲜 睿宗 李晄 嫡 次子 ， 生母 为 安顺王后 韩氏 。,人物关系/亲属关系/血亲/自然血亲/父母/生母
岳灵珊,宁中则,岳灵珊 是 金庸 武侠小说 《 笑傲江湖 》 中 的 人物 ， 华山派 掌门人 岳不群 和 女侠 宁中则 的 女儿 ， 令狐冲 最 心爱 的 小 师妹 。,人物关系/亲属关系/血亲/自然血亲/父母/生母
王嘉莉,李靓蕾,（ 王力宏 女儿 ） : 王嘉莉 ， 2014 年 7 月 9 日 出生 ， 亚洲 天王 王力宏 之女 ， 母亲 李靓蕾 。,人物关系/亲属关系/血亲/自然血亲/父母/生母
后稷,姜嫄,后稷 之所以 “ 克配 于 天 ” ， 在 《 生民 》 序中 说 得 再 明白 不过 ： “ 后稷 生于 姜嫄 ， 文 、 武之功 起于 后稷 ， 故 推以 配天 也 。 ”,人物关系/亲属关系/血亲/自然血亲/父母/生母
王禹心,季芹,王禹心 ， 小名 乐乐 ， 女 ， 2006 年 11 月 19 日出 生于 台湾 ， 是 偶像 组合 5566 副团长 王仁甫 与 台湾 艺人 季芹 的 女儿 。,人物关系/亲属关系/血亲/自然血亲/父母/生母
刘禅,甘夫人,在 长阪 坡 的 恶战 中 ， 奋力 保护 刘禅 和 甘夫人 脱险 ； 刘备 西征 时期 ， 为 平定 益州 战 做出 贡献 。,人物关系/亲属关系/血亲/自然血亲/父母/生母
岳灵珊,宁中则,岳灵珊 「 萨宛儿 」 （ 华山派 岳不群 与 宁中则 独女 ， 后 嫁予 林平之 为妻 ） 【 被 林平之 所杀 】,人物关系/亲属关系/血亲/自然血亲/父母/生母
周海婴,许广平,1927 年 与 许广平 女士 结婚 ， 生有 一男名 周海婴 。,人物关系/亲属关系/血亲/自然血亲/父母/生母
李青萝,李秋水,另外 ， 丁春秋 与 李秋水 曾带 李青萝 在 苏州 生活 ， 并 将 琅 缳 福地 的 藏书 搬 到 苏州 ， 这才 造就 了 王语嫣 的 武学 知识 。,人物关系/亲属关系/血亲/自然血亲/父母/生母
孙翎茜,贾静雯,2014 年 10 月 ， 贾静雯 与 修杰楷 遛狗 、 散步 ， 孙翎茜 同行 。,人物关系/亲属关系/血亲/自然血亲/父母/生母
祝大姑,祝有涯,祝大姑 十分 担心 祝有涯 ， 派出 蛊兽 根据 祝有涯 的 气味 追踪 他 ， 无意 中令 祝有涯 身亡 。,人物关系/亲属关系/血亲/自然血亲/子女/儿子
秦始皇,胡亥,十二 、 秦始皇 与 二世 胡亥 的 兴亡,人物关系/亲属关系/血亲/自然血亲/子女/儿子
张翠山,张无忌,"穿越 了 , 穿越 也好 , 还是 张无忌 他姐 , 不过 是 金毛狮 王 的 义女 , 张翠山 与 殷素素 的 女儿 , 不仅 是 赚 , 而且 赚 翻 了 … …",人物关系/亲属关系/血亲/自然血亲/子女/儿子
甄云龙,甄子丹,甄云龙 是 甄子丹 的 父亲 ， 出 生于 广东 台山 汶 村小 担 太和村 ， 是 香港 《 星岛日报 》 的 波士顿 编辑 ， 喜爱 音乐 的 他 还 擅长 演奏 小提琴 和 二胡 。,人物关系/亲属关系/血亲/自然血亲/子女/儿子
贾珍,贾蓉,凤姐计 赚 尤二姐 、 大闹 宁国府 ， 事情 也 起于 贾珍 、 贾蓉 ， 而 贾蓉 又 与 凤姐 有着 不可告人 的 关系 ， 他 还是 与 凤姐 最亲 的 秦氏 的 丈夫 哩 ！,人物关系/亲属关系/血亲/自然血亲/子女/儿子
贾珍,贾蓉,他 上 有 贾珍 溺爱 ， 下 有 贾蓉 匡助 ， 越发 自大 起来 。,人物关系/亲属关系/血亲/自然血亲/子女/儿子
刘备,刘禅,办完 刘备 的 丧事 回到 成都 ， 后主 刘禅 继位 。,人物关系/亲属关系/血亲/自然血亲/子女/儿子
殷素素,张无忌,进而 ， 张无忌 作为 武当 名侠 张翠山 与 天鹰 教 “ 妖女 ” 殷素素 的 儿子 ， 他 身上 流动 着 的 血脉 也 是 正 、 邪 两派 的 中 和 。,人物关系/亲属关系/血亲/自然血亲/子女/儿子
贾敬,贾珍,大色空 十二 贾氏 : ： 贾敬 、 贾赦 、 贾政 、 贾宝玉 、 贾琏 、 贾珍 、 贾环 、 贾蓉 、 贾兰 、 贾芸 、 贾蔷 、 贾芹 。,人物关系/亲属关系/血亲/自然血亲/子女/儿子
成龙,房祖名,《 千机变 Ⅱ 》 是 一部 由 梁柏坚 ， 元奎 联合 执导 ， 房祖名 ， 钟欣桐 ， 蔡卓妍 ， 陈柏霖 ， 甄子丹 ， 成龙 等 主演 的 典型 中国式 魔幻 电影 。,人物关系/亲属关系/血亲/自然血亲/子女/儿子
胡一刀,胡斐,1964 年 ， 制片方 ： 峨嵋 电影 公司 ， 主演 ： 江汉 饰 胡一刀 / 胡斐 ， 欧嘉慧饰 袁紫衣 ， 上官玉 饰 程灵素,人物关系/亲属关系/血亲/自然血亲/子女/儿子
秦始皇,胡亥,秦始皇 死后 ， 丞相 李斯 和 中 车府 令 赵高 假造 秦始皇 遗诏 ， 立 胡亥 为 太子 ， 赐 蒙恬 死罪 。,人物关系/亲属关系/血亲/自然血亲/子女/儿子
杨铁心,杨康,《 铁血丹心 》 主要 讲述 郭靖 ， 杨康 两位 男主角 的 父辈 故事 和 他们 的 少年 ， 而 “ 铁血丹心 ” 一词 是从 杨康 的 父亲 “ 杨铁心 ” 而 来 。,人物关系/亲属关系/血亲/自然血亲/子女/儿子
许仙,许仕林,胡媚娘 在 最好 的 年纪 里 遇到 了 最好 的 人 ， 许仕林 比 许仙 好 了 不是 一倍 两倍 ， 这 是 她 的 运气 也 是 眼力 。,人物关系/亲属关系/血亲/自然血亲/子女/儿子
刘备,刘禅,” 刘备 又 要 刘禅 视 诸葛亮 为父 。,人物关系/亲属关系/血亲/自然血亲/子女/儿子
秦始皇,胡亥,3 人物 介绍 : 秦二世 胡亥 是 秦朝 的 第二个 皇帝 ， 也 是 最后 一个 ， 他 使 秦始皇 希望 皇位 传 万世 万代 的 的 好 梦 彻底 破灭 了 。,人物关系/亲属关系/血亲/自然血亲/子女/儿子
唐姬,刘发,唐姬 生 长沙 定王 刘发 。,人物关系/亲属关系/血亲/自然血亲/子女/儿子
王健林,王思聪,这 意味着 ， 王健林 以及 王思聪 拥有 万达 集团 100% 股权 。,人物关系/亲属关系/血亲/自然血亲/子女/儿子
黄子正,黄光国,黄子正 被 苏联 关 起来 时 ， 妻子 黄洪 琼音 怀着 黄光国 ， 再 过 三个 月 就要 临盆 ， 大 女儿 八岁 ， 小女儿 四岁 。,人物关系/亲属关系/血亲/自然血亲/子女/儿子
唐雪见,景小楼,师母 ： 唐雪见 （ 见 仙 三 外传 景小楼 支线 ）,人物关系/亲属关系/血亲/自然血亲/子女/儿子
刘备,刘禅,例如 ： 三国 时期 ， 蜀国 的 刘禅 继承 刘备 的 大业 ， 却 补充 了 坏 的 方面 ， 以至于 蜀国 最终 灭亡 。,人物关系/亲属关系/血亲/自然血亲/子女/儿子
秦始皇,胡亥,前半部 系 公元前 219 年 秦始皇 东巡 泰山 时所刻 ； 后半部 为 秦二世 胡亥 即位 第一年 （ 公元前 209 年 ） 刻制 。,人物关系/亲属关系/血亲/自然血亲/子女/儿子
刘备,刘禅,( 两朝 : 刘备 和 刘禅 统治 时期 。 ),人物关系/亲属关系/血亲/自然血亲/子女/儿子
严嵩,严世蕃,严东楼 ， 正名 严世蕃 ， 号 东楼 ， 即 明朝 奸相 严嵩 儿子 ， 左眼 失明 。,人物关系/亲属关系/血亲/自然血亲/子女/儿子
秦始皇,胡亥,秦始皇 死后 ， 他 与 赵高 合谋 ， 伪造 遗诏 ， 迫令 始皇 长子 扶苏 自杀 ， 立少子 胡亥 为 二世 皇帝 。,人物关系/亲属关系/血亲/自然血亲/子女/儿子
宋后昭公,宋悼公,宋悼公 ， 子姓 ， 名购 由 ， 商丘 人 ， 宋国君 主 ， 宋后昭公 之子 ， 在位 18 年 （ 公元前 403 年 — 公元前 ？,人物关系/亲属关系/血亲/自然血亲/子女/儿子
谢贤,谢霆锋,我 记得 在 谢霆锋 十六岁 签约 英皇 时 ， 他 爸爸 谢贤 打电话 叫 我 去 撑场面 ， 我 去 了 。,人物关系/亲属关系/血亲/自然血亲/子女/儿子
祝大姑,祝有涯,事实上 是 十几年 前 ， 羽裳 和 祝有涯 因 祝大姑 的 反对 而 出走 ， 途中 有涯 被 祝大姑 放 出来 追踪 他 气味 的 蛊 蛛 毒死 。,人物关系/亲属关系/血亲/自然血亲/子女/儿子
秦始皇,扶苏,背景 : 秦始皇 统 — 中国 后 ， 扶苏 曾多次 议政 ， 对于 治国 、 安定 天下 颇 有 见 地 。,人物关系/亲属关系/血亲/自然血亲/子女/儿子
凌操,凌统,凌统 怨恨 甘宁 杀死 他 的 父亲 凌操 ， 经常 打算 杀死 甘宁 。,人物关系/亲属关系/血亲/自然血亲/子女/儿子
曾江,曾慕雪,邓拱璧 人物 生活 : 曾江 与 邓拱璧 的 婚姻 维持 了 十年 ， 邓拱璧 为 曾江 诞下 一女 曾慕雪 （ 香港 演艺 学院 毕业 后 投身 话剧界 ） 。,人物关系/亲属关系/血亲/自然血亲/子女/女儿
徐坚,徐熙娣,徐坚 ， 是 台湾 艺人 大S （ 徐熙媛 ） 、 小S （ 徐熙娣 ） 姐妹俩 的 父亲 ， 于 2012 年 10 月 23 日 去世 。,人物关系/亲属关系/血亲/自然血亲/子女/女儿
姚明,姚沁蕾,还 没 等 记者 说完 问题 的 内容 ， 姚明 就 非常 迅速 地 说出 了 记者 想要 的 答案 ， “ 姚沁蕾 。,人物关系/亲属关系/血亲/自然血亲/子女/女儿
刘梅,夏雪,刘星 身份 ： 刘梅 的 儿子 ， 夏雨 之兄 ， 夏雪 之弟 。,人物关系/亲属关系/血亲/自然血亲/子女/女儿
赵本山,赵一涵,赵一涵 ， 小名 妞妞 ， 出 生于 1997 年 2 月 7 日 （ 农历 牛 年 大年初一 ） ， 是 赵本山 第二任 妻子 马丽娟 所 生 双胞胎 （ 龙凤胎 ） 中 的 女儿 。,人物关系/亲属关系/血亲/自然血亲/子女/女儿
刘梅,夏雪,不想 夏雪 在 毕业 晚会 上 把 胸针 丢 了 ， 她 非常 着急 ， 因为 刘梅 并不知道 此事 。,人物关系/亲属关系/血亲/自然血亲/子女/女儿
刘梅,夏雪,东海 和 刘梅 以为 刘星 和 夏雪 还是 在 “ 做戏 ” ， 所以 非但 没有 阻拦 ， 还 夸 二人 演得 好 。,人物关系/亲属关系/血亲/自然血亲/子女/女儿
邓英敏,邓上文,邓上文 （ ShermonTang ， 1983 年 9 月 27 日 — ） ， 是 香港 著名 艺人 邓英敏 的 女儿 。,人物关系/亲属关系/血亲/自然血亲/子女/女儿
任我行,任盈盈,攻击 阵营 可以 选择 笑傲 路线 ： 独孤 ， 风清扬 ， 令狐冲 ， 任盈盈 ， 岳不群 ， 任我行 ， 左冷禅 ， 向问天 等 相互 点灯 的 。,人物关系/亲属关系/血亲/自然血亲/子女/女儿
庄静皇贵妃,荣安固伦公主,荣安固伦公主 : 荣安固伦公主 ， 咸丰帝 长女 ， 母 庄静皇贵妃 他 他拉氏 ， 咸丰 五年 ( 1855 年 ) 五月 初七 生 。,人物关系/亲属关系/血亲/自然血亲/子女/女儿
李逍遥,李忆如,李忆如 ， 女娲 后人 ， 13 岁 时 被 李逍遥 送往 苗疆 ， 拜 阿奴 为 师 ， 修炼 法术 。,人物关系/亲属关系/血亲/自然血亲/子女/女儿
赵本山,赵玉芳,赵玉芳 感人 之 处 : 著名 笑星 赵本山 的 女儿 赵玉芳 和 女婿 汪洋 在 铁岭 完婚 。,人物关系/亲属关系/血亲/自然血亲/子女/女儿
李丹宁,李小璐,李丹宁 人物 家庭 : 妻子 是 著名演员 张伟欣 ， 女儿 为 金马 影后 李小璐 。,人物关系/亲属关系/血亲/自然血亲/子女/女儿
苗人凤,苗若兰,后 认识 苗人凤 的 女儿 - - 苗若兰 ， 无奈 锺 情 於 她 。,人物关系/亲属关系/血亲/自然血亲/子女/女儿
赵本山,赵玉芳,店里 的 事务 主要 由 赵本山 的 前妻 打理 ， 而 赵玉芳 担任 董事长 。,人物关系/亲属关系/血亲/自然血亲/子女/女儿
马小玲,况天涯,"何处 是 天涯 路 内容简介 : 末世 重生 , 成为 《 我 和 僵尸 有个 约会 》 中 马小玲 和 况天佑 的 女儿 — — 况天涯 。",人物关系/亲属关系/血亲/自然血亲/子女/女儿
上官虹,李文秀,上官虹 ‘ 金银 小剑 三 娘子 ’ — — 李文秀 母亲 ， 小说 刚 开头 时即 丧命 。,人物关系/亲属关系/血亲/自然血亲/子女/女儿
谢培东,谢木兰,方步 亭 和 谢培东 商议 把 方孟韦 和 谢木兰 送到 法国 去 留学 。,人物关系/亲属关系/血亲/自然血亲/子女/女儿
韩寒,韩小野,当日 ， 一名 疑似 韩寒 女儿 韩小野 的 可爱 女童 现身 ， 受到 媒体 关注 。,人物关系/亲属关系/血亲/自然血亲/子女/女儿
赵本山,赵玉芳,赵玉芳 从 网上 看到 报道 后 ， 便 找到 爸爸 赵本山 商量 ， 说 自己 想 在 铁岭 开 一家 最 正宗 的 不 差钱 餐馆 ， 希望 老爸 大力支持 ， 赵本山 一口 答应 。,人物关系/亲属关系/血亲/自然血亲/子女/女儿
马丽娟,赵一涵,赵本山 小女儿 赵一涵 （ 小名 妞妞 ） 是 个 出 生于 1997 年 的 美女 ， 她 是 赵本山 第二任 妻子 马丽娟 所 生 龙凤胎 中 的 女儿 。,人物关系/亲属关系/血亲/自然血亲/子女/女儿
邓枢,邓丽君,邓枢 概况 : 邓枢 ， 河北省 邯郸市 大名县 大街 乡 邓台 村人 ， ( 1921.5 . 26 - 1990.5 . 9 ) ， 邓丽君 的 父亲 。,人物关系/亲属关系/血亲/自然血亲/子女/女儿
上官庭芝,上官婉儿,上官婉儿 上官庭芝 之女 ， 长孙均量 之徒 ， 后 成为 武则天 的 记室 。,人物关系/亲属关系/血亲/自然血亲/子女/女儿
任我行,任盈盈,任我行 去世 后 ， 女儿 任盈盈 暂代 教主 之位 。,人物关系/亲属关系/血亲/自然血亲/子女/女儿
宁中则,岳灵珊,1 人物 生平 : 岳灵珊 为 华山派 掌门 岳不群 和 宁中则 的 独女 ， 从小 与 大 师兄 令狐冲 是 青梅竹马 ， 与 令狐冲 合创 冲灵 剑法 。,人物关系/亲属关系/血亲/自然血亲/子女/女儿
杨天佑,杨婵,大 金乌 奉命 下令 诛杀 杨家 满门 ， 杀 了 杨天佑 和 杨蛟 ， 杨戬 和 杨婵 在 天 蓬元帅 的 相助 之下 幸免于难 。,人物关系/亲属关系/血亲/自然血亲/子女/女儿
纪晓芙,杨不悔,杨逍 有 一女 杨不悔 ， 是 他 和 峨嵋 女侠 纪晓芙 所 生 。,人物关系/亲属关系/血亲/自然血亲/子女/女儿
韩寒,韩小野,韩小野 ， 2011 年 11 月 17 日 出生 ， 著名作家 、 赛车手 韩寒 的 女儿 。,人物关系/亲属关系/血亲/自然血亲/子女/女儿
章曙,章启月,由于 章曙 是 联合国 的 高级 职员 ， 章启月 的 学习 费用 概由 联合国 有关 部门 支付 。,人物关系/亲属关系/血亲/自然血亲/子女/女儿
红邵可,红秀丽,雪 乃 纱衣 的 同名 小说 以及 由罗绘里 的 漫画 中 的 角色 ， 是 红秀丽 的 母亲 ， 红邵可 的 妻子 ， 也 是 蔷薇 仙子 的 化身 。,人物关系/亲属关系/血亲/自然血亲/子女/女儿
范高平,范岱年,范高平 人物 简介 : 范高平 （ 1868 - 1944 ） ， 是 范岱年 的 祖父 ， 范寿康 的 父亲 ， 浙江 上虞 人 。,人物关系/亲属关系/血亲/自然血亲/孙子女/孙子
吴老狗,吴邪,奶奶 非常 聪明 ， 在 吴老狗 去世 之后 并 没有 为情 所累 ， 一直 在 老家 呆 着 ， 吴邪 并 没有 去 造访 过 奶奶 。,人物关系/亲属关系/血亲/自然血亲/孙子女/孙子
吴老狗,吴邪,吴老狗 ： 老 九门 的 五爷 ， 吴邪 的 爷爷 。,人物关系/亲属关系/血亲/自然血亲/孙子女/孙子
吴老狗,吴邪,吴老狗 散尽 钱财 来到 杭州 ， 与 解家 外戚 的 大 小姐 结合 ， 生 下 三子 ， 吴一穷 （ 吴邪 的 爸爸 ） ， 吴二白 ， 吴三省 。,人物关系/亲属关系/血亲/自然血亲/孙子女/孙子
吴老狗,吴邪,吴老狗 ， 小说 《 盗墓 笔记 》 系列 中 的 人物 ， 主人公 吴邪 的 爷爷 和 吴三省 的 爸爸 ， 长沙 盗墓 老 九门 第五家 。,人物关系/亲属关系/血亲/自然血亲/孙子女/孙子
吴老狗,吴邪,为数不多 的 一个 精明 干练 的 女性 探险者 ， 隶属于 盗走 吴邪 爷爷 吴老狗 的 战国 帛书 的 传教士 裘德考 的 公司 。,人物关系/亲属关系/血亲/自然血亲/孙子女/孙子
吴老狗,吴邪,《 盗墓 笔记 》 中 的 三叔 : 身世 ： 长沙 有名 的 土 夫子 九门提督 中 吴老狗 的 三 儿子 ， 吴邪 的 三叔,人物关系/亲属关系/血亲/自然血亲/孙子女/孙子
雷新庭,雷锋,雷新庭 是 雷锋 的 爷爷 ， 以租种 地主 的 田地 谋生 ， 整年 辛苦 劳作 ， 但 仍 无法 维持 家人 的 生计 ， 最后 身染 重病 ， 卧床不起 。,人物关系/亲属关系/血亲/自然血亲/孙子女/孙子
吴老狗,吴邪,（ 盗墓 笔记 人物 ） : 《 盗墓 笔记 》 中 人物 ， 长沙 有名 的 老 九门 第五家 吴老狗 的 三 儿子 ， 吴邪 的 三叔 ， 吴家 最后 一代 真正 的 盗墓者 。,人物关系/亲属关系/血亲/自然血亲/孙子女/孙子
吴老狗,吴邪,吴老狗 ， 《 盗墓 笔记 》 中 的 人物 ， 主人公 吴邪 的 爷爷 ， 长沙 盗墓 老 九门 之一 ， 平 三门 ， 吴家 第一代 掌门人 。,人物关系/亲属关系/血亲/自然血亲/孙子女/孙子
武元爽,武延基,武承嗣 家庭成员 : 武承嗣 父 : 武元爽 武承嗣 子 : 武延基 ， 右羽 林将军 ， 娶 永泰 公主 ， 701 年 因 私议 二张 被 武后 下令 处死 。,人物关系/亲属关系/血亲/自然血亲/孙子女/孙子
吴老狗,吴邪,身世 ： 长沙 有名 的 土 夫子 老 九门 中 吴老狗 的 三 儿子 ， 吴邪 的 三叔,人物关系/亲属关系/血亲/自然血亲/孙子女/孙子
雷新庭,雷锋,雷锋 的 爷爷 叫 雷新庭 ， 以租种 地主 的 田地 谋生 ， 整年 辛苦 劳作 ， 但 仍 无法 维持 家人 的 生计 ， 最后 身染 重病 ， 卧床不起 。,人物关系/亲属关系/血亲/自然血亲/孙子女/孙子
吴老狗,吴邪,吴邪 人物 关系 : 爷爷 ： 吴老狗 （ 狗 五爷 ）,人物关系/亲属关系/血亲/自然血亲/孙子女/孙子
吴老狗,吴邪,吴老狗 : 老 九门 的 五爷 ， 吴邪 的 爷爷 。,人物关系/亲属关系/血亲/自然血亲/孙子女/孙子
吴老狗,吴邪,吴邪 人物 关系 : 狗 五爷 爷爷 ： 吴老狗 （ 狗 五爷 ）,人物关系/亲属关系/血亲/自然血亲/孙子女/孙子
吴老狗,吴邪,南派 起源 : 主角 吴邪 爷爷 （ 吴老狗 ） 30 岁 那年 ， 华中 一带 闹 旱灾 。,人物关系/亲属关系/血亲/自然血亲/孙子女/孙子
吴老狗,吴邪,精明 干练 的 女性 探险者 ， 隶属于 盗走 吴邪 爷爷 吴老狗 的 战国 帛书 的 传教士 的 公司 。,人物关系/亲属关系/血亲/自然血亲/孙子女/孙子
吴老狗,吴邪,吴邪 的 爷爷 ： 长沙 狗王 ， 老 九门 之一 ， 被 霍 老太太 蔑称 为 “ 吴老狗 ” ， 祖传 的 盗墓 手艺人 。,人物关系/亲属关系/血亲/自然血亲/孙子女/孙子
耿仲明,耿精忠,耿仲明 孙子 : 耿精忠 （ 和硕 额 驸 ）,人物关系/亲属关系/血亲/自然血亲/孙子女/孙子
雷新庭,雷锋,雷锋 的 爷爷 叫 雷新庭 ， 是 以 租 种田 地 谋生 的 农民 。,人物关系/亲属关系/血亲/自然血亲/孙子女/孙子
耿仲明,耿精忠,耿精忠 人物 生平 : 耿精忠 袭承 王爵 : 耿精忠 为 耿仲明 之孙 、 耿继茂 的 长子 ， 清初 三 大汉 人 藩王 之一 。,人物关系/亲属关系/血亲/自然血亲/孙子女/孙子
耿仲明,耿精忠,耿继茂 人物 生平 : 为 清朝 初年 明降 将 耿仲明 之子 ， 耿精忠 之 父 。,人物关系/亲属关系/血亲/自然血亲/孙子女/孙子
刘弘,刘禅,刘弘 孙子 : 刘禅 ， 刘备 长子 ， 蜀汉 后主 。,人物关系/亲属关系/血亲/自然血亲/孙子女/孙子
吴老狗,吴邪,简介 ： 精明 干练 的 女性 探险者 ， 隶属于 盗走 吴邪 爷爷 吴老狗 的 战国 帛书 的 传教士 裘德考 的 公司 。,人物关系/亲属关系/血亲/自然血亲/孙子女/孙子
吴老狗,吴邪,吴邪 的 爷爷 ： 长沙 狗王 ， 老 九门 之一 ， 老一辈 称呼 其为 “ 吴老狗 ” ， 祖传 的 盗墓 手艺人 。,人物关系/亲属关系/血亲/自然血亲/孙子女/孙子
楚熊丽,熊绎,于是 ， 周成 王封 楚熊丽 之孙 熊绎 为 楚君 。,人物关系/亲属关系/血亲/自然血亲/孙子女/孙子
吴老狗,吴邪,平 三门 ： 陈皮阿四 ， 吴老狗 （ 主角 吴邪 的 爷爷 ） ， 黑背 老六 。,人物关系/亲属关系/血亲/自然血亲/孙子女/孙子
诸葛绪,诸葛诠,－ 307 年 2 月 20 日 ） ， 字仁林 ， 琅 邪阳 都 人 ， 诸葛绪 的 孙子 ， 诸葛冲 的 儿子 ， 诸葛诠 和 诸葛婉 的 兄弟 ， 在 西晋 官至 侍中 、 御史中丞 。,人物关系/亲属关系/血亲/自然血亲/孙子女/孙子
厉良玉,厉声教,厉声教 是 清代 著名诗人 厉鹗 之后 ， 晚清 知名 篆刻家 厉良玉 之孙 。,人物关系/亲属关系/血亲/自然血亲/孙子女/孙子
刘咏尧,刘若英,2 歌手 介绍 : 刘若英 出身 军人 世家 ， 其 祖父 刘咏尧 毕业 于 黄埔军校 一期 ， 陆军 四星 上将 退役 ， 刘父 则 是 海军 舰长 退役 。,人物关系/亲属关系/血亲/自然血亲/孙子女/孙女
刘咏尧,刘若英,与 孙女 刘若英 : 据 刘咏尧 的 孙女 刘若英 透露 ， 祖父 生前 喜欢 听 她 唱 《 黄埔军校 校歌 》 ， 也 喜欢 听 《 绿岛 小夜曲 》 。,人物关系/亲属关系/血亲/自然血亲/孙子女/孙女
刘咏尧,刘若英,刘咏尧 与 孙女 刘若英 : 据 刘咏尧 的 孙女 刘若英 透露 ， 祖父 生前 喜欢 听 她 唱 《 黄埔军校 校歌 》 ， 也 喜欢 听 《 绿岛 小夜曲 》 。,人物关系/亲属关系/血亲/自然血亲/孙子女/孙女
刘咏尧,刘若英,比 朋友 多一点 歌手 介绍 : 刘若英 出身 军人 世家 ， 其 祖父 刘咏尧 毕业 于 黄埔军校 一期 ， 陆军 四星 上将 退役 ， 刘父 则 是 海军 舰长 退役 。,人物关系/亲属关系/血亲/自然血亲/孙子女/孙女
刘咏尧,刘若英,刘若英 出身 军人 世家 ， 其 祖父 刘咏尧 毕业 于 黄埔军校 一期 ， 陆军 四星 上将 退役 ， 刘父 则 是 海军 舰长 退役 。,人物关系/亲属关系/血亲/自然血亲/孙子女/孙女
李海泉,李香凝,李海泉 与 何爱瑜 之孙计 有 ： 长孙 李国豪 、 次孙 李凯 豪 、 三孙 李伟 豪 、 四孙 李嘉 豪 、 孙女 李香凝 等 。,人物关系/亲属关系/血亲/自然血亲/孙子女/孙女
李海泉,李香凝,李香凝 根据 李振 辉 回忆 ， 1992 年 李香凝 母女 授权 给 罗伯 · 科恩 拍摄 《 李小龙 传 》 ， 在 李小龙 的 少年时期 就 只 出现 了 父亲 李海泉 ， 兄弟姐妹 统统 被 忽略不计 。,人物关系/亲属关系/血亲/自然血亲/孙子女/孙女
霍仙姑,霍秀秀,霍仙姑 ： 霍秀秀 的 奶奶 ， 霍玲 的 母亲 。,人物关系/亲属关系/血亲/自然血亲/孙子女/孙女
霍仙姑,霍秀秀,霍仙姑 地位 : 老 九门 第七家 ， 霍锦惜 的 侄女 ， 霍玲 的 妈妈 ， 霍秀秀 的 奶奶 。,人物关系/亲属关系/血亲/自然血亲/孙子女/孙女
霍仙姑,霍秀秀,霍仙姑 ： 霍秀秀 的 奶奶 。,人物关系/亲属关系/血亲/自然血亲/孙子女/孙女
霍仙姑,霍秀秀,下 三门 ： 霍仙姑 （ 霍秀秀 的 奶奶 ） ， 齐铁嘴 ， 解九爷 （ 解雨臣 的 爷爷 ） 。,人物关系/亲属关系/血亲/自然血亲/孙子女/孙女
霍仙姑,霍秀秀,霍仙姑 : 人称 七 姑娘 ， 霍秀秀 的 奶奶 。,人物关系/亲属关系/血亲/自然血亲/孙子女/孙女
霍仙姑,霍秀秀,霍秀秀 人物 经历 : 霍秀秀 ， 长沙 老 九门 中霍家 霍仙姑 的 孙女 ， 老 九门 霍家 的 现任 当家 。,人物关系/亲属关系/血亲/自然血亲/孙子女/孙女
霍仙姑,霍秀秀,曾 在 北京 和 霍仙姑 （ 霍秀秀 的 奶奶 ， 老 九门 之一 ） 一起 向 他 下跪 。,人物关系/亲属关系/血亲/自然血亲/孙子女/孙女
霍仙姑,霍秀秀,霍仙姑 地位 : 老 九门 第七家 ， 霍玲 的 妈妈 ， 霍秀秀 的 奶奶 。,人物关系/亲属关系/血亲/自然血亲/孙子女/孙女
霍仙姑,霍秀秀,老 九门 的 后人 ， 霍仙姑 的 女儿 ， 霍秀秀 的 姑姑 。,人物关系/亲属关系/血亲/自然血亲/孙子女/孙女
龙崎堇,龙崎樱乃,龙崎堇 角色 设定 : 龙崎堇 是 龙崎樱乃 的 外婆 、 青学 网球 部 的 教练 。,人物关系/亲属关系/血亲/自然血亲/孙子女/孙女
王成,王青儿,王板儿 祖父 : 王成 王板儿 父亲 : 王狗儿 王板儿 姊妹 : 王青儿,人物关系/亲属关系/血亲/自然血亲/孙子女/孙女
王成,王青儿,王青儿 家族 状况 : 王青儿 祖父 : 王成 ： 王成之 父 ， 与 王熙凤 的 金陵 王家 连过 宗 ， 自认是 王熙凤 的 祖父 的 侄子 。,人物关系/亲属关系/血亲/自然血亲/孙子女/孙女
武修文,武敦儒,"弟子 : 武家兄弟 ( 武修文 , 武敦儒 )",人物关系/亲属关系/血亲/自然血亲/兄弟姐妹/哥哥
水笙,汪啸风,第 12 集 水笙 带 狄云回 大理 ， 因 汪啸风 练 邪功 走火入魔 ， 需 金鲤 疗伤 ， 但 金鲤 已 被 狄云 吞食 ， 狄云 愿意 放血 医治 啸风 。,人物关系/亲属关系/血亲/自然血亲/兄弟姐妹/哥哥
孟优,孟获,三擒三纵 : 孟获 对 弟弟 孟优 说 ， 我们 已知 蜀军 军情 ， 你领 百余 精兵 去向 孔明 献宝 ， 借机 杀 了 孔明 。,人物关系/亲属关系/血亲/自然血亲/兄弟姐妹/哥哥
杨婵,杨戬,眼看 杨戬 就要 被 小 金乌 所杀 ， 哮天 犬 带 着 杨婵 和 哪吒 赶到 。,人物关系/亲属关系/血亲/自然血亲/兄弟姐妹/哥哥
李汉俊,李书城,李汉俊 对 李书城 十分 尊敬 ， 每次 吃饭 ， 兄弟俩 都 要 并排而坐 ， 边 吃 边 谈 。,人物关系/亲属关系/血亲/自然血亲/兄弟姐妹/哥哥
元孚,元昌,元孚 介绍 : 元孚 ， 字秀 和 ， 元昌 弟 。,人物关系/亲属关系/血亲/自然血亲/兄弟姐妹/哥哥
鲁西西,皮皮鲁,哪怕 你 的 眼里 我们 只是 皮皮鲁 与 鲁西西 。,人物关系/亲属关系/血亲/自然血亲/兄弟姐妹/哥哥
孟优,孟获,七擒 孟获 三擒三纵 : 孟获 对 弟弟 孟优 说 ， 我们 已知 蜀军 军情 ， 你领 百余 精兵 去向 孔明 献宝 ， 借机 杀 了 孔明 。,人物关系/亲属关系/血亲/自然血亲/兄弟姐妹/哥哥
毛泽民,毛泽东,撮合 婚姻 : 在 新疆 期间 ， 邓发 一手 撮合 成 了 毛泽东 亲 弟弟 毛泽民 和 朱旦华 的 婚事 。,人物关系/亲属关系/血亲/自然血亲/兄弟姐妹/哥哥
李蔡,李广,李蔡 是 李广 的 从弟 ， 才能 在 下品 之中 ， 以 九品 论人 属 第八 等 ， 没有 什么 能耐 ， 可 他 青云直上 ， 官运亨通 ， 爵封 乐安 侯 ， 官 一直 做到 宰相 。,人物关系/亲属关系/血亲/自然血亲/兄弟姐妹/哥哥
艾欧里亚,艾俄洛斯,艾欧里亚 人物 设定 : 射手座 黄金 圣斗士 艾俄洛斯 的 弟弟 ， 守护 第五 宫 狮子 宫 的 黄金 圣斗士 ， 是 智 、 仁 、 勇 兼具 的 模范 圣斗士 。,人物关系/亲属关系/血亲/自然血亲/兄弟姐妹/哥哥
穆春,穆弘,土豪 恶霸 穆弘 穆春,人物关系/亲属关系/血亲/自然血亲/兄弟姐妹/哥哥
曾国潢,曾国藩,曾国藩 同治 四年 十月初 五日 写给 曾国潢 和 曾国荃 的 家书,人物关系/亲属关系/血亲/自然血亲/兄弟姐妹/哥哥
孟优,孟获,三国 时期 ， 孟获 之兄 孟优 得 异人授 以 仙书 ， 居巍 宝山 中 ， 以 方术 济人 。,人物关系/亲属关系/血亲/自然血亲/兄弟姐妹/哥哥
甄子菁,甄子丹,4 幕后 花絮 : 甄子丹 为了 扶持 妹妹 甄子菁 ， 便 让 妹妹 甄子菁 在 影片 中 出演 了 紫藤 女 。,人物关系/亲属关系/血亲/自然血亲/兄弟姐妹/哥哥
毛泽民,毛泽东,· 第十五章 毛泽民 与 大嫂 贺子珍 · 第十六章 毛泽东 与 两个 弟弟 的 · 第十六章 毛泽东 与 两个 弟弟 的 · 第十六章 毛泽东 与 两个 弟弟 的,人物关系/亲属关系/血亲/自然血亲/兄弟姐妹/哥哥
孟优,孟获,3 、 孟获 ： 因为 孟优 的 攻击力 与 时间 走动 大大 低于 他哥 ， 所以 用 获 是 最好 的 ， 孟家 拳 能否 展现 真正 的 实力 ， 这个 场景 是 实验场 ！,人物关系/亲属关系/血亲/自然血亲/兄弟姐妹/哥哥
龙幽,龙溟,龙溟 和 魔 翳 在 龙幽 学习 成才 过程 中 起到 不可或缺 的 作用 。,人物关系/亲属关系/血亲/自然血亲/兄弟姐妹/哥哥
周武,周文,9 世祖 冉季载 ： 周文 王 姬昌 第十 子 ， 周武 王 姬发 同 母弟 ， 封于 冉 （ 国都 在 今 山东 定陶 ） ， 以国 为 氏 ， 冉氏 得 姓 始祖,人物关系/亲属关系/血亲/自然血亲/兄弟姐妹/哥哥
李汉俊,李书城,李书城 支持 胞弟 : 李汉俊 是 李书城 的 胞弟 ， 是 中共 早期 的 主要 领袖 。,人物关系/亲属关系/血亲/自然血亲/兄弟姐妹/哥哥
元子思,元子华,元子思 ， 字 众念 ， 元子华 弟 。,人物关系/亲属关系/血亲/自然血亲/兄弟姐妹/哥哥
周武,周文,叔颖 ： 姬姓 ， 名颖 ， 周文 王姬 昌 第十九 子 ， 周武 王姬 发异 母弟 ， 周朝 诸侯国 赖国始 封君 、 赖姓 始祖 。,人物关系/亲属关系/血亲/自然血亲/兄弟姐妹/哥哥
李蔡,李广,2 词语 解释 : 指 李广 从弟 李蔡 。,人物关系/亲属关系/血亲/自然血亲/兄弟姐妹/哥哥
曾国潢,曾国藩,过 了 一年 多 时间 ， 曾国藩 对 曾国潢 在 作诗 方面 的 长进 感到 非常高兴 ， 同时 又 告诫 他 ： “ 须 有志 有恒 ， 乃有 成就 耳 。 ”,人物关系/亲属关系/血亲/自然血亲/兄弟姐妹/哥哥
李偲菘,李伟菘,此张 专辑 是 由 音乐 总监 包小柏 、 金曲 团队 李偲菘 、 李伟菘 ， 另有 陈伟 、 陈子鸿 ， 共同完成 整张 专辑 的 制作 。,人物关系/亲属关系/血亲/自然血亲/兄弟姐妹/哥哥
高师泰,高师直,高师直 及其 弟 高师泰 在 被 押往 京都 的 途中 ， 于 摄津 被 上杉 能宪所 杀 ， 但 尊氏 与 直义 的 矛盾 却 依然 存在 。,人物关系/亲属关系/血亲/自然血亲/兄弟姐妹/哥哥
刘霓娜,刘诺一,（ 刘诺一 因 感冒 缺席 军训 部分 、 由 刘霓娜 代班 。 ）,人物关系/亲属关系/血亲/自然血亲/兄弟姐妹/哥哥
杨婵,杨戬,电视 小说 宝莲灯 前传 作品简介 : 玉皇大帝 的 妹妹 瑶姬 不顾 天规 和 杨天佑 育下 杨蛟 、 杨戬 和 杨婵 ， 共享 天伦 。,人物关系/亲属关系/血亲/自然血亲/兄弟姐妹/哥哥
李偲菘,李伟菘,李偲菘 是 李伟菘 的 孪生 弟弟 。,人物关系/亲属关系/血亲/自然血亲/兄弟姐妹/哥哥
周武,周文,， 周文 饶 是 已经 十七岁 ， 和 他 哥哥 周武 一样 生 的 人高马大 ， 也 是 吓了一跳 ， “ 死 的 ？ ”,人物关系/亲属关系/血亲/自然血亲/兄弟姐妹/哥哥
陈永奎,陈永燊,陈永燊 — — 陈瑞 球 之 儿子 、 陈永奎 之弟 及 陈淑玲 之兄,人物关系/亲属关系/血亲/自然血亲/兄弟姐妹/弟弟
张忠仁,张忠义,1 个人经历 : 1979 年 ， 连体婴 张忠仁 、 张忠义 兄弟 接受 分割 手术 重获 新生 ， 成为 亚洲 首例 。,人物关系/亲属关系/血亲/自然血亲/兄弟姐妹/弟弟
刘星,夏雨,在 电视 情景喜剧 《 家有 儿女 》 中 ， 刘星 和 夏雨 是 两个 淘气包 ， 搞出 了 家 有 儿女 3 不少 恶作剧 。,人物关系/亲属关系/血亲/自然血亲/兄弟姐妹/弟弟
刘星,夏雨,家有 儿女 讲述 了 夏东海 夫妇 及 子女 刘星 、 夏雨 和 夏雪 的 一系列 故事 。,人物关系/亲属关系/血亲/自然血亲/兄弟姐妹/弟弟
汤镇宗,汤镇业,《 乾隆 那些 事 》 饰演 校尉 瑞察 导演 ： 李力安 合作 演员 ： 汤镇宗 汤镇业 军装 靓照 ( 6 张 ),人物关系/亲属关系/血亲/自然血亲/兄弟姐妹/弟弟
罗松,罗成,使用者 罗成 侄子 罗焕 ， 罗松 之子 ， 出现 作品 《 隋唐演义 》 。,人物关系/亲属关系/血亲/自然血亲/兄弟姐妹/弟弟
李瀚章,李鸿章,"曾文正公 家书 出版 信息 : 作者 ： （ 清 ） 曾国藩 著 , （ 清 ） 李瀚章 编撰 , （ 清 ） 李鸿章 校刊",人物关系/亲属关系/血亲/自然血亲/兄弟姐妹/弟弟
张崇基,张崇德,第 12 届 （ 1993 年 ） : 金奖 张崇基 张崇德 银奖 李美林 （ 李玟 ） 。,人物关系/亲属关系/血亲/自然血亲/兄弟姐妹/弟弟
李瀚章,李鸿章,⑥ 李瀚章 （ 李鸿章 长兄 ） （ 1821 年 - 1899 年 ） 1889 年 8 月 8 日 - 1895 年 4 月 13 日任 两广总督,人物关系/亲属关系/血亲/自然血亲/兄弟姐妹/弟弟
方如沁,方兰生,方如沁 和 孙月言 这边 正 担心 方兰生 ， 就 见 欧阳少恭 带 着 假巽芳 和 方兰生 回来 。,人物关系/亲属关系/血亲/自然血亲/兄弟姐妹/弟弟
汤镇宗,汤镇业,2011 年 10 月 10 日 ， 何晟铭 与 汤镇宗 、 汤镇业 等到 江西 新建县 联 圩镇 的 大 圩 小学 ， 为 学生 们 捐资助学 ， 献爱心 。,人物关系/亲属关系/血亲/自然血亲/兄弟姐妹/弟弟
方如沁,方兰生,而 方兰生 钟情 于小 狐狸 襄铃 ， 却 因 襄铃 对 屠苏 的 一片痴心 和 二姐 方如沁 的 百般阻挠 变得 前路 未卜 。,人物关系/亲属关系/血亲/自然血亲/兄弟姐妹/弟弟
钱学渠,钱学森,钱学渠 ， 他 是 钱学森 的 堂弟 。,人物关系/亲属关系/血亲/自然血亲/兄弟姐妹/弟弟
武敦儒,武修文,靖 、 蓉 为 寻找 黄药师 ， 巧遇 武三通 之子 武敦儒 、 武修文 ， 杨康之 子 杨过 。,人物关系/亲属关系/血亲/自然血亲/兄弟姐妹/弟弟
刘星,夏雨,夏雨 把 半杯 牛奶 倒进 了 刘星 的 足球鞋 ， 刘星 回来 说 他 穿 了 那 有 牛奶 味 的 足球鞋 ， 把 自己 当成 了 贝克汉姆 ， 一人 独进 三球 ， 大胜 对方 。,人物关系/亲属关系/血亲/自然血亲/兄弟姐妹/弟弟
蒋壹,蒋休,蒋壹 死后 无子 ， 弟 蒋休 领兵 ， 后 有罪 被 免职 。,人物关系/亲属关系/血亲/自然血亲/兄弟姐妹/弟弟
张苞,张绍,子女 张苞 张绍 大张 氏 小张 氏,人物关系/亲属关系/血亲/自然血亲/兄弟姐妹/弟弟
罗松,罗成,隋唐 时期 罗艺 之孙 （ 祖母 姜桂芝 ） ， 罗松 之子 ， 罗成 的 侄子 ， 死 于 薛丁山 征西 ， 儿子 罗平 ， 女儿 罗盈 。,人物关系/亲属关系/血亲/自然血亲/兄弟姐妹/弟弟
梁麟,梁钟铭,1980 年底 ， 梁钟铭 和 其 大哥 梁麟 一起 到 东莞 从事 加工 生产 。,人物关系/亲属关系/血亲/自然血亲/兄弟姐妹/弟弟
严贡生,严监生,"《 严监生 和 严贡生 》 ： “ 知县 准 了 状子 , 发房 出 了 差 来到 严家 。 ”",人物关系/亲属关系/血亲/自然血亲/兄弟姐妹/弟弟
柳承莞,柳承范,柳承范 会 出现 在 主演 名单 里 当然 不需 讶异 ， 作为 导演 的 兄弟 ， 他 已 是 柳承莞 作品 的 固定 班底 。,人物关系/亲属关系/血亲/自然血亲/兄弟姐妹/弟弟
陈宇风,陈熙锋,出生 在 高雄 ， 家里 有 四兄弟 — — 大哥 、 二哥 ， 陈熙锋 和 陈宇风 则 是 双胞胎 。,人物关系/亲属关系/血亲/自然血亲/兄弟姐妹/弟弟
陈澄,陈清,陈清 六十四岁 才 得 一女 ， 取名 陈一 称金 ， 年方 八岁 ； 陈澄 五十多岁 得 一 男孩 ， 取名 陈关保 ， 年 才 七岁 。,人物关系/亲属关系/血亲/自然血亲/兄弟姐妹/弟弟
贾元春,贾宝玉,就 连 贾元春 一手 抚养 的 亲 弟弟 贾宝玉 ， 一个 未成年 的 孩子 ， 贾元春 没有 传命 ， 他 也 只能 站 在 室外 ， 所谓 “ 无谕 ， 外 男 不敢 擅入 ” 。,人物关系/亲属关系/血亲/自然血亲/兄弟姐妹/弟弟
周志文,周志康,（ 林峰 、 徐子珊 、 林欣彤 携 胡鸿钧 、 周志文 、 周志康 、 谢东闵 倾力 演出 ） 周志文 节目主持 : 2011 年 ： 《 西湖 》,人物关系/亲属关系/血亲/自然血亲/兄弟姐妹/弟弟
李瀚章,李鸿章,李瀚章 （ 公元 1821 - 1899 年 ） ， 肥东县 磨店 人 ， 李鸿章 长兄 。,人物关系/亲属关系/血亲/自然血亲/兄弟姐妹/弟弟
南宫敬叔,孟懿子,师事 出处 : 1 、 《 左传 · 昭公 七年 》 ： “ 故 孟懿子 与 南宫敬叔 师事 仲尼 。 ”,人物关系/亲属关系/血亲/自然血亲/兄弟姐妹/弟弟
周志文,周志康,周志康 ， 香港 男歌手 及 演员 ， 祖籍 广东 连平 ， 与 孪生 哥哥 周志文 都 是 第一届 《 超级 巨声 》 参赛者 之一 ， 现为 无线电视 经理人 合约 男 艺员 。,人物关系/亲属关系/血亲/自然血亲/兄弟姐妹/弟弟
方如沁,方兰生,方如沁 ， 女 ， 23 岁 ， 是 国产 RPG 游戏 《 古剑 奇谭 ： 琴心 剑魄 今何在 》 中 的 配角 ， 方兰生 的 二姐 。,人物关系/亲属关系/血亲/自然血亲/兄弟姐妹/弟弟
李瀚章,李鸿章,李鸿章 扶植 米市 是 事实 ， 但 具体 操作者 是 张樵 野 （ 张荫桓 ） ， 同治 年间 他 就 结识 了 广东 督粮道 李瀚章 （ 鸿章 之兄 ） 。,人物关系/亲属关系/血亲/自然血亲/兄弟姐妹/弟弟
李梅儿,上官兰心,封 上官兰心 为 静贤妃 ， 封 金碧瑶 为 英德 妃 ， 李梅儿 为 李选侍 。,人物关系/亲属关系/血亲/自然血亲/兄弟姐妹/姐姐
吕素,吕雉,秦美人 吕素 : 吕素 是 吕雉 的 妹妹 ， 温柔 美丽 、 品性 善良 ， 与 姐姐 吕雉 完全 不同 。,人物关系/亲属关系/血亲/自然血亲/兄弟姐妹/姐姐
张子静,张爱玲,张子静 去 的 那天 ， 姑姑 上班 去 了 ， 张爱玲 也 不 在家 ， 家中 只有 母子 二人 ， 家里 安安静静 的 ， 原该 有 一个 柔情 涌动 的 气场 。,人物关系/亲属关系/血亲/自然血亲/兄弟姐妹/姐姐
西门雁,西门云,西门雁 到 咸阳 寻找 她 的 孪生 姐姐 西门云 ， 可 没想到 ， 被 册封 为 美人 的 姐姐 仅仅 因为 没有 按时 叫醒 秦始皇 就 被 赐死 。,人物关系/亲属关系/血亲/自然血亲/兄弟姐妹/姐姐
和政公主,宁国公主,和政公主 亲自 煮饭 ， 端 给 宁国公主 吃 ， 宁国公主 渐渐 恢复 了 体力 ， 如果 不是 和政公主 照料 ， 宁国公主 恐怕 早就 死 了 。,人物关系/亲属关系/血亲/自然血亲/兄弟姐妹/姐姐
张瑶萱,张瑶华,现时 二人 育有 两个 女儿 ， 大 女儿 张瑶华 ， 小女儿 张瑶萱 。,人物关系/亲属关系/血亲/自然血亲/兄弟姐妹/姐姐
尹澄,尹夏沫,尹夏沫 演艺 经历 : 与 尹澄 和 洛熙 参加 超级 巨星 ， 唱 《 黑猫 与 牛奶 》 彩虹 广场 上 唱 《 钻石 》,人物关系/亲属关系/血亲/自然血亲/兄弟姐妹/姐姐
裴元庆,裴翠云,隋末 ， 程咬金 聚义 瓦岗寨 ， 为 收服 小将 裴元庆 ， 在 军师 徐茂 公的 巧计 安排 下 ， 程咬金 充 良医 骗 笔迹 ， 诓 裴翠云 上山 成亲 。,人物关系/亲属关系/血亲/自然血亲/兄弟姐妹/姐姐
赵合德,赵飞燕,四 、 两个 女人 ： 赵飞燕 与 赵合德,人物关系/亲属关系/血亲/自然血亲/兄弟姐妹/姐姐
赵合德,赵飞燕,燕赤凤 野史 : 赵飞燕 做 了 皇后 ， 成帝 对 她 的 宠爱 却 渐渐 衰减 ， 而 其 妹妹 赵合德 则 受到 成帝 的 备加 宠爱 ， 被 封为 昭仪 ， 住 在 昭阳 宫中 。,人物关系/亲属关系/血亲/自然血亲/兄弟姐妹/姐姐
赵合德,赵飞燕,在 这样 的 理论指导 下 ， 他 长期 与 外戚 集团 王氏 对立 ， 也 曾 进言 阻止 赵飞燕 、 赵合德 姐妹 晋封 。,人物关系/亲属关系/血亲/自然血亲/兄弟姐妹/姐姐
尤二姐,尤氏,尤三姐 : 尤三姐 ， 十二 副钗 之一 ， 尤氏 继母 带来 的 女儿 ， 尤二姐 的 妹妹 。,人物关系/亲属关系/血亲/自然血亲/兄弟姐妹/姐姐
欧阳娣娣,欧阳妮妮,2013 / 04 / 20 动力火车 、 欧阳龙 、 傅娟 、 欧阳娜娜 、 欧阳妮妮 、 欧阳娣娣 、 澎 恰恰 、 王予柔,人物关系/亲属关系/血亲/自然血亲/兄弟姐妹/姐姐
李德亭,李德宁,子女 ： 两个 女儿 （ 李德宁 、 李德亭 ）,人物关系/亲属关系/血亲/自然血亲/兄弟姐妹/姐姐
牧野枣,牧野遥,牧野遥 相关 人物 : 妹妹 们 ： 牧野枣 、 牧野晶 、 牧野冬,人物关系/亲属关系/血亲/自然血亲/兄弟姐妹/姐姐
邢德全,邢夫人,《 红楼梦 》 第七 五 回 ： “ 近日 邢夫人 的 胞弟 邢德全 也 酷好 如此 ， 所以 也 在 其中 。 ”,人物关系/亲属关系/血亲/自然血亲/兄弟姐妹/姐姐
陆无双,程英,那 【 程英 姑娘 】 ， 陆无双 姑娘 ， 也 都 是 【 品貌双全 】 、 重情 笃义 之 人 。,人物关系/亲属关系/血亲/自然血亲/兄弟姐妹/姐姐
陆无双,程英,程英 及 陆无双 心系 杨过 ， 流露 情意 ， 郭芙因 前事 对 陆无双 怒气 郁积 已 久 ， 忍不住 出言 讥嘲 ， 被 黄蓉 喝止 才 作罢 ， 郭 芙 与 众人 回 襄阳 。,人物关系/亲属关系/血亲/自然血亲/兄弟姐妹/姐姐
陆无双,程英,两口 只 相差 半载 年纪 ， 可是 程英 【 秀雅 文静 】 ， 陆无双 却是 十分 的 活泼 ， 两个 儿 性格 截然不同 。,人物关系/亲属关系/血亲/自然血亲/兄弟姐妹/姐姐
凌音,凌波,当 凌波 助 龙溟 盗鼎 一事 发生 后 ， 凌音 对 姐姐 的 行为 百思不解 ， 把 她 的 事 都 藏 在 心里 面 ， 不再 对人 提起 。,人物关系/亲属关系/血亲/自然血亲/兄弟姐妹/姐姐
陆无双,程英,义妹 ： 陆无双 、 程英,人物关系/亲属关系/血亲/自然血亲/兄弟姐妹/姐姐
赵合德,赵飞燕,赵飞燕 的 父亲 叫 冯 万金 ， 做 江都 王府 里 的 舍人 ， 与 江都王 的 孙女 姑苏 郡主 私通 ， 生下 了 赵飞燕 和 赵合德 两个 孪生姐妹 。,人物关系/亲属关系/血亲/自然血亲/兄弟姐妹/姐姐
陆无双,程英,表妹 ： 陆无双 程英,人物关系/亲属关系/血亲/自然血亲/兄弟姐妹/姐姐
文姜,宣姜,堂姐妹 ： 宣姜 、 文姜,人物关系/亲属关系/血亲/自然血亲/兄弟姐妹/姐姐
陆无双,程英,杨过 为何 爱 小龙女 不爱 郭襄 、 郭 芙 、 程英 、 陆无双 、 公孙绿萼 、 耶律燕 ？,人物关系/亲属关系/血亲/自然血亲/兄弟姐妹/姐姐
赵合德,赵飞燕,六月 ， 封 赵飞燕 为 皇后 ， 封 赵合德 为昭仪 ， 大赦天下 。,人物关系/亲属关系/血亲/自然血亲/兄弟姐妹/姐姐
吕素,吕雉,吕素 : 吕素 是 吕雉 的 妹妹 ， 温柔 美丽 、 品性 善良 ， 与 姐姐 吕雉 完全 不同 。,人物关系/亲属关系/血亲/自然血亲/兄弟姐妹/姐姐
赵合德,赵飞燕,红颜 祸水 — — 汉成帝 刘骜 皇后 赵飞燕 、 赵合德 姐妹,人物关系/亲属关系/血亲/自然血亲/兄弟姐妹/姐姐
李梅儿,上官兰心,李梅儿 《 美人计 》 : 明光宗 朱常洛 即位 后 ， 他 梦想 与 深爱 的 妻子 上官兰心 双宿双飞 ， 白头到老 。,人物关系/亲属关系/血亲/自然血亲/兄弟姐妹/姐姐
凌音,凌波,凌音 找 凌波 ， 告诉 她 自己 是 第一次 代表 师门 出席 武林 盛事 ， 有些 紧张 。,人物关系/亲属关系/血亲/自然血亲/兄弟姐妹/姐姐
皮皮鲁,鲁西西,郑渊洁 被誉为 童话 大王 ， 他 创作 的 童话 人物 皮皮鲁 、 鲁西西 、 舒克和贝塔 成为 亿万 小 读者 心中 的 明生 ， 影响 了 几代人 的 成长 。,人物关系/亲属关系/血亲/自然血亲/兄弟姐妹/妹妹
赵飞燕,赵合德,小聪明 害死 人 — — 赵飞燕 赵合德 姐妹,人物关系/亲属关系/血亲/自然血亲/兄弟姐妹/妹妹
孙莹莹,孙芸芸,孙莹莹 个人 生活 : 孙莹莹 ， 父亲 为 太平洋 电线电缆 集团 前 董事长 孙道存 ， 母亲 是 元 大 证券 副董事长 何念慈 ， 名媛 孙芸芸 的 姐姐 。,人物关系/亲属关系/血亲/自然血亲/兄弟姐妹/妹妹
孟凡,孟芙,姐妹花 孟凡 和 孟芙 深陷 其中 ， 幸亏 太监 小马 子 的 暗中帮助 才 逃过 劫难 。,人物关系/亲属关系/血亲/自然血亲/兄弟姐妹/妹妹
皮皮鲁,鲁西西,皮皮鲁 、 鲁西西 、 大灰狼 罗克 、 舒克和贝塔 是 他 笔下 的 人物 。,人物关系/亲属关系/血亲/自然血亲/兄弟姐妹/妹妹
皮皮鲁,鲁西西,皮皮鲁 和 鲁西西 剧集 评价 : “ 这部 剧 最 吸引 我 的 是 从小 培养 善良 、 友爱 、 勇敢 、 诚实 等 优秀品质 的 正 能量 。 ”,人物关系/亲属关系/血亲/自然血亲/兄弟姐妹/妹妹
曾江,林翠,秦剑 一生 有 许多 弟子 ， 楚原 、 林翠 、 龙刚 、 谢贤 、 嘉玲 、 南红 、 江雪 、 曾江 、 姜中平 、 王伟 、 陈齐颂 、 胡燕妮 等,人物关系/亲属关系/血亲/自然血亲/兄弟姐妹/妹妹
皮皮鲁,鲁西西,皮皮鲁 生日 纪念 : 皮皮鲁 和 鲁西西 30 岁 生日 庆典 ( 17 张 ),人物关系/亲属关系/血亲/自然血亲/兄弟姐妹/妹妹
皮皮鲁,鲁西西,3 月 ， 阔别 歌坛 7 年 的 阿雅 推出 单曲 《 皮皮鲁 和 鲁西西 》 ， 同年 携 自传 《 变形 纪之找 自己 》 于 6 月 发行 。,人物关系/亲属关系/血亲/自然血亲/兄弟姐妹/妹妹
孙少安,孙兰香,孙玉厚 在 路遥 的 《 平凡 的 世界 》 里 是 一个 伟大 的 父亲 ， 有 孙少安 、 孙少平 、 孙 兰花 和 孙兰香 四个 优秀 的 子女 。,人物关系/亲属关系/血亲/自然血亲/兄弟姐妹/妹妹
章子男,章子怡,另有 朋友圈 消息 称 ， 章子怡 哥哥 章子男 ， 不满 汪峰 向 章子怡 求婚 的 举动 ， 认为 汪峰 配不上 自己 妹妹 ， 对 婚事 有所 不满 。,人物关系/亲属关系/血亲/自然血亲/兄弟姐妹/妹妹
邵素雯,邵素云,黄美珍 年长 邵逸夫 5 岁 ， 婚后 两人育 有 两子 两女 ， 长子 邵维铭 、 次女 邵素雯 、 三女 邵素云 及 邵维钟 。,人物关系/亲属关系/血亲/自然血亲/兄弟姐妹/妹妹
杨诺思,杨永晴,2008 年 4 月 杨永晴 堂姐 杨诺思 透露 陈冠希 与 杨永晴 感情 未 变 ， 未有 分手 。,人物关系/亲属关系/血亲/自然血亲/兄弟姐妹/妹妹
贾珍,贾惜春,3 . 贾敬 生 贾珍 ( 长子 ) 、 贾惜春 ( 长女 ) ；,人物关系/亲属关系/血亲/自然血亲/兄弟姐妹/妹妹
和硕温恪公主,和硕敦恪公主,十三 爷党 胞妹 : 十三 公主 和硕温恪公主 （ 1687 年 ~ 1709 年 ） 和 十五 公主 和硕敦恪公主 （ 1691 年 ~ 1709 年 ） 。,人物关系/亲属关系/血亲/自然血亲/兄弟姐妹/妹妹
贾珍,贾惜春,贾惜春 — — 金陵 十二钗 之八 ， 宁国府 贾珍 的 妹妹 ， 贾府 四 小姐 ， 爱好 绘画 。,人物关系/亲属关系/血亲/自然血亲/兄弟姐妹/妹妹
程英,陆无双,杨过 在 告别 陆无双 与 程英 后于 山岭 间 信步而行 时 无意 中 遇到 了 金轮法王 师徒 一行 ， 在 帮 其 疗伤 后 杨过 要求 国师 帮 自己 报仇 。,人物关系/亲属关系/血亲/自然血亲/兄弟姐妹/妹妹
皮皮鲁,鲁西西,郑渊洁 — — 舒克 与 贝塔 历险记 ， 皮皮鲁 系列 ， 鲁西西 系列 等,人物关系/亲属关系/血亲/自然血亲/兄弟姐妹/妹妹
皮皮鲁,鲁西西,其 笔下 人物 皮皮鲁 、 鲁西西 、 舒克和贝塔 、 大灰狼 罗克 家喻户晓 ， 整整 影响 了 两代 人 。,人物关系/亲属关系/血亲/自然血亲/兄弟姐妹/妹妹
骆赢,骆羽,女双 ： 骆赢 / 骆羽 邓羽婷 / 包宜鑫,人物关系/亲属关系/血亲/自然血亲/兄弟姐妹/妹妹
赵飞燕,赵合德,二赵 释义 : “ 二赵 ” 是 中国 西汉时期 著名 的 美女 赵飞燕 、 赵合德 的 合称 。,人物关系/亲属关系/血亲/自然血亲/兄弟姐妹/妹妹
楚寒镜,楚碧痕,神农 与 伏羲 相争 ， 神农 离开 炎帝 神农 洞 前往 人间 ， 梭罗树 仙 楚寒镜 和 楚碧痕 、 熔岩 兽王 等 留于 洞 内 。,人物关系/亲属关系/血亲/自然血亲/兄弟姐妹/妹妹
尤二姐,尤三姐,尤三姐 : 尤三姐 ， 十二 副钗 之一 ， 尤氏 继母 带来 的 女儿 ， 尤二姐 的 妹妹 。,人物关系/亲属关系/血亲/自然血亲/兄弟姐妹/妹妹
皮皮鲁,鲁西西,每 扇门 里 都 有着 惊险 的 故事 ， 大家 和 皮皮鲁 、 鲁西西 一起 到 这 四扇 门里 去 探险 吧 。,人物关系/亲属关系/血亲/自然血亲/兄弟姐妹/妹妹
李思,李念,牵手 成功 : 著名 女演员 李念 的 亲生 哥哥 李思 于 2014 年 7 月 28 日晚 登上 《 非诚 勿扰 》 ， 专 为 台上 的 13 号 女生 李璐 而 来 。,人物关系/亲属关系/血亲/自然血亲/兄弟姐妹/妹妹
赵飞燕,赵合德,得宠 的 是 赵合德 ， 从小 与 赵飞燕 一起 长大 ， 对 姐姐 十分 尊敬 ， 在 成帝 面前 为 她 百般 回护 ， 因而 飞燕 的 地位 并未 因 皇帝 移宠 而 动摇 。,人物关系/亲属关系/血亲/自然血亲/兄弟姐妹/妹妹
李思,李念,李璐 牵手 成功 : 著名 女演员 李念 的 亲生 哥哥 李思 于 2013 年 7 月 28 日晚 登上 《 非诚 勿扰 》 ， 专 为 台上 的 13 号 女生 李璐 而 来 。,人物关系/亲属关系/血亲/自然血亲/兄弟姐妹/妹妹
曾江,林翠,父亲 为 港台 影坛 武打 巨星 王羽 ， 母亲 为 有 「 学生 情人 」 封号 的 已故 女星 林翠 ， 舅父 为 著名演员 曾江 。,人物关系/亲属关系/血亲/自然血亲/兄弟姐妹/妹妹
马冬晗,马冬昕,清华 学霸 “ 姐妹花 ” 马冬晗 与 马冬昕,人物关系/亲属关系/血亲/自然血亲/兄弟姐妹/妹妹
张楚儿,张信儿,2013 年 12 月 14 日 ， 蔡少芬 ( Ada ) 与 老公 张晋 和 两位 小 公主 张楚儿 、 张信儿 一家 四口 ， 为 自己 的 童装 品牌 新店 出席 开幕礼 。,人物关系/亲属关系/血亲/自然血亲/兄弟姐妹/妹妹
丁英,李双江,丁英 个人简介 : 丁英 ， 舞蹈演员 ， 李双江 前妻 ， 曾经 是 位 非常 出色 的 舞蹈演员 ， 育有 一子 取名为 李贺 。,人物关系/亲属关系/配偶/丈夫/前夫
许婧,陈赫,而 在 6 月 2 日晚 ， 陈赫 本人 发布 微博 打破 传言 ， 据悉 ， 陈赫 只是 求婚 ， 暂时 没有 领证 ， 但 许婧 应 会 同意 。,人物关系/亲属关系/配偶/丈夫/前夫
梁静慈,甄子丹,住院 期间 ， 梁静慈 几乎 寸步不离 ， 但 甄子丹 似乎 无动于衷 ， 没 去 探望 ， 反倒 跑 去 潜水 。,人物关系/亲属关系/配偶/丈夫/前夫
金友庄,高凌风,高凌风 因 血癌 病逝 享年 63 岁 ( 图 ) 金友庄 离缘 一事 : 1994 年 4 月经 由 友人 介绍 ， 与 高 重逢 ， 进而 相恋 ； 翌年 8 月 28 日 两人 结婚 。,人物关系/亲属关系/配偶/丈夫/前夫
金友庄,高凌风,金友庄 个人 生活 : 金友庄 婚姻生活 : 金友庄 透过 好友 林兰芷 介绍 ， 认识 了 比 自己 大 19 岁 的 高凌风 ， 1995 年 8 月 28 日 结婚 。,人物关系/亲属关系/配偶/丈夫/前夫
金友庄,高凌风,"2010 年 绝对 不 跟 你 跨 年 来宾 ： 高凌风 , 金友庄 , 麦 可 , 况明洁 , 艾力克斯 , 李咏娴",人物关系/亲属关系/配偶/丈夫/前夫
张洁,周立波,张洁 ： 请问 周立波 ， 我 是 1993 年 到 日本 ， 1994 年 就 一直 在 日本 工作 ， 在 日本 “ 丸 大 食品 ” 公司 和 “ 房屋 置业 公司 ” 做工 。,人物关系/亲属关系/配偶/丈夫/前夫
张洁,周立波,由于 张母 喜欢 上海 地方戏 ， “ 张洁 ” 也 和 周立波 有 了 一些 接触 。,人物关系/亲属关系/配偶/丈夫/前夫
丁英,李双江,1 个人简介 : 丁英 ， 舞蹈演员 ， 李双江 前妻 ， 曾经 是 位 非常 出色 的 舞蹈演员 ， 育有 一子 取名为 李贺 。,人物关系/亲属关系/配偶/丈夫/前夫
金友庄,高凌风,高凌风 、 金友庄,人物关系/亲属关系/配偶/丈夫/前夫
施南生,徐克,好多 前辈 施南生 、 黄斌 ， 多谢 徐克 （ 我入行 就 跟着 他 ） ， 多谢 刘伟强 麦兆辉 给 我 好多 机会 ， 感激 尔冬升 （ 这部 戏 的 监制 ） 。 ”,人物关系/亲属关系/配偶/丈夫/前夫
江欣燕,吴积逊,江欣燕 （ ElvinaKong ， 1967 年 7 月 6 日 － ） ， 香港 无线电视 演员 及 歌手 ， 已婚 ， 丈夫 是 吴积逊 ， 出 生于 香港 。,人物关系/亲属关系/配偶/丈夫/前夫
金友庄,高凌风,高凌风 . 金友庄,人物关系/亲属关系/配偶/丈夫/前夫
张洁,周立波,当 张洁 觉察 周立波 有所 异常 ， 并 对 其 进行 劝说 劝告 ， 周立波 非但 没有 回头 的 意思 ， 反而 不断 提出 离婚 ， 并 单方面 搬离 两人 之前 场所 。,人物关系/亲属关系/配偶/丈夫/前夫
施南生,徐克,施南生 最早 知道 徐克 ， 还是 在 “ 发小 ” 张培 薇 的 信中 。,人物关系/亲属关系/配偶/丈夫/前夫
何超琼,许晋亨,许晋亨 先生 = = 何超琼 女士 （ 离婚 ） 、 李嘉欣 女士,人物关系/亲属关系/配偶/丈夫/前夫
谢依纯,马国毕,"2011.09 . 22 明星 夫妻 合体 舞蹈 比赛 ( 下 ) 来宾 ： 沈玉琳 芽芽 , 黄镫辉 萁 萁 , 马国毕 谢依纯 , 艾力克斯 李咏娴 , Kimiko",人物关系/亲属关系/配偶/丈夫/前夫
施南生,徐克,每年 年三十 除夕 ， 我们 都 是 跟 一众 友好 如 陈百强 、 徐克 、 施南生 夫妇 等 在 希尔顿酒店 共度 的 。,人物关系/亲属关系/配偶/丈夫/前夫
金友庄,高凌风,20090127 来宾 ： 侯昌明 、 高凌风 、 小亮 哥 、 曾雅兰 、 金友庄 、 林姿佑,人物关系/亲属关系/配偶/丈夫/前夫
许婧,陈赫,9 月 16 日 七点 左右 ， 陈赫 和 许婧 出现 在 上海浦东 机场 准备 启程 到 泰国 普吉岛 筹备 自己 的 梦幻 海滩 婚礼 。,人物关系/亲属关系/配偶/丈夫/前夫
张洁,周立波,张洁 ： 周立波 ， 我 居住 的 房子 是 我 香港 妹妹 的 房产 ， 是 我 香港 妹妹 汇款 到 上海 妹妹 的 账户 上 然后 购买 的 。,人物关系/亲属关系/配偶/丈夫/前夫
张洁,周立波,之后 ， 周立波 来到 日本 ， 要求 与 “ 张洁 ” 结婚 。,人物关系/亲属关系/配偶/丈夫/前夫
江欣燕,吴积逊,吴积逊 人物 介绍 : 江欣燕 与 吴积逊 结束 九年 爱情长跑 ， 2001 年 7 月 4 日 双双 步入 教 教堂 ， 踏进 人生 另 一个 阶段 。,人物关系/亲属关系/配偶/丈夫/前夫
许婧,陈赫,真爱 在 囧 途 参与 嘉宾 : 陈赫 、 许婧 夫妻,人物关系/亲属关系/配偶/丈夫/前夫
张洁,周立波,周立波 ： 房子 是 我 买 的 ， 但是 户主 写 的 是 张洁 妹妹 的 名字 ， 房子 的 按揭 款 也 是 我 直接 打到 卡 上去 的 … …,人物关系/亲属关系/配偶/丈夫/前夫
江欣燕,吴积逊,曾 与 张卫健 交往 ， 后 与 吴积逊 结婚 ， 婚后 江欣燕 就 退出 了 娱乐圈 。,人物关系/亲属关系/配偶/丈夫/前夫
张洁,周立波,张洁 透露 ， 2008 年 8 月 1 日 ， 周立波 同 上海 长江 商学院 的 一群 朋友 去 张家界 旅游 ， 认识 了 一位 叫 胡洁 的 女士 。,人物关系/亲属关系/配偶/丈夫/前夫
何超琼,许晋亨,1991 年 ， 何超琼 嫁给 许晋亨 ， 婚宴 连续 摆 了 三天 ， 费用 高达 2000 万港元 ， 被 媒体 形容 为 “ 世纪 童话 式 婚宴 ” 。,人物关系/亲属关系/配偶/丈夫/前夫
许婧,陈赫,2015 年 1 月 27 日晚 23 : 24 ， 陈赫 微博 发布 与 前妻 许婧 的 离婚 协议 。,人物关系/亲属关系/配偶/丈夫/前夫
张洁,周立波,周立波 个人 生活 : 1990 年 ， 周立波 爱上 了 比 自己 大 6 岁 的 女子 张洁 。,人物关系/亲属关系/配偶/丈夫/前夫
曹安民,曹操,曹安民 历史 结局 : 曹安民 在 此次 战争 中 丧命 后 ， 曹操 并 没有 为 他 的 祭奠 大做文章 ， 而 在 祭奠 典韦 的 时候 却 大为 恸哭 。,人物关系/亲属关系/血亲/自然血亲/叔伯姑舅姨/叔伯
宗悫,宗炳,南朝 宋国 著名 将领 宗悫 （ qu è ） 从小 就 有 雄心壮志 ， 喜欢 舞枪 弄 剑 ， 他 的 叔父 宗炳 问 他 的 志向 ， 他 回答 说 ： “ 愿乘 长风 破 万里 浪 ！ ”,人物关系/亲属关系/血亲/自然血亲/叔伯姑舅姨/叔伯
祖丁,沃甲,沃甲 逝世 ， 立 沃甲 之兄 祖辛 的 儿子 祖丁 ， 这 就是 祖丁 帝 。,人物关系/亲属关系/血亲/自然血亲/叔伯姑舅姨/叔伯
况天涯,况复生,况复生 的 表情 看起来 比 况天涯 还要 难受 的 样子 ， 他 不 想要 世界末日 ， 那 跟 他 奢望 的 未来 不 一样 ， 他 想要 成为 人 慢慢 的 长大 老去 ， 自然 死亡 。,人物关系/亲属关系/血亲/自然血亲/叔伯姑舅姨/叔伯
易继风,易天行,易继风 得 易天行 相助 ， 功力 大进 ， 去 北方 寻找 公主 ， 在 大漠 中 巧遇 少女 赵玉 儿 ， 两人 产生 感情 。,人物关系/亲属关系/血亲/自然血亲/叔伯姑舅姨/叔伯
宗悫,宗炳,南朝 宋国 著名 将领 宗悫 从小 就 有 雄心壮志 ， 喜欢 舞枪 弄 剑 ， 他 的 叔父 宗炳 问 他 的 志向 ， 他 回答 说 ： “ 愿乘 长风 破 万里 浪 ！ ”,人物关系/亲属关系/血亲/自然血亲/叔伯姑舅姨/叔伯
宗悫,宗炳,宗悫 小 的 时候 ， 宗炳 问 他 长大 后 志向 是 什么 ？,人物关系/亲属关系/血亲/自然血亲/叔伯姑舅姨/叔伯
成小玉,成龙,帮助 成龙 的 次数 和 集数 成小玉 持平 95 次 。,人物关系/亲属关系/血亲/自然血亲/叔伯姑舅姨/叔伯
赵粲,赵俊,后 追怀 舅氏 之恩 ， 显官 赵俊 ， 纳俊兄 虞 （ 赵虞 ） 女 粲 （ 赵粲 ） 于 后宫 为 夫人 。,人物关系/亲属关系/血亲/自然血亲/叔伯姑舅姨/叔伯
况天涯,况复生,况复生 活 了 七十多年 ， 别人 一些 细小 的 变化 他 还是 察觉 得到 了 ， 比如 况天涯 脸上 深沉 的 难过 ， 而后 一闪而释 的 释然 ， 似乎 是 做 了 什么 重要 的 决定 。,人物关系/亲属关系/血亲/自然血亲/叔伯姑舅姨/叔伯
曹安民,曹操,出现 在 第十六回 ， 被 曹操 强纳 ， 生出 之后 张绣 造反 ， 曹操 兵败 宛城 ， 曹昂 、 典韦 、 曹安民 战死 等 诸多 之 事 。,人物关系/亲属关系/血亲/自然血亲/叔伯姑舅姨/叔伯
祖丁,沃甲,夏禹 之前 为 契公 封地 ， 殷商 时期 名 “ 庇 ” ， 祖乙 、 祖辛 、 沃甲 、 祖丁 、 南庚 曾 在 此 大力发展 农业 ， 同时 ， 也 是 兵家必争之地 。,人物关系/亲属关系/血亲/自然血亲/叔伯姑舅姨/叔伯
曹安民,曹操,曹操 的 爱将 典韦 ， 长子 曹昂 ， 侄子 曹安民 在 此次 战争 中 丧命 。,人物关系/亲属关系/血亲/自然血亲/叔伯姑舅姨/叔伯
宗悫,宗炳,据 《 宋书 · 宗悫 传 》 载 ： 宗悫 少年 时 ， 叔父 宗炳 问 他 的 志向 ， 他 说 ： “ 愿乘 长风 破 万里 浪 。 ”,人物关系/亲属关系/血亲/自然血亲/叔伯姑舅姨/叔伯
赵粲,赵俊,杨艳 追念 舅舅 赵俊 的 恩德 ， 让 赵俊 任 高官 居显任 ， 晋武帝 并 将 赵俊 哥哥 赵虞 的 女儿 赵粲 纳入 后宫 封 为 夫人 。,人物关系/亲属关系/血亲/自然血亲/叔伯姑舅姨/叔伯
曹安民,曹操,在 这 一战 中 ， 曹操 损失 一个 儿子 （ 曹昂 ） ， 一个 侄子 （ 曹安民 ） ， 一员 虎将 （ 典韦 ） ， 还有 一匹 良驹 （ 绝影 ） ， 可谓 损失惨重 。,人物关系/亲属关系/血亲/自然血亲/叔伯姑舅姨/叔伯
曹安民,曹操,曹操 进 宛城 纳降 时 ， 操侄 曹安民 引 邹夫人 见 曹操 。,人物关系/亲属关系/血亲/自然血亲/叔伯姑舅姨/叔伯
祖丁,沃甲,孙子 ： 商王 祖丁 （ 祖辛 之子 ） 、 商 王南庚 （ 沃甲 之子 ） 商朝 历代 君主 :,人物关系/亲属关系/血亲/自然血亲/叔伯姑舅姨/叔伯
赵粲,赵俊,唐馨瑶 感怀 舅父母 的 养育之恩 ， 奏请 武帝授 舅父 赵俊 高官 ， 又 将 表妹 赵粲 选人 后宫 为 夫人 。,人物关系/亲属关系/血亲/自然血亲/叔伯姑舅姨/叔伯
祖丁,沃甲,祖丁 死后 由 他 的 堂弟 南庚 ， 也 就是 商王 沃甲 的 儿子 ， 即商 王位 。,人物关系/亲属关系/血亲/自然血亲/叔伯姑舅姨/叔伯
曹安民,曹操,"曹操 损失惨重 ， 长子 曹昂 , 侄子 曹安民 ， 大将 典韦 等 都 被 张绣 所杀 。",人物关系/亲属关系/血亲/自然血亲/叔伯姑舅姨/叔伯
祖丁,沃甲,帝 祖丁 崩 ， 立弟 沃甲 之子 南庚 ， 是 为 帝南庚 。,人物关系/亲属关系/血亲/自然血亲/叔伯姑舅姨/叔伯
曹安民,曹操,曹操 损失惨重 ， 长子 曹昂 、 侄子 曹安民 、 大将 典韦 等 都 被 张绣 所杀 。,人物关系/亲属关系/血亲/自然血亲/叔伯姑舅姨/叔伯
曹安民,曹操,曹安民 军事 生涯 : 197 年 ， 曹操 南征 ， 部队 到达 淯 水 ， 张绣 率众 投降 。,人物关系/亲属关系/血亲/自然血亲/叔伯姑舅姨/叔伯
曹安民,曹操,体重 ： 61 公斤 电视剧 《 曹操 》 中所饰 曹安民 ( 8 张 ),人物关系/亲属关系/血亲/自然血亲/叔伯姑舅姨/叔伯
况天涯,况复生,没过多久 王珍珍 就 过来 了 ， 她 对 这 两 小孩 已经 非常 熟悉 ， 而且 况复生 和 况天涯 与 她 教过 的 那些 小学生 可不 一样 ， 两个 人 都 乖得 很 ， 也 不 爱 吵闹 ， 不会 有 无法 专心 的 情况 。,人物关系/亲属关系/血亲/自然血亲/叔伯姑舅姨/叔伯
祖丁,沃甲,沃甲 死后 由 他 的 侄子 、 祖辛 的 儿子 祖丁 继位 。,人物关系/亲属关系/血亲/自然血亲/叔伯姑舅姨/叔伯
祖丁,沃甲,祖丁 在位 32 年 祖辛 子 、 沃甲 侄,人物关系/亲属关系/血亲/自然血亲/叔伯姑舅姨/叔伯
祖丁,沃甲,帝 沃甲 崩 ， 立 沃甲 兄 祖辛 之子 祖丁 ， 是 为帝 祖丁 。,人物关系/亲属关系/血亲/自然血亲/叔伯姑舅姨/叔伯
宗悫,宗炳,宋悫 译文 : 宗悫 小 的 时候 宗炳 问 他 长大 后 志向 是 什么 ？,人物关系/亲属关系/血亲/自然血亲/叔伯姑舅姨/叔伯
欧阳建,石崇,石崇 、 欧阳建 、 陆机 、 陆云 之徒 ， 并 以 文才 降节 事谧 ， 琨 兄弟 亦 在 其间 ， 号 曰 「 二十四 友 ' 。,人物关系/亲属关系/血亲/自然血亲/叔伯姑舅姨/舅舅
羊欣,王献之,张彦远 《 法书 要录 》 卷 一引 南朝 宋 羊欣 《 采 古来 能书人名 》 ： “ 王献之 ， 晋 中书令 ， 善隶 藁 … …,人物关系/亲属关系/血亲/自然血亲/叔伯姑舅姨/舅舅
欧阳建,石崇,石崇 、 欧阳建 、 陆机 、 陆云 之徒 ， 并 以 文才 降节 事谧 ， 琨 兄弟 亦 在 其间 ， 号 曰 “ 二十四 友 ” 。,人物关系/亲属关系/血亲/自然血亲/叔伯姑舅姨/舅舅
欧阳建,石崇,孙秀 觉察 了 这些 事 ， 就 假 称惠帝 诏命 逮捕 石崇 与 潘岳 、 欧阳建 等 人 。,人物关系/亲属关系/血亲/自然血亲/叔伯姑舅姨/舅舅
欧阳建,石崇,③ 欧阳坚 石 ： 欧阳建 ， 字 坚石 ， 是 石崇 的 外甥 。,人物关系/亲属关系/血亲/自然血亲/叔伯姑舅姨/舅舅
李碧莲,许仙,随后 ， 白娘子 和 许仙 、 法海 修成 正果 得以 升天 ， 许仕林 也 娶 到 了 美丽 的 女子 李碧莲 为妻 ， 全家人 都 有 一个 圆满 而 美好 的 结局 。,人物关系/亲属关系/血亲/自然血亲/叔伯姑舅姨/舅舅
张无忌,殷野王,张无忌 轻功 : 殷野王 吃 了 一惊 ， 立时 停步 ， 自忖 ： “ 我 施展 如此 轻功 ， 已 是 竭尽 平生 之力 ， 别说 开口 说话 ， 便是 换错 了 一口气 也 是 不成 。,人物关系/亲属关系/血亲/自然血亲/叔伯姑舅姨/舅舅
欧阳建,石崇,欧阳建 诗词 欣赏 : 《 赠 欧阳建 》 石崇 像 作者 ： 曹 摅,人物关系/亲属关系/血亲/自然血亲/叔伯姑舅姨/舅舅
张无忌,殷野王,他 陡然间 停步 ， 张无忌 一窜 已 在 数丈 之外 ， 忙 转身 回头 ， 退回 到 殷野王 身旁 ， 听 他 示下 。,人物关系/亲属关系/血亲/自然血亲/叔伯姑舅姨/舅舅
欧阳建,石崇,言意 之 辨 欧阳建 的 言尽意 说 : 欧阳建 （ 267 — 300 ） 是 西晋时期 以 奢侈 著称 的 大 官僚 石崇 的 外甥 。,人物关系/亲属关系/血亲/自然血亲/叔伯姑舅姨/舅舅
羊欣,王献之,道护 能文 ， 与 羊欣 俱面 受 王献之 （ 三四 四至 三八 六 ） ， 后 羊欣 见 其 所书 洛阳 赋 ， 咨 嗟 其工 ， 以为 胜己 。,人物关系/亲属关系/血亲/自然血亲/叔伯姑舅姨/舅舅
欧阳建,石崇,石崇 、 欧阳建 、 陆机 、 陆云 之徒 ， 并 以 文才 降节 事谧 ， 琨 兄弟 亦 在 其间 ， 号 曰 ‘ 二十四 友 ’ 。 ”,人物关系/亲属关系/血亲/自然血亲/叔伯姑舅姨/舅舅
羊欣,王献之,这里 诞生 过 一代 “ 书圣 ” 王羲之 ， 与羲 之 有 “ 二王 ” 之称 的 王献之 ， 大 书法家 颜真卿 、 羊欣 等 。,人物关系/亲属关系/血亲/自然血亲/叔伯姑舅姨/舅舅
羊欣,王献之,羊欣 夏天 穿 新 绢 裙 （ 古代 男子 也 着 裙 ） 昼寝 ， 王献之 在 他 的 新 裙 上 挥笔 题字 ， 羊欣 看到 王献之 的 墨迹 ， 把 裙子 珍藏 起来 。,人物关系/亲属关系/血亲/自然血亲/叔伯姑舅姨/舅舅
欧阳建,石崇,石崇 、 欧阳建 、 陆机 、 陆云 这些 人 ， 都 以 各自 的 文才 降格 屈尊 侍奉 贾谧 ， 刘琨 兄弟 也 置身于 其中 ， 号称 “ 二十四 友 ” 。,人物关系/亲属关系/血亲/自然血亲/叔伯姑舅姨/舅舅
欧阳建,石崇,外甥 欧阳建 曾 得罪 小人 孙秀 ， 孙秀 得志 后 又 向 他 索要 绿珠 ， 石崇 不 给 ， 被 诬为 乱 党 ， 夷三族 。,人物关系/亲属关系/血亲/自然血亲/叔伯姑舅姨/舅舅
羊欣,王献之,书法家 王献之 到 羊欣 家 ， 羊著 新 绢 裙 午睡 ， 献 之 在 裙 上 书写 数幅 而 去 。,人物关系/亲属关系/血亲/自然血亲/叔伯姑舅姨/舅舅
欧阳建,石崇,永康 元年 ， 赵王伦 擅政 ， 中书令 孙秀 诬 潘岳 、 石崇 、 欧阳建 等 阴谋 奉 淮南 王允 、 齐王 □ 乱 ， 被 杀 ， 夷三族 。,人物关系/亲属关系/血亲/自然血亲/叔伯姑舅姨/舅舅
罗茜茜,毕然,孩子王 班主任 ， 罗茜茜 学校 里 的 老师 ， 单纯 美丽 ， 热爱 孩子 ， 与 毕然 相爱 。,人物关系/亲属关系/血亲/自然血亲/叔伯姑舅姨/舅舅
羊欣,王献之,羊欣 生平事迹 : 羊欣 是 王献之 的 外甥 ， 跟随 王献之 学 书法 ， 隶 、 行 、 草书 都 很 不错 ， 名重 当时 ， 被 评为 “ 一时 绝妙 ” ， “ 最得 王体 ” 。,人物关系/亲属关系/血亲/自然血亲/叔伯姑舅姨/舅舅
欧阳建,石崇,渤海 石崇 欧阳建 、 荥阳 潘岳 、 吴国 陆机 陆云 、 齐国 左思 、 中山 刘舆 刘琨 等 皆 附会 于谧 ， 号 曰 二十四 友 ， 其他人 不得 参与 。,人物关系/亲属关系/血亲/自然血亲/叔伯姑舅姨/舅舅
欧阳建,石崇,这样 ， 潘岳 与 石崇 、 欧阳建 都 被 灭族 杀头 ， 石崇 的 家产 也 被 没收 。,人物关系/亲属关系/血亲/自然血亲/叔伯姑舅姨/舅舅
欧阳建,石崇,孙秀 得知 实情 ， 乃 于元康 元年 （ 300 ） 八月 ， 在 消灭 司马允 后 即 杀 石崇 及 欧阳建 ， 崇时 年 五十二岁 。,人物关系/亲属关系/血亲/自然血亲/叔伯姑舅姨/舅舅
欧阳建,石崇,石崇 后成 巨富 ， 因 和 皇室 贵族 斗富 ， 颇受 议论 ， 其 外甥 欧阳建 又 和 赵王 司马伦 有 隙 ， 本人 又 和 朝 中 新贵 孙秀 争其 宠 妓 绿珠 。,人物关系/亲属关系/血亲/自然血亲/叔伯姑舅姨/舅舅
欧阳建,石崇,现实 中 ， 欧阳建 与 舅舅 石崇 都 是 站 在 贾后 船上 的 。,人物关系/亲属关系/血亲/自然血亲/叔伯姑舅姨/舅舅
羊欣,王献之,王媚 引证 解释 : 南朝 宋 羊欣 《 采 古来 能书人名 》 ： “ 王献之 ， 晋 中书令 ， 善隶 、 藳 ， 骨势 不及 父 ， 而媚趣 过 之 。 ”,人物关系/亲属关系/血亲/自然血亲/叔伯姑舅姨/舅舅
欧阳建,石崇,金谷 友 释义 : 晋惠帝 时以 文才 而 屈节 出入 于 秘书 监 贾谧 之门 的 石崇 、 欧阳建 、 陆机 、 陆云 、 刘琨 、 左思 、 潘岳 等 二十四 人 。,人物关系/亲属关系/血亲/自然血亲/叔伯姑舅姨/舅舅
欧阳建,石崇,"永康 元年 ， 赵王伦 擅政 ， 中书令 孙秀 诬 潘岳 、 石崇 、 欧阳建 等 阴谋 ， 淮南 王允 、 齐王乱 , 被 杀 于 洛阳 。",人物关系/亲属关系/血亲/自然血亲/叔伯姑舅姨/舅舅
欧阳建,石崇,崇有 爱妾 名 绿珠 ， 孙秀 派 索求 ， 石崇 不 与 ， 孙秀 大怒 ， 劝 赵王伦 趁机 杀 石崇 与 欧阳建 。,人物关系/亲属关系/血亲/自然血亲/叔伯姑舅姨/舅舅
羊欣,王献之,“ 漫写 羊裙 ” ， 用 王献之 书 羊欣 白练 裙 的 故事 。,人物关系/亲属关系/血亲/自然血亲/叔伯姑舅姨/舅舅
董重,董太后,董重 自杀 ， 董太后 随之 忧惧 而 死 。,人物关系/亲属关系/血亲/自然血亲/叔伯姑舅姨/姑妈
董重,董太后,何氏 临朝 听政 后 ， 董太后 的 侄子 票骑 将军 董重 与 何进 权势 相冲突 ， 董太后 每次 想 参与 干涉 政事 ， 何氏 就 禁止 阻拦 。,人物关系/亲属关系/血亲/自然血亲/叔伯姑舅姨/姑妈
董重,董太后,"次日 设朝 , 董太后 降旨 , 封 皇子 协为 陈留王 , 董重 为 骠骑 将军 , 张让 等 共预 朝政 。",人物关系/亲属关系/血亲/自然血亲/叔伯姑舅姨/姑妈
董重,董太后,董氏 （ 汉灵帝 母族 ） ： 董太后 、 董重,人物关系/亲属关系/血亲/自然血亲/叔伯姑舅姨/姑妈
董重,董太后,汉献帝 刘协 董太后 侄子 : 董重 ， 董宠 之子 ， 官至 骠骑 将军 ， 封条 侯 ， 后 免官 自杀 。,人物关系/亲属关系/血亲/自然血亲/叔伯姑舅姨/姑妈
董重,董太后,又 将 董太后 的 哥哥 董重 的 家 包围起来 ， 要 追回 他 的 官印 。,人物关系/亲属关系/血亲/自然血亲/叔伯姑舅姨/姑妈
董重,董太后,当夜 ， 便 把 哥哥 何进 召 进宫 中 ， 商量 怎样 除掉 董太后 及 董重 。,人物关系/亲属关系/血亲/自然血亲/叔伯姑舅姨/姑妈
董重,董太后,次日 设朝 ， 董太后 降旨 ， 封 皇子 协为 陈留王 ， 董重 为 骠骑 将军 ， 张让 等 共预 朝政 。,人物关系/亲属关系/血亲/自然血亲/叔伯姑舅姨/姑妈
董重,董太后,何太后 乃 使 何进 奏请 将 董太后 迁出 京师 归国 ， 又 使 何进 收 董太后 之弟 骠骑 将军 董重 下狱 。,人物关系/亲属关系/血亲/自然血亲/叔伯姑舅姨/姑妈
霍秀秀,霍玲,霍秀秀 ： 老 九门 的 后人 ， 霍玲 的 侄女 。,人物关系/亲属关系/血亲/自然血亲/叔伯姑舅姨/姑妈
霍秀秀,霍玲,霍玲 ： 霍秀秀 的 姑姑 。,人物关系/亲属关系/血亲/自然血亲/叔伯姑舅姨/姑妈
霍秀秀,霍玲,霍玲 的 母亲 ， 霍秀秀 的 奶奶 。,人物关系/亲属关系/血亲/自然血亲/叔伯姑舅姨/姑妈
霍秀秀,霍玲,霍秀秀 给 吴邪 他们 看 的 照片 又 是 假 霍玲 ， 去 西沙 的 又 是 假 的 。,人物关系/亲属关系/血亲/自然血亲/叔伯姑舅姨/姑妈
霍秀秀,霍玲,霍仙姑 地位 : 老 九门 第七家 ， 霍锦惜 的 侄女 ， 霍玲 的 妈妈 ， 霍秀秀 的 奶奶 。,人物关系/亲属关系/血亲/自然血亲/叔伯姑舅姨/姑妈
霍秀秀,霍玲,霍秀秀 ： 霍玲 的 侄女,人物关系/亲属关系/血亲/自然血亲/叔伯姑舅姨/姑妈
霍秀秀,霍玲,霍仙姑 ： 霍秀秀 的 奶奶 ， 霍玲 的 母亲 。,人物关系/亲属关系/血亲/自然血亲/叔伯姑舅姨/姑妈
霍秀秀,霍玲,霍仙姑 地位 : 老 九门 第七家 ， 霍玲 的 妈妈 ， 霍秀秀 的 奶奶 。,人物关系/亲属关系/血亲/自然血亲/叔伯姑舅姨/姑妈
张恭庆,张爱玲,丰润 地界 上 还 出过 三个 两院 院士 ， 其中 一个 是 出 生于 上海 的 数学家 张恭庆 ， 是 张佩纶 的 曾孙 、 张爱玲 的 侄儿 。,人物关系/亲属关系/血亲/自然血亲/叔伯姑舅姨/姑妈
张恭庆,张爱玲,张佩纶 的 第三代 中出 了 一个 知名 女作家 张爱玲 ， 她 比 张恭庆 高 一个 辈分 。,人物关系/亲属关系/血亲/自然血亲/叔伯姑舅姨/姑妈
欧阳娣娣,欧阳菲菲,欧阳娣娣 个人 生活 : 欧阳娣娣 的 父亲 欧阳龙 是 台北市 议员 ， 妈妈 是 演员 傅娟 ， 姑姑 是 歌手 欧阳菲菲 。,人物关系/亲属关系/血亲/自然血亲/叔伯姑舅姨/姑妈
欧阳娣娣,欧阳菲菲,父亲 为 台北市 议员 欧阳龙 ， 妈妈 是 演员 傅娟 ， 姐姐 是 欧阳妮妮 和 妹妹 是 欧阳娣娣 ， 姑姑 是 歌手 欧阳菲菲 。,人物关系/亲属关系/血亲/自然血亲/叔伯姑舅姨/姑妈
张一健,洪美雪,张一健 （ 马国明 饰 ） 、 范子妤 （ 杨怡 饰 ） 、 洪美雪 （ 黄智雯 饰 ）,人物关系/亲属关系/血亲/自然血亲/叔伯姑舅姨/姑妈
毛亨,毛苌,鲁人 毛亨 （ 大 毛公 ） 、 赵人 毛苌 （ 小毛 公 ） 传 《 诗 》 ， 为 “ 毛诗 ” ， 属 古文 学派 。,人物关系/亲属关系/血亲/自然血亲/侄甥/侄子
毛亨,毛苌,鲁人 毛亨 和 赵人 毛苌 的 古文 “ 毛诗 ” 晚出 ， 在 西汉 虽未 被 立为 学官 ， 但 在 民间 广泛 传授 ， 并 最终 压倒 了 三家 诗 ， 盛行于 世 。,人物关系/亲属关系/血亲/自然血亲/侄甥/侄子
纪鸾英,薛蛟,在 大战 中 ， 纪鸾英 怀抱 薛蛟 与 薛刚 失散 ， 只好 落荒而走 ， 在 葵花 树 下 产下 一 子 ， 取名 薛葵 ， 投身于 黑龙村 母舅 家 。,人物关系/亲属关系/血亲/自然血亲/侄甥/侄子
毛亨,毛苌,汉朝 毛亨 、 毛苌 曾 注释 《 诗经 》 ， 因此 又称 《 毛诗 》 。,人物关系/亲属关系/血亲/自然血亲/侄甥/侄子
毛亨,毛苌,毛亨 ， 相传 是 古文 诗学 “ 毛 诗学 ” 的 开创者 ； 毛苌 ， 相传 是 古文 诗学 “ 毛 诗学 ” 传授 者 。,人物关系/亲属关系/血亲/自然血亲/侄甥/侄子
金敬姬,金正恩,金正日 逝世 后 ， 金敬姬 被 看成 金正恩 “ 最 亲近 的 保护 人 ” 。,人物关系/亲属关系/血亲/自然血亲/侄甥/侄子
郑鸿逵,郑成功,厦门 之战 过程 : 厦门 之战 郑军 攻粤 : 1651 年 （ 顺治 八年 ） 正月 ， 郑成功 军 到达 广东 南澳 ， 郑鸿逵 引兵 来会 。,人物关系/亲属关系/血亲/自然血亲/侄甥/侄子
郑鸿逵,郑成功,1647 年 8 月 ， 郑成功 与 叔父 郑鸿逵 曾率兵 攻打 泉州 ， 屯兵 桃花 山 。,人物关系/亲属关系/血亲/自然血亲/侄甥/侄子
金敬姬,金正恩,这些 姑姑 里面 ， 最 显赫 的 是 跟 金正恩 的 父亲 同父 同母 的 姑妈 金敬姬 ， 也 就是 张成泽 的 妻子 。,人物关系/亲属关系/血亲/自然血亲/侄甥/侄子
毛亨,毛苌,"68 先儒 毛亨 汉时 人 , 以 诗学 授 毛苌 。",人物关系/亲属关系/血亲/自然血亲/侄甥/侄子
毛亨,毛苌,下联 典指 战国时期 的 鲁国 人 毛亨 ， 为 《 诗 古训 》 传于 家 ， 称 “ 大 毛公 ” ， 至汉时 ， 毛苌 治诗 尤精 ， 称 “ 小毛 公 ” 。,人物关系/亲属关系/血亲/自然血亲/侄甥/侄子
平阳君,赵孝成王,"平阳君 , 是 平原君赵胜 的 兄弟 , 赵惠文王 的 弟弟 . 赵孝成王 的 叔叔 平原君 谓 平阳君 曰 ： “ 公子 牟游 ① 于 秦 ， 且 东 ， 而辞 应侯 。",人物关系/亲属关系/血亲/自然血亲/侄甥/侄子
郑鸿逵,郑成功,郑成功 得知 消息 ， 严厉 责备 他 ， 郑鸿逵 于是 隐居 在 白沙 。,人物关系/亲属关系/血亲/自然血亲/侄甥/侄子
毛亨,毛苌,该剧 描写 了 秦汉 时期 ， 诗祖 毛亨 及 侄子 毛苌 和 女儿 毛文 倩 两代 人 ， 为 使 《 诗经 》 失而复得 、 教化 于民 不懈 奋斗 的 故事 及 发生 的 凄美 爱情 。,人物关系/亲属关系/血亲/自然血亲/侄甥/侄子
毛亨,毛苌,至于 现在 流传 的 诗经 ， 则 是 毛公 （ 大 毛公 ： 毛亨 ， 小毛 公 ： 毛苌 ） 所传 的 毛诗 。,人物关系/亲属关系/血亲/自然血亲/侄甥/侄子
郑鸿逵,郑成功,同年 九月 ， 反 清军 未能 攻克 泉州 ， 清廷 援军 到来 ， 郑成功 、 郑鸿逵 分别 退回 安平 、 金门 ， 郭符甲 则 率众 防守 永春 等 县 。,人物关系/亲属关系/血亲/自然血亲/侄甥/侄子
郑鸿逵,郑成功,地 都 烟 墩台 遗址 历史 来源 : 顺治 五年 十二月 ， 郑成功 与 叔父 郑鸿逵 及 林胜 、 杨才 、 甘辉 等 合兵 ， 共 1.2 万人 。,人物关系/亲属关系/血亲/自然血亲/侄甥/侄子
金敬姬,金正恩,金正日 对 她 非常 信任 ， 在 去世 前 将 年轻 的 金正恩 托付给 金敬姬 和 张成泽 。,人物关系/亲属关系/血亲/自然血亲/侄甥/侄子
纪鸾英,薛蛟,纪鸾英 （ 白 ） 儿 啊 ， 此 乃是 徐老 伯父 用生 身之子 ， 调换 下来 的 薛蛟 哥哥 。,人物关系/亲属关系/血亲/自然血亲/侄甥/侄子
毛亨,毛苌,自 东汉 郑玄 为 毛 诗作 笺 后 ， 学 毛诗 者 渐盛 ， 其他 三家 先后 失传 ， 现今 读到 的 《 诗经 》 ， 即 是 由 毛亨 、 毛苌 流传 下来 的 。,人物关系/亲属关系/血亲/自然血亲/侄甥/侄子
郑鸿逵,郑成功,起义 后 ， 举 反清复明 大旗 ， 联合 明闽军 郑鸿逵 、 郑成功 、 陈豹 等 ， 克 县城 ， 攻 府城 ， 与 府 、 县 官兵 及 地方 乡兵 转战 六七年 。,人物关系/亲属关系/血亲/自然血亲/侄甥/侄子
金敬姬,金正恩,张成泽 被 处决 后 ， 其 遗孀 兼 金正恩 姑姑 金敬姬 一直 没 露面 ， 连 亡兄 金正日 上周 逝世 两周年 的 追悼会 也 缺席 。,人物关系/亲属关系/血亲/自然血亲/侄甥/侄子
金敬姬,金正恩,专家 认为 ， 由于 金正日 让 他 的 妹妹 金敬姬 担任 了 党 部长 和 党 政治局 委员 ， 因此 估计 金正恩 也 会 重用 现年 26 岁 的 金汝静 。,人物关系/亲属关系/血亲/自然血亲/侄甥/侄子
毛亨,毛苌,当今 世上 流传 的 诗经 ， 则 是 毛亨 、 毛苌 所传 的 毛 诗集 。,人物关系/亲属关系/血亲/自然血亲/侄甥/侄子
毛亨,毛苌,32 ． 《 毛诗 的 传承者 — — 毛亨 毛苌 》 （ 第一 作者 ） ， 收入 《 影响 中国 历史进程 的 河北 文化名人 》 ， 河北大学 出版社 2006 年 12 月,人物关系/亲属关系/血亲/自然血亲/侄甥/侄子
毛亨,毛苌,2 、 毛苌 （ 一作长 ） ， 毛亨 从子 ， 为 古文 诗学 “ 毛 诗学 ” 的 传授 者 ， 曾任 西汉 献 王博士 ， 又称 “ 小毛 公 ” 。,人物关系/亲属关系/血亲/自然血亲/侄甥/侄子
毛亨,毛苌,汉时 研究 《 诗经 》 的 四家 是 齐派 代表 齐人辕固 ， 鲁派 代表 鲁人 申培 ， 韩派 代表 燕人 韩婴 ， 以及 毛诗 学派 代表 鲁人 毛亨 和 赵人 毛苌 。,人物关系/亲属关系/血亲/自然血亲/侄甥/侄子
毛亨,毛苌,在 汉人 的 传注 中 ， 以 毛亨 所 写 ， 毛苌 所传 的 《 毛诗 故训 传 》 和 郑玄 的 《 毛 诗笺 》 、 《 仪礼 注 》 、 《 周礼注 》 、 《 礼记 注 》 最 重要 。,人物关系/亲属关系/血亲/自然血亲/侄甥/侄子
郑鸿逵,郑成功,同年 农历 五月 ， 郑鸿逵 麾下 大将 施琅 因 叛变 事泄 擅自 处决 郑成功 部将 曾德 ， 郑成功 以此为由 欲 诛 施琅 全家 。,人物关系/亲属关系/血亲/自然血亲/侄甥/侄子
平阳君,赵孝成王,赵孝成王 与 平阳君 、 平原君 为此 计议 。,人物关系/亲属关系/血亲/自然血亲/侄甥/侄子
王子腾,王熙凤,四王 ： 王夫人 、 王熙凤 、 王子腾 、 王仁 。,人物关系/亲属关系/血亲/自然血亲/侄甥/侄女
王子腾,王熙凤,鲍二家的 自缢 后 ， 阻其 娘家 亲戚 申诉 ， 并 左右 都察院 审理 张华 一案 的 ， 都 是 王熙凤 倚 王子腾 之势 所 为 。,人物关系/亲属关系/血亲/自然血亲/侄甥/侄女
王子腾,王熙凤,王子腾 人物 评价 : 王子腾 死后 ， 一度 在 荣国府 任 内阁总理 、 财政 大臣 亦 即 管家 奶奶 的 其 侄女 王熙凤 ， 在 贾府 的 地位 一落千丈 。,人物关系/亲属关系/血亲/自然血亲/侄甥/侄女
王子腾,王熙凤,王子腾 和 王熙凤 都 是 王家 之 人 ， 王子腾 还是 王夫人 、 薛姨妈 、 王子胜 的 哥哥 。,人物关系/亲属关系/血亲/自然血亲/侄甥/侄女
王子腾,王熙凤,显然 ， 王熙凤 是 凭借 其 家族 的 势力 与 节度使 云光 打交道 的 ， 说 具体 点 ， 就是 依仗 王子腾 的 势力 与 官府 打交道 。,人物关系/亲属关系/血亲/自然血亲/侄甥/侄女
王子腾,王熙凤,▪ 王子腾 ▪ 王子胜 ▪ 王夫人 ▪ 王仁 ▪ 王熙凤,人物关系/亲属关系/血亲/自然血亲/侄甥/侄女
王子腾,王熙凤,因为 王熙凤 是 王夫人 的 内侄女 ， 王夫人 又 是 王子腾 的 妹妹 ， 王熙凤 与 王子腾 关系 自然 紧密 。,人物关系/亲属关系/血亲/自然血亲/侄甥/侄女
白浅,凤九,常用 称呼 ： 四哥 （ 白浅 ） ， 真真 （ 折颜 ） ， 四 殿下 ， 四舅 （ 阿离 ） ， 四叔 或 小叔 （ 凤九 ）,人物关系/亲属关系/血亲/自然血亲/侄甥/侄女
白浅,凤九,1 人物 设定 : 常用 称呼 ： 四哥 （ 白浅 ） ， 真真 （ 折颜 ） ， 四 殿下 ， 四舅 （ 阿离 ） ， 四叔 或 小叔 （ 凤九 ）,人物关系/亲属关系/血亲/自然血亲/侄甥/侄女
白浅,凤九,"于 狐狸 洞 服侍 白浅 , 曾 暗恋 凤九 。",人物关系/亲属关系/血亲/自然血亲/侄甥/侄女
白浅,凤九,凤九 白浅 二哥 白奕之女 ， 白浅 唯一 的 亲 侄女 ， 爱慕 东华帝君 。,人物关系/亲属关系/血亲/自然血亲/侄甥/侄女
白浅,凤九,女主角 白浅 上神 是 九尾 白狐 族 白止 帝君 幺 女 ， 即 是 青丘帝 姬 ， 青丘 之国 五荒 五帝 之一 （ 后 因 嫁给 夜华 ， 将 君位 传给 唯一 的 侄女 凤九 ） 。,人物关系/亲属关系/血亲/自然血亲/侄甥/侄女
白浅,凤九,于 狐狸 洞 服侍 白浅 ， 曾 暗恋 凤九 。,人物关系/亲属关系/血亲/自然血亲/侄甥/侄女
白浅,凤九,天族 有 五方 五帝 ， 青丘 之国 亦 有 五荒 五帝 ， 因 白浅 上神 迟早 要 嫁入 天族 ， 两百年 前 ， 便 将 自己 在 青丘 的 君位 交由 凤九 殿下 承下 了 。,人物关系/亲属关系/血亲/自然血亲/侄甥/侄女
殷素素,殷离,倚 ： 小昭 杨不悔 周芷若 殷素素 辉月使 朱九真 殷离 纪晓芙 赵敏 黛绮丝 ( 杨湘 绮 ),人物关系/亲属关系/血亲/自然血亲/侄甥/侄女
殷素素,殷离,但是 殷素素 远比 殷离 聪明 得 多 ， 殷离 从 没有 表现 过 她 很 聪明 。,人物关系/亲属关系/血亲/自然血亲/侄甥/侄女
殷素素,殷离,我们 再 来说 说 殷离 ， 又名 蛛儿 ， 和 她 姑姑 殷素素 一样 性情 古怪 ， 任性 专横 。 但是 因为 她 母亲 受 二娘 欺负 ， 让 殷离 性格 变得 偏激 。,人物关系/亲属关系/血亲/自然血亲/侄甥/侄女
殷素素,殷离,其实 殷离 和 殷素素 两人 是 侄女 和 姑姑 的 关系 ， 但 实际上 两人 根本 未曾 谋面 ， 至少 在 《 倚天 屠龙记 》 里 是 这样 的 。,人物关系/亲属关系/血亲/自然血亲/侄甥/侄女
殷素素,殷离,张无忌 在 四女 之中 ， 对 殷离 的 感情 最 亲切 自然 ， 最 可敬 可感 ， 这 或许 是因为 殷离 与 他 母亲 殷素素 的 相像 吧 。,人物关系/亲属关系/血亲/自然血亲/侄甥/侄女
殷素素,殷离,倚 ： 小昭 杨不悔 周芷若 殷素素 辉月使 朱九真 殷离 纪晓芙 赵敏 黛绮丝,人物关系/亲属关系/血亲/自然血亲/侄甥/侄女
殷素素,殷离,2001 ， 香港 无线 ， 吴启华 饰 张无忌 ， 黎姿 饰 赵敏 ， 佘诗曼 饰 周芷若 ， 江希文 饰小昭 ， 陈少霞 饰 殷离 （ 蛛儿 ） ， 米雪 饰 殷素素,人物关系/亲属关系/血亲/自然血亲/侄甥/侄女
殷素素,殷离,倚 ： 小昭 杨不悔 周芷若 殷素素 辉月使 朱九真 殷离 纪晓芙 赵敏 黛绮丝 杨湘 绮,人物关系/亲属关系/血亲/自然血亲/侄甥/侄女
殷素素,殷离,殷离 和 殷素素 都 有着 一点 邪气 ， 这样 的 邪气 体现 在 对于 不在意 生命 的 漠视 。,人物关系/亲属关系/血亲/自然血亲/侄甥/侄女
韩北旷,韩菱纱,韩北旷 ： 韩菱纱 的 伯父 ， 同族 中 其他人 一样 是 陵墓 大盗 。,人物关系/亲属关系/血亲/自然血亲/侄甥/侄女
韩北旷,韩菱纱,死后 在 鬼界 服役 ， 成为 往来 人鬼 两界 的 青竹 船 摆渡人 ， 韩北旷 为 人 硬朗 豪爽 ， 有 侠盗 风范 ， 江湖 经验丰富 ， 十分 宠爱 韩菱纱 。,人物关系/亲属关系/血亲/自然血亲/侄甥/侄女
韩北旷,韩菱纱,韩北旷 人物 对话 : 韩菱纱 ： … …,人物关系/亲属关系/血亲/自然血亲/侄甥/侄女
韩北旷,韩菱纱,韩北旷 ， 出自 《 仙剑 奇侠传 四 》 ， 韩菱纱 的 伯父 ， 同族 中 其他人 一样 是 陵墓 大盗 。,人物关系/亲属关系/血亲/自然血亲/侄甥/侄女
邢德全,邢岫烟,抄家 之后 ， 贾珍 、 尤氏 、 邢岫烟 、 贾赦 、 邢德全 被 发配 。,人物关系/亲属关系/血亲/自然血亲/侄甥/侄女
邢德全,邢岫烟,邢岫烟 、 贾赦 、 邢德全 一同 被 官府 发配 到 大庾岭 。,人物关系/亲属关系/血亲/自然血亲/侄甥/侄女
罗丹,罗茜茜,在 《 虎妈 猫 爸 》 中 ， 罗丹 是 罗素 的 姐姐 ， 罗茜茜 的 姑姑 ， 也 是 毕胜男 和 唐琳 的 大学 同学 。,人物关系/亲属关系/血亲/自然血亲/侄甥/侄女
古三通,云罗郡主,是 不败 顽童 古三通 和 素心 的 儿子 ， 和 云罗郡主 初是 斗气 冤家 ， 后 则 真心 相爱 ， 还 成为 郡 马爷 。,人物关系/亲属关系/姻亲/血亲的配偶/子女的配偶/儿媳
古三通,云罗郡主,一听 古三通 没有 铁胆 神侯 厉害 ， 云罗郡主 顿时 就 泄气 了 。,人物关系/亲属关系/姻亲/血亲的配偶/子女的配偶/儿媳
古三通,云罗郡主,“ 我 师傅 啊 ， 我 师傅 那 可 就 厉害 了 ， 说 出来 吓死 你 啊 ， 他 就是 大名鼎鼎 的 不败 顽童 古三通 啊 ！ ” 云罗郡主 嘚 瑟 地 说道 。,人物关系/亲属关系/姻亲/血亲的配偶/子女的配偶/儿媳
刘益素,艾慧,刘益素 笑 得 格外 开心 ， 冯巩 和 艾慧 心头 更是 泛起 亲情 的 温暖 ！,人物关系/亲属关系/姻亲/血亲的配偶/子女的配偶/儿媳
刘益素,艾慧,刘益素 看看 冯巩 和 艾慧 ， 又 瞧瞧 动物 拼图 ， 一会儿 微笑 ， 一会儿 皱眉 ， 然后 抖 抖颤 颤用 手 抚摸 … …,人物关系/亲属关系/姻亲/血亲的配偶/子女的配偶/儿媳
黄笑莺,范子妤,杨怡 饰演 范子妤 ， 心胸 肺 外科 专科医生 ， 病愈 并 怀有 张一健 骨肉 ， 与 家婆 黄笑莺 的 关系 良好 ， 更 经常 联成 阵线 对付 一健 ， 让 一健 哭笑不得 。,人物关系/亲属关系/姻亲/血亲的配偶/子女的配偶/儿媳
黄笑莺,范子妤,一健 与 范子妤 婚后 和 母亲 黄笑莺 同 住 ， 子妤 已 怀有 身孕 ， 三人 一边 期待 着 孩子 的 来临 ， 一边 过 着 幸福 安稳 的 家庭 生活 。,人物关系/亲属关系/姻亲/血亲的配偶/子女的配偶/儿媳
余嘉碧,张茜,余嘉碧 群星 祝福 : 张卫健 与 太太 张茜 借助 网络 的 力量 ， 在 微博 呼吁 大家 为 其母 祈祷 。,人物关系/亲属关系/姻亲/血亲的配偶/子女的配偶/儿媳
萧玉翎,花晓霜,此后 ， 萧冷 为了 让 萧玉翎 还俗 ， 设计 掳来 梁萧 ， 花晓霜 。,人物关系/亲属关系/姻亲/血亲的配偶/子女的配偶/儿媳
陆乘风,程瑶迦,后 陆乘风 病死 ， 他 儿子 陆冠英 、 儿媳妇 程瑶迦 一直 跟着 郭靖黄 蓉 混 ， 神雕侠侣 中 大胜 关 英雄 会 就是 他家 赞助 的 。,人物关系/亲属关系/姻亲/血亲的配偶/子女的配偶/儿媳
陆乘风,程瑶迦,陆冠英 是 金庸 小说 《 射雕 英雄传 》 和 《 神雕侠侣 》 中 的 人物 ， 归云庄 的 少 庄主 ， 黄药师 弟子 陆乘风 的 独生子 ， 后来 与 程瑶迦 结为 夫妻 。,人物关系/亲属关系/姻亲/血亲的配偶/子女的配偶/儿媳
陆乘风,程瑶迦,有 一子 陆冠英 ， 娶 全真 派 孙不二 之徒 程瑶迦 为妻 ， 武学 师从 父亲 陆乘风 ， 善 腿法 。,人物关系/亲属关系/姻亲/血亲的配偶/子女的配偶/儿媳
李三思,赵灵儿,仙剑 奇侠传 到底 是 李逍遥 还是 李三思 救 了 赵灵儿 ？,人物关系/亲属关系/姻亲/血亲的配偶/子女的配偶/儿媳
詹敏利,周滨,詹敏利 ， 女 ， 丈夫 黄渝生 ， 女儿 黄婉 ， 女婿 周滨 。,人物关系/亲属关系/姻亲/血亲的配偶/子女的配偶/女婿
曹豹,吕布,下 邳 守 将 曹豹 反叛 ， 献城 归附 吕布 。,人物关系/亲属关系/姻亲/血亲的配偶/子女的配偶/女婿
詹敏利,周滨,米晓东 在 西安 成立 陕西 德淦 公司 ， 公司 的 一个 股东 还是 周滨 的 岳母 詹敏利 。,人物关系/亲属关系/姻亲/血亲的配偶/子女的配偶/女婿
曹豹,吕布,东汉 末年 猛将 吕布 的 次 妻 ， 曹豹 之女 ， 吕布 战败 死后 被 曹操 与 吕布 的 其他 家眷 送往 许昌 赡养 。,人物关系/亲属关系/姻亲/血亲的配偶/子女的配偶/女婿
任我行,令狐冲,正当 令狐冲 犹豫不决 的 时候 ， 任我行 偷袭 将 东方白 打下 崖 。,人物关系/亲属关系/姻亲/血亲的配偶/子女的配偶/女婿
曹豹,吕布,而 其后 吕布 又 与 曹操 在 兖州 交锋 ， 曹媛 正是 在此期间 被 曹豹 托付给 吕布 ， 建立 了 两家 政治 联姻 的 利益 关系 。,人物关系/亲属关系/姻亲/血亲的配偶/子女的配偶/女婿
任我行,令狐冲,令狐冲 却 被 换 做 任我行 替身 遭禁 三个 月 ， 无意 习得 吸星 大法 治愈 内伤 却 留下 隐患 。,人物关系/亲属关系/姻亲/血亲的配偶/子女的配偶/女婿
任我行,令狐冲,( 五绝 收集 齐 了 攻击 才 会 增加 95% ， 令狐冲 要配 东方 任我行 攻击 才 会 增加 75% ) ， 好 吧 !,人物关系/亲属关系/姻亲/血亲的配偶/子女的配偶/女婿
任我行,令狐冲,任盈盈 （ 日月神教 教主 任我行 独女 ， 东方不败 夺权 后 尊为 「 圣姑 」 ， 隐居 洛阳 ， 后 嫁 令狐冲 为妻 ）,人物关系/亲属关系/姻亲/血亲的配偶/子女的配偶/女婿
任我行,令狐冲,上官云 角色 经历 : 奉 日月神教 教主 东方不败 之命 上恒山 擒拿 恒山 派 掌门 令狐冲 ， 后 归顺 前 教主 任我行 。,人物关系/亲属关系/姻亲/血亲的配偶/子女的配偶/女婿
任我行,令狐冲,最终 任我行 与 岳不群 大战 ， 死 于 岳不群 手下 ， 而 岳不群 不 敌 令狐冲 ， 身受 重伤 ， 后 被 衡山 派 杀死 。,人物关系/亲属关系/姻亲/血亲的配偶/子女的配偶/女婿
詹敏利,周滨,— — 亲家母 ： 詹敏利 （ 北京 中旭 阳光 能源 大 股东 ） 周滨 白 手套,人物关系/亲属关系/姻亲/血亲的配偶/子女的配偶/女婿
詹敏利,周滨,黄婉 人物 关系 : 父亲 ： 黄渝生 ， 母亲 ： 詹敏利 ， 丈夫 ： 周滨 。,人物关系/亲属关系/姻亲/血亲的配偶/子女的配偶/女婿
任我行,令狐冲,"徐克 让 任我行 对 令狐冲 说 ： 人心 就是 江湖 ， 你 怎么 退出 ？ """,人物关系/亲属关系/姻亲/血亲的配偶/子女的配偶/女婿
任我行,令狐冲,选不 相信 令狐冲 ， 之后 令狐冲 离开 ， 去 少林寺 见到 任我行 一行 人 ， 帮其 夺回 教主 之位,人物关系/亲属关系/姻亲/血亲的配偶/子女的配偶/女婿
任我行,令狐冲,令狐冲 的 解围 之 法 却是 吸取 任我行 体内 的 寒冰 真气 ， 将 之 散发 。,人物关系/亲属关系/姻亲/血亲的配偶/子女的配偶/女婿
曹豹,吕布,实际 确实 如此 ， 历史 上 刘备 领有 徐州 不久 ， 即 先后 受到 过 曹操 、 吕布 、 袁术 的 进攻 ， 陶谦 部下 曹豹 也 反叛 刘备 而助 吕布 。,人物关系/亲属关系/姻亲/血亲的配偶/子女的配偶/女婿
任我行,令狐冲,东方不败 『 当 世 第一 高手 』 （ 日月神教 教主 ， 自宫 为 练 《 葵花宝典 》 ， 宠信 杨莲亭 ） 【 被 任我行 和 令狐冲 长剑 贯胸 杀死 】,人物关系/亲属关系/姻亲/血亲的配偶/子女的配偶/女婿
詹敏利,周滨,房产 登记 在 黄渝生 、 詹敏利 名下 ， 屋主 也 包括 周永康 的 儿子 周滨 及其 妻子 黄婉 。,人物关系/亲属关系/姻亲/血亲的配偶/子女的配偶/女婿
任我行,令狐冲,任盈盈 之后 与 令狐冲 一起 前往 梅庄 救 任我行 ， 然而 令狐冲 却 被 换作 任我行 的 替身 而 遭禁 。,人物关系/亲属关系/姻亲/血亲的配偶/子女的配偶/女婿
曹豹,吕布,此时 曹豹 如果 硬挺 着 也 就算 了 ， 他 又 提 他 的 女婿 吕布 。,人物关系/亲属关系/姻亲/血亲的配偶/子女的配偶/女婿
任我行,令狐冲,任我行 并 没有 和 冲虚道长 交 过手 ， 此事 可以 从 令狐冲 营救 任盈盈 时 和 那些 高手 在 少林寺 谈话 时 得知 ， 当时 冲虚道长 说 ， 噢 ！,人物关系/亲属关系/姻亲/血亲的配偶/子女的配偶/女婿
任我行,令狐冲,随后 任我行 、 任盈盈 带 令狐冲 离开 。,人物关系/亲属关系/姻亲/血亲的配偶/子女的配偶/女婿
詹敏利,周滨,董事会 成员 为 周滨 、 黄渝生 ， 监事会 成员 为 詹敏利 。,人物关系/亲属关系/姻亲/血亲的配偶/子女的配偶/女婿
任我行,令狐冲,令狐冲 终知 身边 美人 就是 东方不败 ， 遂 与 任我行 杀 了 对方 。,人物关系/亲属关系/姻亲/血亲的配偶/子女的配偶/女婿
任我行,令狐冲,任我行 杀 了 东方不败 ， 重掌 魔教 ， 欲 拉拢 令狐冲 同流合污 ， 控制 武林 。,人物关系/亲属关系/姻亲/血亲的配偶/子女的配偶/女婿
任我行,令狐冲,任我行 欲 拉拢 令狐冲 同流合污 ， 控制 武林 。,人物关系/亲属关系/姻亲/血亲的配偶/子女的配偶/女婿
曹豹,吕布,三国演义 中 吕布 为 曹豹 之 女婿 。,人物关系/亲属关系/姻亲/血亲的配偶/子女的配偶/女婿
曹豹,吕布,把酒 至 曹豹 面前 ， 豹 只 饮 一杯 ， 飞 并 怒 其 为 吕布 丈人 ， 鞭豹 至 五十 。,人物关系/亲属关系/姻亲/血亲的配偶/子女的配偶/女婿
任我行,令狐冲,为报 令狐冲 营救 恩情 ， 任我行 传授 可以 医治 令狐冲 内伤 的 绝世 神功 - - 吸星 大法 。,人物关系/亲属关系/姻亲/血亲的配偶/子女的配偶/女婿
杨志刚,岳丽娜,2012 年 《 打狗棍 》 （ 编剧 / 导演 ： 郭靖宇 主演 ： 巍子 、 高明 、 王奎荣 、 岳丽娜 、 杨志刚 、 黑子 、 于毅 、 杨昆 、 于越 、 刘之冰 ）,人物关系/亲属关系/姻亲/血亲的配偶/兄弟姐妹的配偶/嫂子
薛金莲,樊梨花,薛金莲 主要 剧情 : 在 说史 演义 《 薛丁山 征西 》 中 ， 金莲 随 哥嫂 薛丁山 与 樊梨花 一同 征西 。,人物关系/亲属关系/姻亲/血亲的配偶/兄弟姐妹的配偶/嫂子
孙月言,方如沁,方如沁 不愿兰生 与 襄铃有 过 多 纠缠 ， 便 请求 孙月言 嫁给 兰生 ， 二人 与 晴雪 商议 之下 决定 抛绣球 招亲 。,人物关系/亲属关系/姻亲/血亲的配偶/兄弟姐妹的配偶/嫂子
杨志刚,岳丽娜,该剧 由 黄海波 、 杨志刚 、 陈数 、 岳丽娜 、 巍子 主演 。,人物关系/亲属关系/姻亲/血亲的配偶/兄弟姐妹的配偶/嫂子
石无痕,苏幻儿,主要 人物 ： 苏幻儿 杨意柳 石无忌 石无痕 石无介 秦秋雨 冷刚,人物关系/亲属关系/姻亲/血亲的配偶/兄弟姐妹的配偶/嫂子
薛金莲,樊梨花,《 薛丁山 与 樊梨花 》 饰 薛金莲 杨丽花 终极 大战,人物关系/亲属关系/姻亲/血亲的配偶/兄弟姐妹的配偶/嫂子
薛金莲,樊梨花,从 艺术 上 讲 ， 这个 改本 删除 了 不必要 的 枝节 ， 突出 了 樊梨花 和 薛金莲 姑嫂 争斗 的 主要矛盾 ， 使得 主体 更 突出 ， 剧情 也 更 紧凑 。,人物关系/亲属关系/姻亲/血亲的配偶/兄弟姐妹的配偶/嫂子
薛金莲,樊梨花,第三十七回 息 内哄 累死 薛金莲 求 统一 再 请 樊梨花,人物关系/亲属关系/姻亲/血亲的配偶/兄弟姐妹的配偶/嫂子
杨志刚,岳丽娜,由 郭靖宇 编剧 并 执导 ， 巍子 、 岳丽娜 、 黑子 、 杨志刚 、 于毅 等 联合 主演 。,人物关系/亲属关系/姻亲/血亲的配偶/兄弟姐妹的配偶/嫂子
石无痕,苏幻儿,报仇 过程 中 ， 梁玉石 与 石无痕 渐生 情愫 ， 看在眼里 的 苏幻儿 精心设计 令 有情人终成眷属 。,人物关系/亲属关系/姻亲/血亲的配偶/兄弟姐妹的配偶/嫂子
薛金莲,樊梨花,2011 年 参演 历史 传奇 爱情喜剧 《 大唐 女将 樊梨花 》 饰演 称为 大 唐萌 主 的 ” 薛金莲 “ 。,人物关系/亲属关系/姻亲/血亲的配偶/兄弟姐妹的配偶/嫂子
杨志刚,岳丽娜,2011 - 09 - 23 ： 将军 「 黄海波 ， 杨志刚 ， 陈数 ， 岳丽娜 」,人物关系/亲属关系/姻亲/血亲的配偶/兄弟姐妹的配偶/嫂子
薛金莲,樊梨花,樊江 关 : 原创 派生 剧目 ， 不见 三传 ， 主要 将 樊梨花 和 薛金莲 矛盾 到 和解 的 故事 。,人物关系/亲属关系/姻亲/血亲的配偶/兄弟姐妹的配偶/嫂子
文馨,林多美,林多美 与 文馨 的 《 因为 爱情 有多美 》 婚纱 剧照 ( 15 张 ),人物关系/亲属关系/姻亲/血亲的配偶/兄弟姐妹的配偶/嫂子
薛金莲,樊梨花,两人 戴 七星 额子 （ 有 许多 绒球 的 帽子 ） 、 插 翎子 、 扎靠 （ 樊梨花 扎 硬 靠 、 薛金莲 穿软 靠 或 改良 靠 ） ， 铢两悉称 ， 各显神通 。,人物关系/亲属关系/姻亲/血亲的配偶/兄弟姐妹的配偶/嫂子
莫小贝,佟湘玉,第 9 集 佟湘玉 煞费 良 苦心 ， 莫小贝 梦游 影视城 小贝 调皮 ， 受到 众人 训斥 ， 情急 反扑 ， 将 众人 大骂 一顿 之后 ， 离家出走 。,人物关系/亲属关系/姻亲/血亲的配偶/兄弟姐妹的配偶/嫂子
莫小贝,佟湘玉,主要 被 点 被 解 人群 : ( 主要 ) 佟湘玉 / 李大嘴 / 郭芙蓉 / 吕 秀才 / 展红绫 / 莫小贝 / 燕小六 .,人物关系/亲属关系/姻亲/血亲的配偶/兄弟姐妹的配偶/嫂子
莫小贝,佟湘玉,身份 ： 教画 先生 佟湘玉 为 莫小贝 请 的 画画 老师,人物关系/亲属关系/姻亲/血亲的配偶/兄弟姐妹的配偶/嫂子
高采贻,李蔓华,家庭成员 ： 姨婆 陈好 （ 夏萍 饰 ） 妻子 李蔓华 （ 滕丽名 饰 ） 妹妹 高采贻 （ 贾晓晨饰 ）,人物关系/亲属关系/姻亲/血亲的配偶/兄弟姐妹的配偶/嫂子
莫小贝,佟湘玉,《 武林 外传 》 中同福 客栈 掌柜 佟湘玉 的 小姑子 莫小贝 自创 的 绝招 ， 后 传授给 同学 邱小冬 。,人物关系/亲属关系/姻亲/血亲的配偶/兄弟姐妹的配偶/嫂子
薛金莲,樊梨花,编剧 者 让 我们 相信 ： 两人 同心 ， 其利断金 ； 樊梨花 、 薛金莲 两人 前嫌 尽弃 ， 携手同心 ， 她们 一定 会 赢得 战争 的 胜利 。,人物关系/亲属关系/姻亲/血亲的配偶/兄弟姐妹的配偶/嫂子
石无痕,苏幻儿,在 一番 命运 的 考验 以及 苏幻儿 的 戏点 鸳鸯 下 ， 最后 终与 石无痕 喜结良缘 。,人物关系/亲属关系/姻亲/血亲的配偶/兄弟姐妹的配偶/嫂子
石无痕,苏幻儿,"在 苏幻儿 惊世骇俗 的 撮合 戏点 下 , 梁玉石 与 石无痕 渐生 情愫 , 而 色艺双绝 的 青楼女子 秦雨 秋 也 与 石无介 定情 一生 … …",人物关系/亲属关系/姻亲/血亲的配偶/兄弟姐妹的配偶/嫂子
文馨,林多美,文馨 的 初恋 男友 ， 林多美 的 丈夫 ， 原名 陈 宜林 ， 后 改名 陈笑飞 。,人物关系/亲属关系/姻亲/血亲的配偶/兄弟姐妹的配偶/嫂子
文馨,林多美,一连串 的 意外 ， 把 陈笑飞 和 文馨 往 错误 的 道路 上越 推越 远 ， 他们 不断 犯下 过错 ， 令 林多美 及其 家人 陷入 危机 。,人物关系/亲属关系/姻亲/血亲的配偶/兄弟姐妹的配偶/嫂子
薛金莲,樊梨花,"樊梨花 率兵 来到 麒麟山 , 刁月娥 、 薛金莲 带领 女兵 施展 美人计 , 终于 使 麒麟山 守 将 蛮子 牙 、 蛮子 海上 钩 。",人物关系/亲属关系/姻亲/血亲的配偶/兄弟姐妹的配偶/嫂子
龙嘉,周乃爱,龙琦对战 记录 : 与 龙嘉 、 周乃爱 、 邓平 离 等 诸多 参加 levelD 考试 的 考生 一同 对抗 一条 巨蟒 （ 第二卷 的 第十节 、 第十一 节 ）,人物关系/亲属关系/姻亲/血亲的配偶/兄弟姐妹的配偶/嫂子
薛金莲,樊梨花,《 薛丁山 与 樊梨花 》 饰 窦一虎 ， 搭档 ： 薛金莲 （ 青蓉饰 ） ， 杨丽花 饰 薛丁山 ， 许秀年 饰 樊梨花 。,人物关系/亲属关系/姻亲/血亲的配偶/兄弟姐妹的配偶/嫂子
石无痕,苏幻儿,在 苏幻儿 惊世骇俗 的 撮合 戏点 下 ， 梁玉石 与 石无痕 渐生 情愫 ， 而 色艺双绝 的 青楼女子 秦雨 秋 也 与 石无介 定情 一生 … …,人物关系/亲属关系/姻亲/血亲的配偶/兄弟姐妹的配偶/嫂子
杨志刚,岳丽娜,2013 - 10 - 14 ： 打狗棍 「 魏子 、 岳丽娜 、 黑子 、 杨志刚 」,人物关系/亲属关系/姻亲/血亲的配偶/兄弟姐妹的配偶/嫂子
黄睿靓,陈水扁,陈水扁 儿子 陈致中 、 儿媳 黄睿靓 一直 生活 在 美国 ， 小两口 就 充当 了 洗钱 的 重要 角色 — — “ 漂白 ” 。,人物关系/亲属关系/姻亲/配偶的血亲/配偶的父母/公公
黄睿靓,陈水扁,（ 陈水扁 亲家 黄百禄 ） : 黄百禄 系原任 台湾 民主 进步党 第 10 - 11 届 党 主席 陈水扁 的 亲家 ， 其 女儿 黄睿靓 是 陈水扁 儿子 陈致中 的 老婆 。,人物关系/亲属关系/姻亲/配偶的血亲/配偶的父母/公公
黄睿靓,陈水扁,愚弄 公众 : 陈致中 、 黄睿靓 夫妇 回 台湾 ， 陈水扁 总统 确定 不会 当 美国 人 的 阿公 ， 让 朝野 全 傻了眼 ， 媒体 更 像 被 掴 了 一巴掌 。,人物关系/亲属关系/姻亲/配偶的血亲/配偶的父母/公公
黄睿靓,陈水扁,邻居 : “ 她 ( 黄睿靓 ) 是 不 可能 这样 啦 ， 他 ( 陈水扁 ) 女儿 才 有 可能 会 这样 啦 ， 那么 乖 的 女孩 怎么 会 这样 ( 洗钱 ) ！ ”,人物关系/亲属关系/姻亲/配偶的血亲/配偶的父母/公公
黄睿靓,陈水扁,黄睿靓 是 陈水扁 的 儿媳 。,人物关系/亲属关系/姻亲/配偶的血亲/配偶的父母/公公
黄睿靓,陈水扁,黄睿靓 是 陈水扁 儿媳 。,人物关系/亲属关系/姻亲/配偶的血亲/配偶的父母/公公
黄睿靓,陈水扁,邱毅 称 ， 陈水扁 夫妇 想 把 责任 推 给 对方 ， 但 都 希望 保住 爱子 ， 而 陈致中 为了 与 妻子 黄睿靓 全身而退 ， 恐 不惜牺牲 父母 。,人物关系/亲属关系/姻亲/配偶的血亲/配偶的父母/公公
黄睿靓,陈水扁,检察官 当天 将 陈水扁 、 吴淑珍 、 吴淑珍 胞兄 吴景茂 、 陈致中 、 黄睿靓 列为 被告 。,人物关系/亲属关系/姻亲/配偶的血亲/配偶的父母/公公
黄睿靓,陈水扁,陈水扁 儿子 陈致中 被判 一年 零 二个月 ， 黄睿靓 缓刑 4 年缴 一千万 。,人物关系/亲属关系/姻亲/配偶的血亲/配偶的父母/公公
黄睿靓,陈水扁,当 陈水扁 儿子 陈致中 、 媳妇 黄睿靓 接受 检方 约 谈 或是 出庭应讯 时 ， 吴文清 经常 担任 司机 接送 。,人物关系/亲属关系/姻亲/配偶的血亲/配偶的父母/公公
黄睿靓,陈水扁,黄睿靓 愚弄 公众 : 陈致中 、 黄睿靓 夫妇 回 台湾 ， 陈水扁 总统 确定 不会 当 美国 人 的 阿公 ， 让 朝野 全 傻了眼 ， 媒体 更 像 被 掴 了 一巴掌 。,人物关系/亲属关系/姻亲/配偶的血亲/配偶的父母/公公
黄睿靓,陈水扁,（ 陈水扁 亲家 黄百禄 ） : 黄百禄 系原任 民主 进步党 第 10 - 11 届 党 主席 陈水扁 的 亲家 ， 其 女儿 黄睿靓 是 陈水扁 儿子 陈致中 的 老婆 。,人物关系/亲属关系/姻亲/配偶的血亲/配偶的父母/公公
黄睿靓,陈水扁,陈水扁 （ 从 从 ） / 陈幸妤 （ ㄚ 子 ） / 陈致中 （ 陈汉典 ） / 黄睿靓 （ 巧克力 ） / 吴王霞 （ 白云 ） / 黄百禄 （ 许杰 辉 ） / 吴景茂 （ 郭子乾 ）,人物关系/亲属关系/姻亲/配偶的血亲/配偶的父母/公公
黄睿靓,陈水扁,陈致中 - 查账 授权 针对 陈水扁 家庭 疑 海外 洗钱 案 ， 台湾 特侦组 昨天上午 以 被告 身份 传讯 陈致中 、 黄睿靓 夫妇 ， 约 谈 结束 后 离开 特侦组 。,人物关系/亲属关系/姻亲/配偶的血亲/配偶的父母/公公
谢月镜,王恭,谢晦 ， 子女 有 谢世 休 、 谢氏 （ 嫁 彭城王 刘义康 ） 、 谢氏 （ 嫁 新野 侯 刘义宾 ） 谢月镜 夫君 : 王愔 之 谢月镜 公公 : 王恭,人物关系/亲属关系/姻亲/配偶的血亲/配偶的父母/公公
谢月镜,王恭,谢月镜 人物 生平 : 谢重 与 亲家 王恭 互相 亲爱 友好 。,人物关系/亲属关系/姻亲/配偶的血亲/配偶的父母/公公
谢月镜,王恭,王愔 之 ， 王恭 子 ， 娶 谢重 女 谢月镜,人物关系/亲属关系/姻亲/配偶的血亲/配偶的父母/公公
谢月镜,王恭,王愔 之 ， 王恭 子 ， 娶 谢重 女 谢月镜 。,人物关系/亲属关系/姻亲/配偶的血亲/配偶的父母/公公
乐颜,宁昊天,角色 由 李易 峰 饰演 ， 与 乐颜 （ 唐嫣饰 ） 相爱 ， 是 宁昊天 （ 张智尧 饰 ） 的 儿子 。,人物关系/亲属关系/姻亲/配偶的血亲/配偶的父母/公公
乐颜,宁昊天,剧中 由 李易 峰 饰演 宁府 大少爷 宁致远 ， 与 乐颜 （ 唐嫣饰 ） 相爱 ， 是 宁昊天 （ 张智尧 饰 ） 的 儿子 。,人物关系/亲属关系/姻亲/配偶的血亲/配偶的父母/公公
刘小元,邓小平,祖父母 是 邓小平 、 卓琳 夫妇 ， 父母 是 邓质方 、 刘小元 夫妇 。,人物关系/亲属关系/姻亲/配偶的血亲/配偶的父母/公公
刘小元,邓小平,与 妻子 刘小元 育有 一子 邓卓棣 ， 也 是 邓小平 唯一 的 孙子 。,人物关系/亲属关系/姻亲/配偶的血亲/配偶的父母/公公
陈细妹,谢苍天,谢苍天 决定 用 金钱 来 试探 这位 八府巡按 的 虚实 ， 却 被 谢皇上 和 陈细妹 否决 。,人物关系/亲属关系/姻亲/配偶的血亲/配偶的父母/公公
杜金娥,杨业,杜金娥 人际关系 : 夫君 ： 杨延嗣 （ 小说 《 杨家将 》 中 金刀 老令公 杨业 的 第七 子 ， 名 杨希 ， 字延嗣 ， 人称 “ 杨七郎 ” ）,人物关系/亲属关系/姻亲/配偶的血亲/配偶的父母/公公
夏侯陟,刘弘,夏侯陟 亲属 成员 : 岳父 ： 刘弘 西晋 名将 镇南 大将军 。,人物关系/亲属关系/姻亲/配偶的血亲/配偶的父母/岳父
郭靖,黄药师,后来 黄药师 提出 三道 比试 ， 郭靖 最终 赢得 比试 娶 到 黄蓉 。,人物关系/亲属关系/姻亲/配偶的血亲/配偶的父母/岳父
尤思礼,王审知,近年来 各地 尤氏 修谱 皆 称 始祖 尤思礼 是 王审知 的 女婿 。,人物关系/亲属关系/姻亲/配偶的血亲/配偶的父母/岳父
郭靖,黄药师,黄药师 、 周伯通 、 洪七公 、 欧阳锋 、 江南七怪 、 杨过 、 郭靖 、 黄蓉 等 一大批 主人公 都 与 桃花岛 有 关系 。,人物关系/亲属关系/姻亲/配偶的血亲/配偶的父母/岳父
郭靖,黄药师,江南 六怪 见 徒弟 郭靖 与 黄药师 的 女儿 黄蓉 十分 亲热 ， 大为 责怪 。,人物关系/亲属关系/姻亲/配偶的血亲/配偶的父母/岳父
郭靖,黄药师,郭靖 以为 黄药师 害死 了 五位 师父 ， 见 马钰 要弃 剑 认输 ， 抢占 了 北极星 位 。,人物关系/亲属关系/姻亲/配偶的血亲/配偶的父母/岳父
郭靖,黄药师,黄药师 曾 在 此 向 陆乘风 传受 药理 ， 陆乘风 潜心 研制 ， 调配 成 数十颗 九 花玉露 丸 ， 后 赐 赠于 黄蓉 郭靖 。,人物关系/亲属关系/姻亲/配偶的血亲/配偶的父母/岳父
郭靖,黄药师,1 剧情简介 : 杨康 的 儿子 杨过 （ 罗乐林 饰 ） 自小 被 郭靖收 养 ， 郭靖 希望 他 学好 ， 于是 送到 了 桃花岛 跟 黄药师 学习 。,人物关系/亲属关系/姻亲/配偶的血亲/配偶的父母/岳父
郭靖,黄药师,化身 黄药师 、 欧阳峰 、 王重阳 、 周伯通 、 杨过 、 郭靖 等 … …,人物关系/亲属关系/姻亲/配偶的血亲/配偶的父母/岳父
郭靖,黄药师,黄蓉 伤愈 后 与 郭靖 再度 回 桃花岛 ， 不料 岛上 遇到 变故 ， 母坟 被盗 ， 连 黄药师 也 不明 下落 。,人物关系/亲属关系/姻亲/配偶的血亲/配偶的父母/岳父
殷梨亭,杨逍,身份 ： 明教 光明 左使 杨逍 之女 、 武当 六侠 殷梨亭 之妻,人物关系/亲属关系/姻亲/配偶的血亲/配偶的父母/岳父
郭靖,黄药师,在 郭靖 和 欧阳克 来 桃花 岛上 向 黄蓉 求婚 ， 黄药师 出 了 三道 题目 ， 郭靖 经 “ 北丐 ” 洪七公 和 周伯通 协助 下 赢得 黄蓉 [ 7 - 8 ] 。,人物关系/亲属关系/姻亲/配偶的血亲/配偶的父母/岳父
郭靖,黄药师,后来 郭靖 遇上 江南七怪 ， 提起 华筝 亲事 ， 得知 黄蓉 为 黄药师 之女 骂 其 为 妖女 ， 这时 黄蓉 骑 郭靖 小红马 带走 了 郭靖 。,人物关系/亲属关系/姻亲/配偶的血亲/配偶的父母/岳父
赵建铭,陈水扁,简宏志 是 赵建铭 （ 陈水扁 之女 陈幸妤 的 丈夫 ） 的 舅舅 ， 是 肾脏科 名医 。,人物关系/亲属关系/姻亲/配偶的血亲/配偶的父母/岳父
郭靖,黄药师,背景 故事 : 欧阳锋 与 杨康 设 下 毒计 ， 江南 六怪 桃花 岛上 中伏 ， 柯镇恶 逃出 后 ， 与 全真七子 及 郭靖 烟雨楼 前 大战 黄药师 。,人物关系/亲属关系/姻亲/配偶的血亲/配偶的父母/岳父
郭靖,黄药师,从 蒙古 来到 中原 的 郭靖 ， 邂逅 了 “ 东邪 ” 黄药师 的 女儿 黄蓉 。,人物关系/亲属关系/姻亲/配偶的血亲/配偶的父母/岳父
郭靖,黄药师,5 背景 故事 : 欧阳锋 与 杨康 设 下 毒计 ， 江南 六怪 桃花 岛上 中伏 ， 柯镇恶 逃出 后 ， 与 全真七子 及 郭靖 烟雨楼 前 大战 黄药师 。,人物关系/亲属关系/姻亲/配偶的血亲/配偶的父母/岳父
郭靖,黄药师,主要 是 欧阳锋 丧失 记忆 后 到处 乱 走 ， 掳走 杨过 ， 与 郭靖 黄蓉 黄药师 柯镇恶 打斗 等 。,人物关系/亲属关系/姻亲/配偶的血亲/配偶的父母/岳父
郭靖,黄药师,黄药师 第二次 华山论剑 与 郭靖交 手时 曾 在 最后 使出 此门 绝技 ， 却 被 郭靖 以过 人 定力 所破 。,人物关系/亲属关系/姻亲/配偶的血亲/配偶的父母/岳父
郭靖,黄药师,黄药师 以 三道 试题 选婿 ， 最后 郭靖 获胜 得 娶 黄蓉 为 妻 。,人物关系/亲属关系/姻亲/配偶的血亲/配偶的父母/岳父
殷梨亭,杨逍,杨逍 结局 : 原著 中 纪晓芙 是 峨眉 派 掌门 灭绝师太 的 得意门生 ， 她 本来 已 许配给 武当七侠 之一 的 殷梨亭 为妻 。,人物关系/亲属关系/姻亲/配偶的血亲/配偶的父母/岳父
殷梨亭,杨逍,可是 杨逍 终究 忽略 了 殷梨亭 的 感受 ， 只是 理所当然 的 去 回报 ， 因此 ， 当 张无忌 把 杨不悔 的话 告诉 他 之后 ， 他 先是 诧异 ， 终究 是 默许 了 。,人物关系/亲属关系/姻亲/配偶的血亲/配偶的父母/岳父
郭靖,黄药师,这时 黄药师 再 不 容情 ， 一意 要 抓住 郭靖 问个 明白 。,人物关系/亲属关系/姻亲/配偶的血亲/配偶的父母/岳父
郭靖,黄药师,伤愈 后 ， 二人 重返 桃花岛 ， 却 发现 江南 五怪 死 于 岛上 ， 郭靖 误认 是 黄药师 是 凶手 ， 含恨 弃蓉 离岛 而 去 。,人物关系/亲属关系/姻亲/配偶的血亲/配偶的父母/岳父
尤思礼,王审知,《 三明 日报 》 曾 刊文 称 ， 尤思礼 幼小 时随 三王 入 闽 ， 后 被 王审知 招为 女婿 ， 并 被 派 往 永安 青水光 坑 守护 王审知 母亲 徐氏 夫人 墓 。,人物关系/亲属关系/姻亲/配偶的血亲/配偶的父母/岳父
郭靖,黄药师,《 射雕 英雄传 》 郭靖 、 黄药师 、 欧阳锋 都 是 魁梧 异常 。,人物关系/亲属关系/姻亲/配偶的血亲/配偶的父母/岳父
郭靖,黄药师,蒙古 大军 围困 襄阳 、 郭襄 被 金轮法王 所 抓 ， 黄药师 、 一灯 、 周伯通 相助 郭靖 黄蓉 守城 。,人物关系/亲属关系/姻亲/配偶的血亲/配偶的父母/岳父
高则,夏侯杰,回到 真 定县 的 子龙到 李全 的 坟 前 进行 祭拜 ， 却 遇到 了 听信 高则 谗言 ， 在 坟 前 守株待兔 的 夏侯杰 。,人物关系/亲属关系/姻亲/配偶的血亲/配偶的父母/岳父
尤思礼,王审知,按照 福建 尤氏 观点 ： 五代 时 ， 王审知 在 福建 建立 闽国 ， 自称 闽王 ， 尤思礼 为 其 女婿 。,人物关系/亲属关系/姻亲/配偶的血亲/配偶的父母/岳父
郭靖,黄药师,柯镇恶 背景 故事 : 欧阳锋 与 杨康 设 下 毒计 ， 江南 六怪 桃花 岛上 中伏 ， 柯镇恶 逃出 后 ， 与 全真七子 及 郭靖 烟雨楼 前 大战 黄药师 。,人物关系/亲属关系/姻亲/配偶的血亲/配偶的父母/岳父
顾倩兮,卢云,但据 讲武堂 网站 上 的 介绍 说 ， 卢云 是 个 大团圆 的 结局 ， 和 顾倩兮 双宿双飞 了 。,人物关系/亲属关系/配偶/丈夫/未婚夫
尤三姐,柳湘莲,还 在 京剧 影片 《 宋士杰 》 中 饰演 田伦 ， 《 尤三姐 》 中 饰演 柳湘莲 ， 《 白蟒 台 》 中 饰演 岑朋 。,人物关系/亲属关系/配偶/丈夫/未婚夫
左蓝,余则成,余则成 略有 腼腆 地 对 左蓝 说 ： 我 现在 就 想 ， 买 一个 什么样 的 结婚戒指 最配 你 。,人物关系/亲属关系/配偶/丈夫/未婚夫
顾倩兮,卢云,顾倩兮 顾倩兮 的 道 : 在 她 的 父亲 为 正道 自杀 的 那一刻 ， 她 完成 了 自己 的 责任 ， 明白 了 卢云 的 道 ， 也 找到 了 自己 的 道 。,人物关系/亲属关系/配偶/丈夫/未婚夫
涂山苏苏,白月初,厉雪扬 在 一旁 看着 白月初 与 各方 大战 的 时候 ， 涂山苏苏 跑 到 她 面前 ， 让 她 跟 她 去 见 一个 人 。,人物关系/亲属关系/配偶/丈夫/未婚夫
尤三姐,柳湘莲,自从 花园 相会 以后 ， 尤三姐 已爱上 了 柳湘莲 ， 并 抱定 非 柳湘莲 不嫁 的 决心 。,人物关系/亲属关系/配偶/丈夫/未婚夫
尤三姐,柳湘莲,秦钟 对 宝玉 性格 的 烘托 、 蒋玉菡 对 宝玉 命运 的 影响 、 柳湘莲 对 尤三姐 悲剧 的 形成 皆 有着 决定性 的 作用 。,人物关系/亲属关系/配偶/丈夫/未婚夫
林黛羽,俞佩玉,后 林黛羽 击退 了 几个 追杀 俞佩玉 的 黑衣人 ， 救 了 俞佩玉 并 叫 他 不要 再 叫 俞佩玉 。,人物关系/亲属关系/配偶/丈夫/未婚夫
林黛羽,俞佩玉,《 名 剑 风流 》 俞佩玉 和 林黛羽 ， 毕竟 没有 爱出 结果 来 。,人物关系/亲属关系/配偶/丈夫/未婚夫
杜晓苏,雷宇峥,10 . 等待 · 【 佳期 如梦 之 海上 繁花 】 [ 主角 ： 杜晓苏 雷宇峥 邵振嵘 ],人物关系/亲属关系/配偶/丈夫/未婚夫
林黛羽,俞佩玉,俞佩玉 和 林黛羽 的 初逢 ， 并 不是 两只 命运 相通 ， 遭到 惨祸 的 同林 鸟 的 相互 抚慰 ， 他们 几乎 没有 抚慰 彼此 ， 也 不 需要 空泛 的 抚慰 。,人物关系/亲属关系/配偶/丈夫/未婚夫
唐悠悠,关谷神奇,好友 ： 吕子乔 、 关谷神奇 、 唐悠悠 、 胡一菲 、 陆展博 、 林宛瑜 、 曾小贤 、 张伟 …,人物关系/亲属关系/配偶/丈夫/未婚夫
顾倩兮,卢云,天涯 和 咫尺 卢云 救仲海 走 了 一天 ， 顾倩兮 在 雪地 等 得 几乎 冻死 。,人物关系/亲属关系/配偶/丈夫/未婚夫
唐悠悠,关谷神奇,阿邦 角色 简介 : 与 妻子 阿冰谈 了 三年 的 恋爱 ， 就 在 准备 举办 婚礼 的 前 三个 月 ， 差点 分手 ， 幸亏 关谷神奇 和 唐悠悠 把 他们 俩 劝 和 。,人物关系/亲属关系/配偶/丈夫/未婚夫
尤三姐,柳湘莲,他 的 戏路 宽 ， 在 京剧 影片 《 宋士杰 》 中 饰演 田伦 ， 《 尤三姐 》 中 饰演 柳湘莲 ， 《 白蟒 台 》 中 饰演 岑朋 。,人物关系/亲属关系/配偶/丈夫/未婚夫
尤三姐,柳湘莲,柳湘莲 疑 尤三姐 入于 下流 ， 后悔 留剑 作为 定礼 。,人物关系/亲属关系/配偶/丈夫/未婚夫
纪晓芙,殷梨亭,无论如何 ， 是 杨逍 先 抢 了 别人 的 未婚妻 ， 若 不是 他 从中作梗 ， 殷梨亭 和 纪晓芙 这 一对 世家子弟 ， 也 应该 是 美满幸福 的 一对 。,人物关系/亲属关系/配偶/丈夫/未婚夫
杜晓苏,雷宇峥,结局 是 杜晓苏 怀着 雷宇峥 的 孩子 去 了 波士顿 。,人物关系/亲属关系/配偶/丈夫/未婚夫
林黛羽,俞佩玉,相爱 的 人 不 一定 彼此 理解 ， 但 俞佩玉 和 林黛羽 却 深深 理解 对方 ， 也 理解 自己 ， 彼此 都 知道 对方 下 一步 要 干什么 ， 作出 相应 的 判断 。,人物关系/亲属关系/配偶/丈夫/未婚夫
尤三姐,柳湘莲,第二章 当 一见钟情 遇上 不知 底细 — — 尤三姐 、 柳湘莲,人物关系/亲属关系/配偶/丈夫/未婚夫
顾倩兮,卢云,晚上 顾倩兮 于 卢云 家过夜 。,人物关系/亲属关系/配偶/丈夫/未婚夫
纪晓芙,殷梨亭,殷梨亭 之所以 对 纪晓芙 念念不忘 ， 绝大部分 原因 是 出于 要报 “ 夺妻 之 恨 ” 。,人物关系/亲属关系/配偶/丈夫/未婚夫
纪晓芙,殷梨亭,在 殷梨亭 — 纪晓芙 — 杨逍 这组 三角 关系 中 ， 殷梨亭 实际上 是 占有 先机 和 名正言顺 的 ， 但他却 从来 没有 主动 过 ， 眼睁睁 的 输给 了 杨逍 。,人物关系/亲属关系/配偶/丈夫/未婚夫
纪晓芙,殷梨亭,在 殷梨亭 — — 纪晓芙 — — 杨逍 这组 三角 关系 中 ， 殷梨亭 实际上 是 占有 先机 并且 名正言顺 的 ， 但他却 从来 没有 主动 过 ， 眼睁睁 输给 了 杨逍 。,人物关系/亲属关系/配偶/丈夫/未婚夫
尤三姐,柳湘莲,但 因 柳湘莲 误 听 他人 传言 ， 怀疑 尤三姐 也 是 个 不 乾净 之 人 ， 要 索回 定礼 ， 刚烈 的 尤三姐 在 奉还 定礼 时 拔剑 自刎 。,人物关系/亲属关系/配偶/丈夫/未婚夫
尤三姐,柳湘莲,【 故事 】 ： 贾琏 听从 尤二姐 的 主张 及 尤三姐 的 意见 ， 在 外出 公干 的 路上 ， 遇到 薛蟠 与 柳湘莲 。,人物关系/亲属关系/配偶/丈夫/未婚夫
纪晓芙,殷梨亭,关于 此点 ， 就 不得不 说 说 ， 纪晓芙 与 殷梨亭 的 婚约 ， 二人 是 两 大门 派 的 杰出 弟子 ， 门当户对 ， 可说是 武林中 的 一桩 美事 。,人物关系/亲属关系/配偶/丈夫/未婚夫
杜晓苏,雷宇峥,10 . 等待 · 《 佳期 如梦 之 海上 繁花 》 [ 主角 ： 杜晓苏 雷宇峥 邵振嵘 ],人物关系/亲属关系/配偶/丈夫/未婚夫
尤三姐,柳湘莲,柳湘莲 角色 剧情 : 尤三姐 说出 她择 柳湘莲 为夫后 ， 贾琏 巧遇 柳湘莲 ， 遂 定下 婚事 ， 柳湘莲 赠 “ 鸳鸯 剑 ” 为 定礼 。,人物关系/亲属关系/配偶/丈夫/未婚夫
尤三姐,柳湘莲,尤三姐 羞愤 自刎 ， 柳湘莲 悔恨 不已 看破红尘 出家 。,人物关系/亲属关系/配偶/丈夫/未婚夫
孙策,周瑜,大乔 是 东吴 前国主 孙策 的 夫人 ， 当时 国 主 孙权 的 亲嫂 ， 小乔则 是 正在 带领 东吴 全部 水陆 兵马 和 曹操 决一死战 的 军事 统帅 周瑜 的 夫人 。,人物关系/社交关系/友谊关系/朋友
孙策,周瑜,代表 武将 ： 孙权 、 鲁肃 、 军 神 · 周瑜 、 小霸王 · 孙策 、 鬼 阎王 · 周泰 、 吕蒙 、 才俊 · 陆逊 。,人物关系/社交关系/友谊关系/朋友
孙策,周瑜,吴国 的 攻击 阵营 我 推荐 孙权 、 孙坚 、 孙策 、 周瑜 、 太史慈 。,人物关系/社交关系/友谊关系/朋友
安宁公主,司徒静,安宁公主 第二十二 集 : 朱允 更加 喜欢 司徒静 ， 他 决心 先纳 司徒静 为 妃 。,人物关系/社交关系/友谊关系/朋友
易天行,张君宝,张君宝 与 易天行 联手 ， 战胜 秦桧 爪牙 ， 秦思容 也 改邪归正 ， 但 她 深觉 自己 所作所为 对不起 张君宝 ， 悄然而去 。,人物关系/社交关系/友谊关系/朋友
司空星儿,楚留香,而 途中 更 遇上 早 在 天牢 逃出 的 司空星儿 ， 司空星儿 为 救义妹 ， 亦 决 和 楚留香 同行 ， 谁知 众人 到 了 安南 ， 楚留香 才 发然 自己 竟是 安南 王子 。,人物关系/社交关系/友谊关系/朋友
师妃暄,徐子陵,李世民 、 「 多情 公子 」 侯希白 和 徐子陵 均 锺 情 於 师妃暄 。,人物关系/社交关系/友谊关系/朋友
孙策,周瑜,大乔 ， 孙策 妻 也 ； 小乔 ， 周瑜 妻 也 。,人物关系/社交关系/友谊关系/朋友
孙策,周瑜,周瑜 夫人 小乔 ( 吴茜薇 饰 ) 来看 孙策 夫人 大乔 ( 陈蝶衣 饰 ) 。,人物关系/社交关系/友谊关系/朋友
安宁公主,司徒静,安宁公主 发现 白云飞 心里 最 关心 的 是 司徒静 ， 她 醋意 大发 。,人物关系/社交关系/友谊关系/朋友
宋意,荆轲,陶靖节 《 咏 荆轲 》 诗 ， 有 “ 渐离击 悲筑 ， 宋意,人物关系/社交关系/友谊关系/朋友
孙策,周瑜,孙策 平定 江东 时 亲自 登门 邀请 ， 经 周瑜 介绍 ， 二人 出仕 为官 。,人物关系/社交关系/友谊关系/朋友
孙策,周瑜,孙策 与 周瑜,人物关系/社交关系/友谊关系/朋友
孙策,周瑜,刎 颈 交 （ 13 ） ， 相如 与 廉颇 ； 总角 好 （ 14 ） ， 孙策 （ 15 ） 与 周瑜 （ 16 ） 。,人物关系/社交关系/友谊关系/朋友
西门吹雪,陆小凤,不久 ， 陆小凤 造访 鱼龙混杂 的 大漠 边陲 小镇 ， 而 西门吹雪 让 他 找 的 人 — — 巴山 剑 派 大 师兄 柳 乘风 竟然 已经 被 人 一剑 封喉 。,人物关系/社交关系/友谊关系/朋友
墨鸦,白凤,白凤 向着 雀阁 而 去 ， 墨鸦 尾随 回到 雀阁 ， 一明 一暗 试探 中 发现 弄玉 进入 雀阁 的 目的 是 刺杀 姬无夜 ， 于是 以言 相劝 ， 无果 。,人物关系/社交关系/友谊关系/朋友
孙策,周瑜,周瑜 、 孙策 攻破 皖城 ， 得到 桥公 两个 女儿 ， 皆 国色天姿 。,人物关系/社交关系/友谊关系/朋友
孙策,周瑜,弩兵 【 SS 】 ： 诸葛亮 、 王平 、 严颜 、 黄盖 、 周瑜 、 夏侯渊 、 孙尚香 、 赵云 、 孙策 、 李恢 、 陆逊 、 蒋钦,人物关系/社交关系/友谊关系/朋友
童冷,步双极,将军 ： 步双极 、 女 煞神 、 鹫默心 （ 月 灵 公主 ） 、 童冷,人物关系/社交关系/友谊关系/朋友
萧景琰,林殊,皇子 萧景琰 ， 林殊 最好 的 朋友 。,人物关系/社交关系/友谊关系/朋友
李璜之,周智慧,1 人事 状况 : 荣誉 院长 ： 周智慧 李璜之 院长 与 周智慧 先生,人物关系/社交关系/友谊关系/朋友
孙策,周瑜,2 、 二乔 获得 战 ， 周瑜 走 孙策 行军 路线 、 或是 孙策 走 周瑜 行军 路线 ， 开始 后 480 秒 内 击破 周泰 。,人物关系/社交关系/友谊关系/朋友
孙策,周瑜,4 、 三国 时期 ， 小霸王 孙策 也 曾 与 部将 周瑜 、 程普 在 山下 与 笮 融 、 薛礼 大战 ， 并 赶走 刘繇 等 势力 ， 创基 立国 。,人物关系/社交关系/友谊关系/朋友
宁采臣,燕赤霞,燕赤霞 和 宁采臣 两人 协力 上塔 ， 诛杀 了 无数 潮涌 而来 的 妖物 ， 终于 到 了 塔顶 ， 在 塔顶 有 一个 美丽 的 姑娘 。,人物关系/社交关系/友谊关系/朋友
西门吹雪,陆小凤,陆小凤 之 武当 之战 剧情简介 : 西门吹雪 ﹝ 黄元申 ﹞ 自 目睹 其 夫人 孙秀青 ﹝ 黄杏秀 ﹞ 与 陆小凤 ﹝ 刘松仁 ﹞ 同 在 一床 以后 ， 便 下决心 杀掉 凤 。,人物关系/社交关系/友谊关系/朋友
墨鸦,白凤,墨鸦 的 存在 ， 对于 年少时 的 白凤 影响 颇深 ， 促使 他 不断 的 突破 自己 。,人物关系/社交关系/友谊关系/朋友
安宁公主,司徒静,安宁公主 第十二 集 : 太后 追索 司徒静 ， 朱允 掩护 司徒静 逃出 宫去 。,人物关系/社交关系/友谊关系/朋友
孙策,周瑜,第四十四章 ： 蒋干 渡江 说 周瑜 ， 蔡氏入 敌 投 孙策,人物关系/社交关系/友谊关系/朋友
何静,马丽,婚礼 撞期 后 ， 面对 何静 大 发狠 招 ， 个性 好强 的 马丽 则 拿出 一副 “ 撕 就 撕 ， 谁 怕 谁 ！ ”,人物关系/社交关系/友谊关系/朋友
孙策,周瑜,建安 三年 孙策 亲自 接 周瑜 渡江 ， 授其 建威 中郎将 ， 时年 24 岁 。,人物关系/社交关系/友谊关系/朋友
叶湘伦,路小雨,路小雨 角色 经历 : 在 这部 片子 里 ， 三个 主角 的 形象 ， 其实 以 叶湘伦 最为 模糊 。,人物关系/社交关系/感情关系/喜欢
楚玉,容止,只是 楚玉 没有 容止 的 野心 ， 所以 行事 上 相对 柔和 很多 。,人物关系/社交关系/感情关系/喜欢
白飞飞,沈浪,出 洞后 ， 会 在 山下 的 凉亭 听到 沈浪 和 白飞飞 （ 幽灵 宫主 ） 对话 ， 交谈 后 得知 熊猫儿 等 人 也 来 了 。,人物关系/社交关系/感情关系/喜欢
武玄霜,李逸,其实 ， 有些 伤疤 ， 短短 几行字 足矣 ， 但是 ， 那样 ， 少 了 特属 的 悲哀 ， 他 就 不会 是 李逸 ， 她 也 不再 是 武玄霜 了 ！,人物关系/社交关系/感情关系/喜欢
蓝缡,杨戬,蓝缡 对 杨戬 矢志不渝 的 喜欢 ， 孙悟空 竟然 也 在 杨戬 男儿身 时 对 杨戬 动 了 妄念 ！,人物关系/社交关系/感情关系/喜欢
程灵素,胡斐,第 23 集 程灵素 对 胡斐 一往情深 ， 甘愿 长伴 左右 ， 却 一直 未敢 表白 爱意 。,人物关系/社交关系/感情关系/喜欢
上官小仙,叶开,经历 重重 风波 ， 最终 叶开 和 各界 武林 侠士 一同 击败 了 上官小仙 ， 还 武林 以 太平 。,人物关系/社交关系/感情关系/喜欢
霍青桐,陈家洛,霍青桐 结论 : 陈家洛 娶 了 霍青桐 ！,人物关系/社交关系/感情关系/喜欢
周霆琛,佟毓婉,周霆琛 主要 剧情 : 小时候 ， 父亲 是 个 人贩子 ， 周霆琛 不 惧 父亲 暴虐 救下 了 小 佟毓婉 。,人物关系/社交关系/感情关系/喜欢
云痕,孟扶摇,雅兰 珠是 天下 归元 小说 《 扶摇 皇后 》 中 的 女配角 ， 扶风 的 雅 公主 ， 后 为 扶风 女王 ， 孟扶摇 的 好友 ， 与 云痕 是 知己 。,人物关系/社交关系/感情关系/喜欢
白飞飞,沈浪,沈浪 此时 早已 察觉 并 推测 出 幽灵 宫主 即 是 白飞飞 。,人物关系/社交关系/感情关系/喜欢
楚玉,容止,我 喜欢 楚玉 不是 因为 她 是 容止 爱 的 人 ， 而是 因为 她 是 独一无二 的 楚玉 ！,人物关系/社交关系/感情关系/喜欢
方如沁,欧阳少恭,结果 两人 去 桐姨 房间 ， 却 看见 巽芳 在 照顾 桐姨 ， 说桐 姨 又 晕过去 了 ， 方如沁 开始 怀疑 假巽芳 ， 欧阳少恭 紧 皱眉头 。,人物关系/社交关系/感情关系/喜欢
白飞飞,沈浪,"红颜 系列 之 三生石 内容简介 : 钟情 《 武林 外史 》 里 的 沈浪 和 白飞飞 , 所以 故事 就 引用 了 二人 的 名字 !",人物关系/社交关系/感情关系/喜欢
霍青桐,陈家洛,1987 ， 电视 ， 香港 无线 ， 彭文坚 饰 陈家洛 ， 罗慧娟 饰 霍青桐 ， 梁佩玲 饰 香香公主 ， 任达华 饰 乾隆 。,人物关系/社交关系/感情关系/喜欢
林朝英,王重阳,林朝英 对 王重阳 甚有 情意 ， 欲 待 委身 相事 ， 与 王重阳 结为夫妇 。,人物关系/社交关系/感情关系/喜欢
端木蓉,盖聂,初出茅庐 的 愣头青 盖聂 少年 带 着 涉世未深 的 端木蓉 小姑娘 走 天涯 的 故事 … …,人物关系/社交关系/感情关系/喜欢
林朝英,王重阳,防御 推荐 王重阳 ， 林朝英 + 全真 7 子 。,人物关系/社交关系/感情关系/喜欢
霍青桐,陈家洛,霍青桐 见 心爱 的 陈家洛 与 妹子 也 很 亲近 ， 便 一人 出走 。,人物关系/社交关系/感情关系/喜欢
林朝英,王重阳,对 林朝英 的 深情厚意 装痴乔 呆 ， 林朝英 以为 王重阳 瞧 她 不起 ， 终于 在 终南山 与 他 比武 决胜 ， 以 巧计 赢得 石墓 赌注 。,人物关系/社交关系/感情关系/喜欢
白飞飞,沈浪,之后 主角 从密道 回到 洞窟 中 ， 出 洞后 在 路上 见到 沈浪 和 白飞飞 （ 幽灵 宫主 ） 在 凉亭 对话 。,人物关系/社交关系/感情关系/喜欢
韩雪,萧炎,（ 网络小说 《 斗破 苍穹 》 人物 ） : 天蚕 土豆 《 斗破 苍穹 》 [ 1 - 2 ] 人物 之一 ， 迦南 学院 学生 ， 韩雪 的 姐姐 ， 和 萧炎 交好 。,人物关系/社交关系/感情关系/喜欢
项天骐,刘小贝,项天骐 急忙 抢 了 刘小贝 的 手机 打电话 给 助手 吩咐 助手 马克 12 小时 内 把 电脑 追回来 ， 并且 他 知道 是 公司 出现 了 内 鬼 。,人物关系/社交关系/感情关系/喜欢
叶重,芮冰,守护 ： 顾 少泽 制造 的 微型 光甲 ， 性能 出众 ， 多次 救叶 重于 水火之中 ， 后 被 叶重 送与 芮冰 。,人物关系/社交关系/感情关系/喜欢
尹天雪,童战,悲喜 交融 的 多角恋 情 （ 例如 豆豆 、 童博 、 童战 、 尹天雪 之间 错综复杂 的 爱恋 关系 ） 是 该剧 最大 的 煽情 点 。,人物关系/社交关系/感情关系/喜欢
武玄霜,李逸,武玄霜 巾帼不让须眉 ； 李逸 外 和 内刚 ， 原则性 极强 。,人物关系/社交关系/感情关系/喜欢
端木蓉,盖聂,"秦时 明月 之凤舞 九天 内容简介 : 墨家 机关 城内 , 端木蓉 中 了 白凤 的 鸟羽 倒地 昏迷不醒 , 盖聂 与 卫庄 两败俱伤 , 卫庄 败退 。",人物关系/社交关系/感情关系/喜欢
武玄霜,李逸,当新 王妃 出来 敬酒 时 ， 李逸 大吃一惊 ： 原来 新 王妃 竟是 武玄霜 扮 的 ！,人物关系/社交关系/感情关系/喜欢
袁紫衣,胡斐,胡斐 在 追赶 凤天南 的 路上 ， 又 遇 武艺高强 的 少女 袁紫衣 。,人物关系/社交关系/感情关系/喜欢
安世耿,姬瑶花,女神 捕 姬瑶花 暗恋 冷血 ， 对离 陌心生 妒忌 ， 后 又 遭 安世耿 利用 ， 一起 对付 四大名捕 。,人物关系/社交关系/感情关系/喜欢
郑微,陈孝正,自闭 、 敏感 、 自尊 、 家庭 贫困 的 陈孝正 却 在 毕业 的 时候 选择 了 出国 留学 ， 放弃 了 郑微 。,人物关系/社交关系/感情关系/恋人
陈文锦,吴三省,但 实际上 ， 他 是 解连环 ， 早 在 跟 陈文锦 下海 考古 的 时候 ， 就 与 吴三省 掉包 。,人物关系/社交关系/感情关系/恋人
萧忆情,舒靖容,3 人物 介绍 : 《 血薇 》 ： 舒靖容 、 萧忆情 、 舒血薇 、 石明烟 、 萧 逝水 、 高梦非,人物关系/社交关系/感情关系/恋人
夏侯轻衣,赵子龙,夏侯轻衣 人物 设定 : 《 武神 赵子龙 》 剧中 林允儿 饰演 的 女主角 “ 夏侯轻衣 ” 是 一个 原创 角色 ， 历史 上 并 不 存在 。,人物关系/社交关系/感情关系/恋人
张良,西门雁,行动 失败 后 ， 为了 躲避 搜捕 ， 张良 逃到 下 邳 乡间 躲藏 ， 一藏 就是 五年 ， 一是 为了 反思 ， 二是 不忍心 面对 和 伤害 心爱 的 西门雁 。,人物关系/社交关系/感情关系/恋人
秦思容,张君宝,秦思容 成为 杀手 后 为 张启 樵接 任务 ， 张启 樵 派 她 去 张君宝 身边 打探 岳飞 留下 的 遗物 。,人物关系/社交关系/感情关系/恋人
司马信,桑柔,一直 相信 爱情 关系 「 认真 便输 了 」 的 司马信 ， 一夜 浪漫 之 後 ， 对 桑柔 态度 若即若离 ， 心想 回到未来 便 可乾手 净脚 ， 然而 … …,人物关系/社交关系/感情关系/恋人
尤佳期,孟和平,尤佳期 ， 大名 广告公司 业务经理 ， 在 一次 新车 推荐 会上 猝不及防 地 与 初恋 男友 孟和平 重逢 。,人物关系/社交关系/感情关系/恋人
许文强,冯程程,这时 赶来 的 冯程程 无法 接受 这 一切 ， 又 不忍心 杀 许文强 为父 报仇 ， 心灰意冷 ， 远 赴 法国 。,人物关系/社交关系/感情关系/恋人
叶凡,齐飞,叶凡 向 教授 道歉 ， 华伦丹 指责 叶凡 不 自爱 ， 指责 齐飞 是 个 白痴 教授 。,人物关系/社交关系/感情关系/恋人
萧秋水,唐方,武林 推选 盟主 ， 萧秋水 是 盟主 的 热门 人选 ， 「 长江 大会 」 後 他 当上 了 「 武林 盟主 」 ， 而 唐方 自然 成 了 「 盟主 夫人 」 。,人物关系/社交关系/感情关系/恋人
唐雨柔,姜云凡,由于 引发 落雷 被 蜀山 派 留意 ， 派 姜云凡 、 唐雨柔 和 龙幽 来 调查 。,人物关系/社交关系/感情关系/恋人
袁震,吴晗,不料 ， 他 和 阿英 的 事 被 向 仲 得知 ， 在 吴晗 和 袁震 的 鼓励 下 ， 他 给 向仲写 了 一篇 肺腑之言 ， 终将 其 打动 。,人物关系/社交关系/感情关系/恋人
叶凡,齐飞,叶凡 打电话 求救 ， 齐飞 交待 不要 找 韩力 ， 而 要 去 找 徐浩 和 梦华 ， 因为 她 姐夫 若尘 肯定 会 有 律师 。,人物关系/社交关系/感情关系/恋人
许清,孟浩,道侣 ： 许清 《 性格 简单 为了 救 孟浩 曾 牺牲 自己 》,人物关系/社交关系/感情关系/恋人
叶开,丁灵琳,从 叶开 手里 接受 情缘 任务 ， 执行 任务 中 需要 找 NPC 丁灵琳,人物关系/社交关系/感情关系/恋人
唐雨柔,姜云凡,原来 是 唐雨柔 不想 嫁给 上官雅 ， 所以 才 想 的 这个 法子 ， 姜云凡 想 帮帮 不上 ， 只好 先回 山寨 。,人物关系/社交关系/感情关系/恋人
叶凡,齐飞,夜里 叶凡 起床 晨跑 ， 却 不 小心 摔倒 在 地上 ， 齐飞 骂 那个 该死 的 魔鬼 教练 ， 并 说 她 不用 晨跑 了 。,人物关系/社交关系/感情关系/恋人
丁典,凌霜华,丁典 人物 评价 : 覃贤茂 ： 丁典 是 粗豪 的 江湖 豪杰 ， 凌霜华 是 个 “ 人淡如菊 ” 的 清秀 才女 ， 英雄美人 ， 悲剧感 人 。,人物关系/社交关系/感情关系/恋人
丁典,凌霜华,凌霜华 为了 保住 丁典 性命 ， 发誓 永不 与 他 相见 ， 只是 每日 在 窗台上 摆放 一盆 鲜花 以慰 丁典 的 苦楚 ， 后来 更 自毁 容貌 以 明志 。,人物关系/社交关系/感情关系/恋人
叶凡,齐飞,叶 妈妈 抱怨 ， 齐飞 把 叶凡 正常 的 生活 都 搅乱 了 ， 要是 她 嫁给 韩力 就 不用 吃 这么 多 的 苦 了 。,人物关系/社交关系/感情关系/恋人
鲁四凤,周萍,岂料 周萍 已 厌恶 与 后母 的 暧昧关系 ， 正 热恋 着 年 当 青春 的 女佣 鲁四凤 。,人物关系/社交关系/感情关系/恋人
尤佳期,孟和平,该剧 主要 讲述 女主角 尤佳期 与 孟和平 、 阮正东 之间 的 相爱 却 不能 得 的 曲折 感人 、 肝肠寸断 的 情感故事 。,人物关系/社交关系/感情关系/恋人
唐雨柔,姜云凡,结识 姜云凡 、 唐雨柔 、 小蛮 三位 好友 ， 并 一同 拜入 蜀山 仙剑 派 。,人物关系/社交关系/感情关系/恋人
楚雨荨,慕容云海,▪ 慕容云海 ( 张翰 饰 ) ▪ 楚雨荨 ( 郑爽 饰 ) ▪ 蒋媛 ( 谈莉娜 饰 ),人物关系/社交关系/感情关系/恋人
高俅,宋江,高俅 乃 退兵 回朝 ， 心 生 毒计 ， 前去 梁山 招安 宋江 ， 借 梁山 兵勇 征剿 方腊 。,人物关系/社交关系/感情关系/恋人
高俅,宋江,受 朝廷 招抚 后 ， 在 对 辽国 、 方腊 战役 中屡立 奇功 ， 然在 大哥 宋江 被 高俅 等 害死 后 ， 与 吴用 一同 在 宋江 墓前 自缢身亡 。,人物关系/社交关系/感情关系/恋人
徐钰恒,何超莲,分手 疗伤 : 将 满 18 岁 的 赌 王千金 何超莲 ， 自 与 初恋 男友 徐钰恒 （ Tim ） 分手 后 ， 频频 见 她 从 英国 返港 散心 。,人物关系/社交关系/感情关系/恋人
袁震,吴晗,两情 永 隧 — — 袁震 · 吴晗,人物关系/社交关系/感情关系/恋人
唐雨柔,姜云凡,姜云凡 和 唐雨柔 才 知道 黑衣人 原来 是 欧阳英 ， 此番 是 来 找 欧阳倩 的 。,人物关系/社交关系/感情关系/恋人
颜回,孔子,2 柳下惠 人物 简介 : 孔子 为 至圣 ， 孟子为 亚圣 ， 颜回 为 复圣 ， 曾 参为 宗圣 ， 和 圣为 柳下惠,人物关系/师生关系/老师
颜回,孔子,胡道 满 在 《 孔子 哭 颜回 》 中 运用 的 喉音 和 双音 代唱 吹奏 独具一格 ， 似 秦腔 中 的 哭 唱 。,人物关系/师生关系/老师
葛玄,左慈,葛洪 是 东晋 人 ， 道教 理论家 、 医学家 、 炼丹术 家 ， 其伯 祖父 是 三国 时 的 “ 仙公 ” 葛玄 ， 葛玄 是 三国 时 著名 道士 和 炼丹 家 左慈 的 门徒 。,人物关系/师生关系/老师
韩非,荀子,《 荀子 》 《 韩非 子 》 之 各 一部分 。,人物关系/师生关系/老师
陈真,霍元甲,霍元甲 的 徒弟 陈真 九死一生 携带 霍元甲 的 儿子 霍东觉 流浪 江湖 ， 立志 不 忘 师傅 的 骨 培养 成人 ， 以承 父志 … …,人物关系/师生关系/老师
颜回,孔子,孔子 称赞 颜回 不 忧愁 居陋 食答 ， 而 以 心乐 ， 安贫乐道 的 操守 志向 。,人物关系/师生关系/老师
颜回,孔子,孔子 说 ： “ 颜回 ， 你 说 的 是 什么 意思 ？ ”,人物关系/师生关系/老师
姜子牙,元始天尊,申公豹 使出 断头 术 骗 姜子牙 的 封神榜 ， 被 元始天尊 阻止 。,人物关系/师生关系/老师
姜昆,马季,1984 甲子年 : 相声 ： 姜昆 、 赵炎 、 李文华 （ 已故 ） 、 马季 （ 已故 ） 。,人物关系/师生关系/老师
韩非,荀子,韩非 发展 了 荀子 的 无神论 ， 在 否定 鬼神 存在 的 基础 上 ， 进一步 反对 “ 神道设教 ” 。,人物关系/师生关系/老师
李昌镐,曹薰铉,曹薰铉 和 李昌镐 围棋 教室 · 中级 篇 内容 介绍 : 本书 共 四册 ， 分为 入门篇 上 、 下卷 和 初级 篇 、 中级 篇 。,人物关系/师生关系/老师
葛玄,左慈,左慈 人物 成就 : 左慈 戏耍 诸侯 ， 以 方术 名闻 当 世 ， 收 葛玄 为徒 。,人物关系/师生关系/老师
樊迟,孔子,樊迟 是 孔子 七十二 贤弟 子内 的 重要 人物 ， 继承 孔子 兴办 私学 ， 在 儒家 学派 广受 推崇 的 各个 朝代 享有 较 高 礼遇 。,人物关系/师生关系/老师
姜子牙,元始天尊,（ 《 封神演义 》 中 人物 ） : 玉鼎 真人 ， 《 封神演义 》 中玉鼎 真人 为 玉虚宫 元始天尊 门下 ， 姜子牙 的 同门 师兄 ， 为 阐教 “ 十二 金仙 ” 之一 。,人物关系/师生关系/老师
颜回,孔子,颜回 卫国之 行 : 颜子 颜回 与 子路 随 孔子 进入 卫国 后 ， 二人 先至卫 都 帝丘 （ 在 今 河南 濮阳 西南 ） 颜浊 邹家 。,人物关系/师生关系/老师
颜回,孔子,殿前 甬道 长 18.5 米 ， 宽 5 米 ， 两旁 两 相对 称 而立 颜回 、 曾 参 、 孔伋 、 孟轲 四人 石像 ， 史 称 “ 四配 ” ， 他们 是 孔子 最 著名 的 四大 传人 。,人物关系/师生关系/老师
姜昆,马季,马季 演艺 经历 : 马季 与 大 徒弟 姜昆 1957 年 马季 到 外地 巡回演出 ， 所到之处 ， 备受 欢迎 。,人物关系/师生关系/老师
颜回,孔子,《 孔子 家语 · 颜回 》 ： “ 达 於 情性 之理 ， 通 於 物类 之变 ， 知 幽明 之故 ， 覩 游气 之原 ， 若此 可谓 成人 矣 。 ”,人物关系/师生关系/老师
尹寿山,马德禄,马德禄 ― ― 高寿亭 、 高桂清 、 杨 闻华 、 尹寿山 、 郭荣起,人物关系/师生关系/老师
颜回,孔子,颜回 卒 ， 孔子 十分 悲伤 。,人物关系/师生关系/老师
韩非,荀子,我们 认为 这 可能 同 二者 的 着眼点 不同 有关 ， 韩非 所说 的 可能 是 历史 上 产生 的 具体 学派 ， 而 荀子 强调 的 则 是 学派 间 的 归属 和 联系 。,人物关系/师生关系/老师
仲由,孔子,但 孔子 又 说 ： “ 像 仲由 这样 ， 只怕 不得善终 吧 ！ ”,人物关系/师生关系/老师
薛谭,秦青,列子 · 汤 问篇 第十一部分 : 列子 · 汤 问篇 原文 : 薛谭 学 讴于 秦青 ① ， 未穷 青之技 ， 自谓 尽 之 ， 遂 辞 归 。,人物关系/师生关系/老师
赵公明,通天教主,其中 二十四颗 落 于 通天教主 之手 ， 赐予 赵公明 。,人物关系/师生关系/老师
颜回,孔子,孔子 带 着 子路 、 子贡 、 颜回 等 高足 ， 沿 大别山 经 邾 国 准备 前往 郢 都 。,人物关系/师生关系/老师
仲由,孔子,仲 村镇 简介 : 仲村 是 一代 圣贤 孔子 的 得意门生 仲由 的 故里 ， 是 历史 上 的 四大 文明 古镇 之一 。,人物关系/师生关系/老师
仲由,孔子,百里 负米 孔子 赞扬 : 孔子 赞扬 说 ： “ 仲由 侍奉 父母 ， 可以 说 是 生时 尽力 ， 死后 思念 哪 ！ ”,人物关系/师生关系/老师
张翠山,张三丰,张三丰 共收 有 七名 弟子 ： 宋远桥 、 俞莲舟 、 俞岱岩 、 张松溪 、 张翠山 、 殷梨亭 、 莫声谷 ， 合称 「 武当七侠 」 。,人物关系/师生关系/老师
樊迟,孔子,雍 也 译文 : 樊迟 问 孔子 怎样 才 算是 智 ， 孔子 说 ： “ 致力于 服务 民众 的 义举 ， 尊敬 鬼神 但 要 远离 它 ， 就 可以 说 是 智 了 。 ”,人物关系/师生关系/老师
仲由,孔子,孔子 说 ： “ 我 的 道 如果 行不通 ， 就 乘 上 小 木排 到 海外 去 ， 跟随 我 的 ， 怕 只有 仲由 吧 ！ ”,人物关系/师生关系/老师
吕洞宾,韩湘子,八仙 是 古代 神话传说 中 的 八位 神仙 ， 他们 是 李铁拐 、 钟离权 、 张果老 、 何仙姑 、 蓝采和 、 吕洞宾 、 曹国舅 、 韩湘子 。,人物关系/师生关系/学生
曹薰铉,李昌镐,第三轮 ： 徐奉洙 1 : 0 曹薰铉 张文东 1 : 0 俞斌 李昌镐 1 : 0 梁宰豪 金熙中 1 : 0 刘小光,人物关系/师生关系/学生
卫夫人,王羲之,苟氏 的 书法 虽然 不如 卫夫人 （ 卫铄 ） 、 谢道韫 （ 王羲之 之子 王凝之 之妻 ） 艺术 成就 高 、 书名 大 ， 但 在 当时 ， 也 深为 人们 所 珍重 。,人物关系/师生关系/学生
曹薰铉,李昌镐,虽然 日本队 主将 加藤 正夫 力克 曹薰铉 ， 但 还是 没能 闯过 最后 李昌镐 一关 。,人物关系/师生关系/学生
陈辅,陈靖仇,"陈靖仇 是 陈国 后裔 , 在 襁褓 时代 隋朝 四处 搜捕 陈国 遗族 时 , 他 的 师父 陈辅 牺牲 了 自己 的 儿子 , 冒险 将 陈靖仇 替代 救出 。",人物关系/师生关系/学生
陈辅,陈靖仇,捕 陈氏 遗族 ， 陈辅 以 自己 唯一 孙儿 当 代替品 ， 救出 襁褓 中 的 陈靖仇 ， 带 往 江南 隐姓埋名 ， 并 将 复国 重任 全 寄托 在 这位 小少主 的 身上 。,人物关系/师生关系/学生
吕洞宾,韩湘子,（ 八仙 ， 铁拐李 、 吕洞宾 、 韩湘子 、 荷 仙姑 、 张果老 、 曹国舅 、 蓝采 各 、 汉 钟离 、 各有不同 的 造型 。 ）,人物关系/师生关系/学生
步鹰,燕双鹰,另外 ， 在 电视剧 《 英雄 》 中 ， 燕双鹰 的 师傅 步鹰 也 使用 这 把 刀 。,人物关系/师生关系/学生
吕洞宾,韩湘子,八洞 神仙 道教 八仙 : 今天 人们 熟知 的 道教 八仙 ， 是 指 张果老 、 铁拐李 、 汉 钟离 、 吕洞宾 、 韩湘子 、 何仙姑 、 蓝采和 与 曹国舅 。,人物关系/师生关系/学生
陈辅,陈靖仇,陈靖仇 救出 陈辅 ， 宁珂 热情 款待 他们 一行 人 ， 并 说出 了 许多 事实真相 。,人物关系/师生关系/学生
吕洞宾,韩湘子,（ 八仙 之一 ） : 吕洞宾 ， 汉族 民间传说 中 的 八仙 之一 ， 另 七仙 是 汉 钟离 、 蓝采和 、 韩湘子 、 曹国舅 、 张果老 、 李铁拐 和 何仙姑 。,人物关系/师生关系/学生
吕洞宾,韩湘子,该法 因其 假托 汉 钟离 、 吕洞宾 、 韩湘子 、 曹国舅 、 何仙姑 、 蓝 采荷 、 张果老 、 铁拐李 八仙 诸形 （ 态 ） 演之 ， 故 名 。,人物关系/师生关系/学生
吕洞宾,韩湘子,八仙 中 吕洞宾 排 第一 ， 张果老 次之 ， 韩湘子 与 汉 钟离 并列 ， 何仙姑 第五 ， 铁拐李 第六 ， 蓝采和 第七 ， 曹国舅 最后 。,人物关系/师生关系/学生
卫夫人,王羲之,教 王羲之 书法 : 东晋 著名 的 书法家 王羲之 ， 书法 的 启蒙 老师 叫卫铄 ， 是 很 有名气 的 女 书法家 ， 人们 称 她 卫夫人 。,人物关系/师生关系/学生
步鹰,燕双鹰,燕双鹰 万分 悲痛 之下 ， 将 步鹰 乱枪 击毙 。,人物关系/师生关系/学生
吕洞宾,韩湘子,道经 《 西山 群仙会 真记 》 将 曹国舅 和 陈真 君 ( 即 蓝采和 ) 、 韩湘子 、 何仙姑 列为 吕洞宾 弟子 ； 道经 《 玉溪 子丹经 指要 ?,人物关系/师生关系/学生
吕洞宾,韩湘子,至 铁拐李 汉 钟离 吕洞宾 何仙姑 蓝采和 韩湘子 曹国舅 张果老 八仙,人物关系/师生关系/学生
曹薰铉,李昌镐,前 七届 比赛 的 冠军 分别 是 ： 曹薰铉 、 徐奉洙 、 刘昌赫 、 李昌镐 、 常昊 、 崔哲瀚 、 范廷钰 。,人物关系/师生关系/学生
曹薰铉,李昌镐,同年 弟子 李昌镐 夺走 其 最后 一个 国内 头衔 大王 战 ， 从此 韩国 棋坛 结束 长达 19 年 的 曹薰铉 时代 。,人物关系/师生关系/学生
曹薰铉,李昌镐,本届 杯赛 刘昌赫 第一个 出场 ， 先后 战胜 了 曹薰铉 、 李世石 等 高手 一路 连胜 ， 已 实现 了 13 连胜 ， 正在 向 李昌镐 的 纪录 逼近 。,人物关系/师生关系/学生
吕洞宾,韩湘子,东面 左边 是 韩湘子 、 何仙姑 ， 右边 是 张果老 、 吕洞宾 ， 西面 左边 是 铁拐李 、 曹国舅 ， 右边 是 兰采 和 、 汉 钟离 。,人物关系/师生关系/学生
梁子鹏,李小龙,后来 ， 李小龙 在 美国 讲授 武学 时 ， 亦 常常 提到 梁子鹏 师傅 。,人物关系/师生关系/学生
卫夫人,王羲之,王羲之 7 岁 时 ， 就 开始 学习 书法 ， 卫夫人 很 喜欢 他 聪明伶俐 ， 不但 尽心 教 王羲之 写字 ， 还 爱用 前人 练字 的 故事 开导 、 鼓励 王羲之 。,人物关系/师生关系/学生
马光陆,高占全,高占全 马光陆 : 马光陆 （ 1932 - ） ， 坠胡 演奏家 。,人物关系/师生关系/学生
卫夫人,王羲之,卫夫人 教 王羲之 书法 ， 还教 他 知道 天外有天 ， 人外有人 ， 不可 骄傲 懒散 。,人物关系/师生关系/学生
朱聪,郭靖,朱聪 向 郭靖 道 ： “ 快 取水 来 ， 拿 两碗 。 ”,人物关系/师生关系/学生
步鹰,燕双鹰,在 师徒 二人 的 最后 较量 中 ， 燕双鹰 一招 飞刀 射进 了 步鹰 的 喉咙 ， 步鹰 彻底 死亡 。,人物关系/师生关系/学生
包道乙,郑彪,梁山 军 攻打 睦州时 ， 夏侯成 与 包道乙 、 郑彪 一起 迎战 ， 被 梁山 军 击败 。,人物关系/师生关系/学生
单联全,冯一非,2007 年 冯一非 和 单联全 一起 创作 了 家庭 情感 剧 《 我 的 丑娘 》 的 剧本 ， 并 在 剧中 饰演 丑娘 的 媳妇 赵小旭 。,人物关系/师生关系/学生
王重阳,全真七子,周伯通 ， 是 金庸 小说 《 射雕 英雄传 》 及 《 神雕侠侣 》 中 的 人物 ， 王重阳 ( “ 中 神通 ” ) 的 师弟 ， 全真七子 的 师叔 。,人物关系/师生关系/学生
许晋亨,李嘉欣,李嘉欣 表示 ， 已重 了 十一二 磅 ， 已 计划 好 剖腹生产 ， 老公 许晋亨 会入 产房 拍摄 整个 过程 。,人物关系/亲属关系/配偶/妻子/现妻
李明博,金润玉,竞选 期间 传出 李明博 有 私生子 时 ， 金润玉 却 很 坦然 地 表示 ： “ 如果 有 的话 ， 应该 送来 ， 那么 就 能 让 私生子 投 支持 票 了 ， 多 得票 是 好事 。 ”,人物关系/亲属关系/配偶/妻子/现妻
蒋介石,宋美龄,其中 尤 以 记述 宋美龄 、 蒋介石 和 张学良 等 历史 人物 的 三大 系列 为 主体 。,人物关系/亲属关系/配偶/妻子/现妻
齐昊,田灵儿,清凉 珠 简介 : 清凉 珠是 作家 萧鼎 《 诛仙 》 中 青云 门 齐昊 所有 的 法宝 ， 后来 送给 田灵儿 。,人物关系/亲属关系/配偶/妻子/现妻
龙啸云,林诗音,[ 4 - 5 ] 李寻欢 故园 旧怨 : 前往 见 昔日 好友 龙啸云 ， 于 「 兴云庄 」 中 遇到 林诗音 、 林仙儿 、 龙啸云 等 人 。,人物关系/亲属关系/配偶/妻子/现妻
蒋介石,宋美龄,就是 宋美龄 陪 蒋介石 回 溪口 ， 毛氏 总是 热情 相待 。,人物关系/亲属关系/配偶/妻子/现妻
陈建州,范玮琪,黑白 配 创作 背景 : 《 黑白 配 》 是 范玮琪 自己 填词 ， 创作 来源于 她 与 男友 黑人 陈建州 的 感情 。,人物关系/亲属关系/配偶/妻子/现妻
邢李源,林青霞,林青霞 社会活动 : 香港 言爱 基金会 为 林青霞 的 丈夫 邢李源 （ 火原 ） 2006 年 独资 创办 的 爱心 慈善 组织 ， 取名 于 两人 的 小女儿 邢言爱 。,人物关系/亲属关系/配偶/妻子/现妻
姚明,叶莉,2007 年 8 月 3 日 ， 姚明 和 叶莉 在 上海 徐汇区 婚姻登记 结婚 ， 并于 2007 年 8 月 6 日 举办 婚礼 。,人物关系/亲属关系/配偶/妻子/现妻
张宏震,张静,总 出品人 ： 卜宇 、 张宏震 、 张静,人物关系/亲属关系/配偶/妻子/现妻
蔡赟,王娜,在 得知 蔡赟 饮恨 男双 时 ， 王娜 再次 告诉 他 ： “ 吸取 这次 比赛 的 经验教训 就 可以 了 ， 重要 的 是从 明年 开始 的 奥运 积分 赛 。,人物关系/亲属关系/配偶/妻子/现妻
吴晗,袁震,但 吴晗 精诚 专一 ， 绝不 旁骛 ， 他 到 袁震 的 病榻 前 的 次数 更 多 了 ， 立谈 的 时间 更久 了 。,人物关系/亲属关系/配偶/妻子/现妻
张震,庄雯如,当时 担任 张震 私人 助理 的 庄雯如 ， 同时 也 是 张震 的 日文 小 老师 ， 年纪 相若 的 两人 很快 就 交出 了 一份 “ 爱情 成绩单 ” ！,人物关系/亲属关系/配偶/妻子/现妻
孔子,亓官氏,《 孔子 》 饰 ： 亓官氏,人物关系/亲属关系/配偶/妻子/现妻
李铭顺,范文芳,【 无炎 的 爱 】 是 由 新加坡 制片 ， 范文芳 、 郑斌辉 、 李铭顺 、 李锦 梅 、 陈凤 玲 主演 的 14 集 情感 都市 剧 。,人物关系/亲属关系/配偶/妻子/现妻
廖仲恺,何香凝,又 如 国民党 内部 积极支持 国共合作 建立 革命 统一战线 的 何香凝 、 廖仲恺 等 都 是 国民党 左派 。,人物关系/亲属关系/配偶/妻子/现妻
陆毅,鲍蕾,陆雨 萱 ， 2008 年 10 月 26 日出 生于 上海 ， 是 陆毅 与 鲍蕾 的 女儿 。,人物关系/亲属关系/配偶/妻子/现妻
王力宏,李靓蕾,网友 更 曝光 王力宏 妻子 过 海关 时 的 视频 截图 ， 显示 李靓蕾 的 姓名 已 为 “ WANG / JINGLEO ( 王靓 蕾 ) ” 。,人物关系/亲属关系/配偶/妻子/现妻
蒋介石,宋美龄,宋美龄 与 蒋介石 形影相随,人物关系/亲属关系/配偶/妻子/现妻
蒋介石,宋美龄,毛人凤 患 肝癌 住院 ， 宋美龄 受 蒋介石 委托 探望 ， 后 送 美国 治疗 ， 医治无效 回到 台湾 死去 。,人物关系/亲属关系/配偶/妻子/现妻
傅彪,张秋芳,张秋芳 VS 傅彪 ： 风雨同舟 ， 甘苦与共,人物关系/亲属关系/配偶/妻子/现妻
龙啸云,林诗音,林诗音 林诗音 与 龙啸云 住 在 「 李园 」 更名 的 「 兴云庄 」 中 ， 生有 一子 龙小云 。,人物关系/亲属关系/配偶/妻子/现妻
潘汉年,董慧,1967 年 5 月 22 日 ， 在 江青 、 康生 一伙 的 操纵 下 ， 潘汉年 和 董慧 被 重新 收监 ， 关押 在 北京 秦城监狱 ， 又 经受 了 长达 5 年 的 “ 审查 ” 。,人物关系/亲属关系/配偶/妻子/现妻
蒋介石,宋美龄,民国 男人 最 爱 徐志摩 : 女人 的 身边 是 男人 ， 比如 张爱玲 与 胡兰成 ， 陈洁如 、 宋美龄 与 蒋介石 ， 陆小曼 、 林徽因 和 徐志摩 等 。,人物关系/亲属关系/配偶/妻子/现妻
阎维文,刘卫星,1982 年 ， 阎维文 回到 山西 ， 隆重 地 迎娶 了 刘卫星 。,人物关系/亲属关系/配偶/妻子/现妻
朱兆祥,胡静,2009 年 加入 胡静 老公 朱兆祥 先生 的 马来西亚 孝恩 集团 担任 中国 地区 董事 项目经理,人物关系/亲属关系/配偶/妻子/现妻
张无忌,赵敏,深悟 武林 真谛 的 张无忌 在 解 了 元军 对 少林寺 的 围困 后 ， 辞去 教主 之位 ， 与 赵敏 归隐 山林 。,人物关系/亲属关系/配偶/妻子/现妻
许志安,郑秀文,《 其实 你 心里 有没有 我 》 是 1994 年 郑秀文 、 许志安 演唱 的 歌曲 ， 由 张美贤 作词 ， 谭健常 作曲 。,人物关系/亲属关系/配偶/妻子/现妻
秦嘉,徐淑,从 文人 五言诗 的 发展 过程 来看 ， 秦嘉 和 徐淑 占有 重要 的 地位 ， 其 诗歌 作品 表明 了 文人 五言诗 的 技巧 渐趋 成熟 。,人物关系/亲属关系/配偶/妻子/现妻
韩寒,金丽华,更 有 韩寒 曾经 的 绯闻 女友 揭秘 ， 涉及 女性 有金莎 、 徐静蕾 、 韩雪 、 范冰冰 、 王 珞丹 、 金丽华 等 及其 中 。,人物关系/亲属关系/配偶/妻子/现妻
霍震霆,朱玲玲,霍震霆 握 着 朱玲玲 的 手 说 ： “ 朱 小姐 真不愧是 ‘ 港姐 ’ 冠军 ， 风度 让 人 着迷 。 ”,人物关系/亲属关系/配偶/妻子/前妻
霍震霆,朱玲玲,2005 年 9 月 ， 霍震霆 和 朱玲玲 秘密 签署 了 离婚 协议 ， 维系 了 27 年 的 “ 童话 婚姻 ” 终于 画上 了 句号 。,人物关系/亲属关系/配偶/妻子/前妻
黄志忠,何音,剧中 黄志忠 饰演 干练 警探 ， 何音 饰演 知性 女校长 ， 他们 分别 有 一个 90 后 女孩 。,人物关系/亲属关系/配偶/妻子/前妻
莫绍谦,慕咏飞,商界 巨头 慕家以 救莫家 家业 为 由迫 莫绍谦 与 慕咏飞 商业 联姻 。,人物关系/亲属关系/配偶/妻子/前妻
刘翔,葛天,4 个人 生活 : 2014 年 9 月 ， 刘翔 新婚 妻子 葛天 走红 ， 随即 有人 在 网上 曝出 葛天 与 前男友 亲密 合照 ， 前女友 ( 3 张 ),人物关系/亲属关系/配偶/妻子/前妻
朱芳雨,胡美,7 点 30 分 ， 随着 主持人 开场白 ， 朱芳雨 和 胡美 的 婚礼 终于 开始 了 。,人物关系/亲属关系/配偶/妻子/前妻
莫绍谦,慕咏飞,其后 十年 ， 莫绍谦 极力 要求 与 慕咏飞 离婚 ， 两人 关系 势同 水火 ， 婚姻 早已 名存实亡 。,人物关系/亲属关系/配偶/妻子/前妻
许晋亨,何超琼,后来 以小三 姿态 插足 许晋亨 与 何超琼 。,人物关系/亲属关系/配偶/妻子/前妻
莫绍谦,慕咏飞,莫绍谦 得知 当年 家族企业 失利 其实 是 慕咏飞 为 得到 自己 而 一手 策划 ， 开始 反击 ， 逐渐 占据 上风 。,人物关系/亲属关系/配偶/妻子/前妻
刘翔,葛天,2015 年 6 月 25 日 ， 刘翔 在 微博 宣布 与 演员 妻子 葛天 离婚 。,人物关系/亲属关系/配偶/妻子/前妻
张承中,任家萱,2016 年 3 月 4 日 ， 任家萱 在 社交 网站 Facebook 宣布 与 张承中 离婚 ， 二人 解除 婚姻关系 。,人物关系/亲属关系/配偶/妻子/前妻
邵昕,黄玉婷,"邵昕 个人 生活 : 老婆 黄玉婷 是 日文 女老师 , 通过 课堂 相识 ， 一见钟情 ， 交往 3 个 月 ， 结婚 8 年 ， 生育 一 儿子 7 岁 。",人物关系/亲属关系/配偶/妻子/前妻
莫绍谦,慕咏飞,婚后 两人 便 分居 生活 ， 莫绍谦 几番 要求 离婚 ， 慕咏飞 以 生意 要挟 维持 。,人物关系/亲属关系/配偶/妻子/前妻
胡金铨,钟玲,系里 没有 钱租 旅馆 招待 大 导演 ， 只能 住 在 系主任 钟 胡金铨 与 钟玲玲 家 ， 钟玲 感到 不 方便 要 我 搬 过去 作伴 ， 我 带 了 睡衣 去 ， 哪 知道 … … ”,人物关系/亲属关系/配偶/妻子/前妻
刘翔,葛天,2014 年 9 月 8 日 ， 葛天 与 刘翔 在 上海 登记 结婚 。,人物关系/亲属关系/配偶/妻子/前妻
霍震霆,朱玲玲,朱玲玲 人物 经历 : 朱玲玲 与 霍震霆 : 朱玲玲 港姐 照 ( 6 张 ),人物关系/亲属关系/配偶/妻子/前妻
胡金铨,钟玲,之后 ， 中央 电影 社长 取 片名 为 《 天下第一 》 ， 影片 英文名 则 由 胡金铨 妻子 钟玲 取为 《 AlltheKing ' sMen 》 。,人物关系/亲属关系/配偶/妻子/前妻
许晋亨,何超琼,1991 年 1 月 8 日 ， 许晋亨 与 赌王 何鸿燊 的 千金 何超琼 结婚 ， 这 段 港澳 两 大家族 联姻 一度 被 视为 佳话 ， 婚礼 时 更 连 摆 4 晚 夜宴 。,人物关系/亲属关系/配偶/妻子/前妻
黄毅清,黄奕,很快 ， 黄奕 发布 朋友圈 ， 表示 黄毅清 是 临时 要求 探视 女儿 ， 如今 ， 天寒地冻 ， 只有 3 岁 的 女儿 是否 吃饱穿暖 让 黄奕 忧心 。,人物关系/亲属关系/配偶/妻子/前妻
黄志忠,何音,2011 年 1 月 黄志忠 与其 妻子 何音 正式 办理 了 离婚 手续 。,人物关系/亲属关系/配偶/妻子/前妻
黄志忠,何音,2011 年 1 月 黄志忠 与 妻子 何音 正式 办理 离婚 手续 。,人物关系/亲属关系/配偶/妻子/前妻
黄毅清,黄奕,对此 ， 黄奕 的 宣传 人员 日前 表示 ， 黄奕 已去 报案 ， 等 立案 之后 就会告 黄毅清 诽谤 ， 并且 发声明 说明 事实 。,人物关系/亲属关系/配偶/妻子/前妻
刘翔,葛天,显然 ， 葛天 与 刘翔 已经 解除 婚姻关系 ， 但 围绕 着 两人 的 感情纠葛 似乎 剪 不断 理 还 乱 。,人物关系/亲属关系/配偶/妻子/前妻
黄志忠,何音,（ 导演 ： 潘军 合作 演员 ： 杨立新 、 黄志忠 、 何音 ）,人物关系/亲属关系/配偶/妻子/前妻
莫绍谦,慕咏飞,结婚 当夜 ， 慕咏飞 尖酸刻薄 的 谩骂 逼 得 莫绍谦 与其 分居 。,人物关系/亲属关系/配偶/妻子/前妻
黄毅清,黄奕,2014 年 11 月 ， 黄毅清 不断 在 微博 爆料 前妻 黄奕 的 “ 情史 ” ， 并 牵扯 多位 圈内 人士 。,人物关系/亲属关系/配偶/妻子/前妻
黄毅清,黄奕,活动 群访 中 ， 黄奕 被 问及 与 前夫 黄毅清 目前 的 关系 ， 黄奕 坦言 ： “ 放下 对 彼此 都 好 ， 放下 痛苦 、 包袱 ， 彼此 才能 走 未来 的 路 。 ”,人物关系/亲属关系/配偶/妻子/前妻
霍震霆,朱玲玲,回家 后 的 朱玲玲 依然 没能 盼 回 霍震霆 的 关爱 ， 依然 在 孤独 中 度日 。,人物关系/亲属关系/配偶/妻子/前妻
黄毅清,黄奕,自 六月份 ， 黄奕 起诉 与 黄毅清 离婚 以来 ， 双方 的 离婚 大战 各种 狗血 不断 ， 始终 牢牢 占据 各大 八卦 头条 。,人物关系/亲属关系/配偶/妻子/前妻
莫绍谦,慕咏飞,"婚后 两人 便 分居 生活 , 莫绍谦 几番 要求 离婚 , 慕咏飞 以 生意 要挟 维持 。",人物关系/亲属关系/配偶/妻子/前妻
祝彪,扈三娘,100181 祝彪 847522 祝家庄 的 三子 ， 和 扈三娘 有 婚约 ， 三 兄弟 中 武艺 最高 。,人物关系/亲属关系/配偶/妻子/未婚妻
祝彪,扈三娘,王英 深夜 潜入 祝家庄 ， 正巧 看到 扈三娘 和 祝彪 在 一起 ， 误以为 扈三娘 是 青楼女子 ， 此后 引发 了 不少 误会 。,人物关系/亲属关系/配偶/妻子/未婚妻
金蛇郎君,温仪,袁承志 花费 数日 ， 学成 武艺 ， 便 遵 遗嘱 ， 帮助 金蛇郎君 去 寻 温仪 。,人物关系/亲属关系/配偶/妻子/未婚妻
祝彪,扈三娘,《 水浒 英雄 谱 之 扈三娘 与 矮脚 虎 王英 》 祝彪 （ 高虎 饰 ）,人物关系/亲属关系/配偶/妻子/未婚妻
祝彪,扈三娘,一丈 青 扈三娘 ， 家住 独龙 岗三庄 之一 的 扈家庄 ， 原 被 许配给 祝家庄 祝彪 。,人物关系/亲属关系/配偶/妻子/未婚妻
金蛇郎君,温仪,金蛇郎君 夏雪宜 本 与 温家 有仇 ， 但 他 与 石梁派 温氏 五祖 之一 温方山 的 女儿 温仪 相爱 之后 ， 打消 了 向 温氏 五祖 继续 报仇 之念 。,人物关系/亲属关系/配偶/妻子/未婚妻
祝彪,扈三娘,扈家庄 比武招亲 ， 扈三娘 与 祝家庄 祝彪 一见钟情 ， 定下 婚约 。,人物关系/亲属关系/配偶/妻子/未婚妻
金蛇郎君,温仪,金蛇郎君 所习 武功 : 金蛇郎君 夏雪宜 和 温仪 ● 「 金蛇锥 」 ：,人物关系/亲属关系/配偶/妻子/未婚妻
祝彪,扈三娘,扈三娘 从小 许配给 青梅竹马 的 祝彪 ， 扈家庄 和 祝家庄 同 为 独龙 岗上 两霸 ， 这个 联姻 未尝 不是 政治婚姻 。,人物关系/亲属关系/配偶/妻子/未婚妻
祝彪,扈三娘,后来 宋江 一打 祝家庄 ， 派 石秀 去 探庄 ， 祝家庄 里 的 钟离老人 又 告诉 石秀 ， 祝家庄 祝朝奉 三子 祝彪 ， 与 扈三娘 已经 订 了 婚 。,人物关系/亲属关系/配偶/妻子/未婚妻
祝彪,扈三娘,扈家庄 ： 宋江 引兵 攻 扈家庄 ， 祝彪 未婚妻 扈三娘 自邻 庄来援 ， 与 梁山 好汉 酣斗 ， 擒获 王英 ， 力败众 头领 ， 后 被 林冲 所 擒 。,人物关系/亲属关系/配偶/妻子/未婚妻
祝彪,扈三娘,# 建议 将 顾大嫂 、 祝彪 、 扈三娘 三人 培养 一段时间 再 做 这个 任务 ， 你 将 会 稍微 轻松 一些,人物关系/亲属关系/配偶/妻子/未婚妻
金蛇郎君,温仪,喜欢 夏侯嫣 ， 娉娉婷婷 ， 语 笑嫣然 ， 甚至 觉得 那么 多个 版本 的 《 碧血剑 》 中 ， 她 才 是 最 接近 原著 的 温仪 《 金蛇郎君 》 。,人物关系/亲属关系/配偶/妻子/未婚妻
何晨光,唐心怡,男主角 何晨光 的 未婚妻 ， 唐心怡 上尉 （ 侯梦莎 饰 ） 。,人物关系/亲属关系/配偶/妻子/未婚妻
祝彪,扈三娘,影片 讲述 了 扈三娘 在 盗取 庄中 的 机关 图 过程 中 ， 遭遇 矮脚 虎 王英 ， 为了 保护 扈家庄 ， 她 与 王英 联手 ， 最终 挫败 了 祝彪 侵吞 扈家庄 的 阴谋 。,人物关系/亲属关系/配偶/妻子/未婚妻
祝彪,扈三娘,3.1 . 1 ， 触发 条件 为 ： 手中 有 《 无字天书 》 ， 且 队内 有 顾大嫂 、 祝彪 、 扈三娘 ， 在 祝家庄 附近 即可 触发 。,人物关系/亲属关系/配偶/妻子/未婚妻
祝彪,扈三娘,祝彪 想要 的 东西 ， 扈三娘 急于 拿到 手 。,人物关系/亲属关系/配偶/妻子/未婚妻
祝彪,扈三娘,灵堂 之上 ， 扈三娘 剥茧抽丝 ， 追查 真相 ， 在 王英 等 人 的 帮助 下 ， 终于 揭穿 祝彪 杀人 焚庄 的 罪行 。,人物关系/亲属关系/配偶/妻子/未婚妻
水若寒,陆剑萍,水若寒 人物 关系 : 未婚妻 ： 陆剑萍,人物关系/亲属关系/配偶/妻子/未婚妻
金蛇郎君,温仪,金蛇郎君 去 南京 寻宝 未果 ， 回来 发生 和 温仪 关系 。,人物关系/亲属关系/配偶/妻子/未婚妻
赵无忌,卫凤娘,2 人物 : 作者 : 古龙 主要 人物 : 赵无忌 白玉雕 龙凤 佩 次要 人物 : 卫凤娘 ： 赵无忌 的 妻子,人物关系/亲属关系/配偶/妻子/未婚妻
祝彪,扈三娘,成婚之日 ， 祝彪 为 梁山 所俘 ， 扈三娘 奋然 将 祝彪 救 下 ， 自己 反 为 梁山 所 擒 。,人物关系/亲属关系/配偶/妻子/未婚妻
金蛇郎君,温仪,当 袁承志 帮 夏雪宜 报仇雪恨 后 努力 撮合 他 和 温仪 想 让 他 最 爱 的 青弟 早点 出生 却 发现 金蛇郎君 兴趣 好像 有 哪里 不 对 的 地方 … …,人物关系/亲属关系/配偶/妻子/未婚妻
司波达也,司波深雪,也 雪 【 司波达也 — — 司波深雪 】,人物关系/亲属关系/配偶/妻子/未婚妻
金蛇郎君,温仪,金蛇郎君 送 温仪 回家 。,人物关系/亲属关系/配偶/妻子/未婚妻
司波达也,司波深雪,在 十七卷 中 ， 七草 为 破坏 司波达也 和 其 妹妹 司波深雪 的 婚约 ， 想 让 真 由 美 和 达 也 交往 ， 并 在 师族 会议 中 浑水摸鱼 的 拿到 了 交往 权 。,人物关系/亲属关系/配偶/妻子/未婚妻
祝彪,扈三娘,扈家庄 剧情简介 : 宋江引 兵攻 祝家庄 ， 祝彪 未婚妻 扈三娘 自邻 庄来援 ， 与 梁山 好汉 酣斗 ， 擒获 王英 ， 力败众 头领 ， 后 被 林冲 所 擒 。,人物关系/亲属关系/配偶/妻子/未婚妻
何晨光,唐心怡,何晨光 来到 唐心怡 的 面前 拿出 钻戒 求婚 。,人物关系/亲属关系/配偶/妻子/未婚妻
江浩坤,甘敬,江浩坤 人物 简介 : 江浩坤 ， 男 ， 38 岁 ， 商人 ， 陆远 和 甘敬 的 老同学 ， 甘敬 的 现任 的 未婚夫 。,人物关系/亲属关系/配偶/妻子/未婚妻
祝彪,扈三娘,祝彪 志在 吞并 扈家庄 ， 假借 答应 迎娶 扈三娘 之机 ， 骗 扈三娘 偷取 爹爹 私藏 的 扈家庄 布防 图 。,人物关系/亲属关系/配偶/妻子/未婚妻
诸葛尚,诸葛亮,南阳 卧龙岗 武侯祠 诸葛亮 躬耕 隐居 地 两侧 是 其子 诸葛瞻 、 其孙 诸葛尚 的 塑像 。,人物关系/亲属关系/血亲/自然血亲/祖父母/爷爷
薛嵩,薛仁贵,薛平 为 唐 名将 薛仁贵 曾孙 ， 其父 薛嵩 为 相州 刺史 ， 兼相 、 卫 、 洺 、 邢等州 节度 观察使 。,人物关系/亲属关系/血亲/自然血亲/祖父母/爷爷
林逸,刘磊,能够 推算 未来 ， 林东方 的 老友 ， 焦 牙子 的 徒弟 ， 刘磊 是 其师 叔祖 ， 与 林逸 同辈 ， 在 十几年 前 就 已经 预测 到 林逸 去 松山 市 的 任务 大概 。,人物关系/亲属关系/血亲/自然血亲/祖父母/爷爷
诸葛尚,诸葛亮,山顶 原有 武侯祠 ， 始建 于 宋 庆元 年间 （ 1195 — 1200 ） ， 祀 诸葛亮 及其 子 诸葛瞻 、 孙 诸葛尚 ， 故又称 三忠祠 。,人物关系/亲属关系/血亲/自然血亲/祖父母/爷爷
张遵,张飞,诸葛瞻 、 张遵 （ 张飞 之孙 ） 先后 被 魏军 砍 下 头颅 ， 蜀军 将士 大部 殉难 ， 白马 关 失守 。,人物关系/亲属关系/血亲/自然血亲/祖父母/爷爷
金正恩,金日成,成千上万 的 朝鲜 民众 在 位于 平壤 的 金日成 广场 举行 大规模 集会 ， 响应 朝鲜 最高 领导人 金正恩 的 号召 。,人物关系/亲属关系/血亲/自然血亲/祖父母/爷爷
袁家骝,袁世凯,袁家骝 出身 显赫 ， 是 袁世凯 “ 二 皇子 ” 袁克文 的 公子 。,人物关系/亲属关系/血亲/自然血亲/祖父母/爷爷
诸葛尚,诸葛亮,"诸葛武侯 门 内容简介 : 蜀 丞相 诸葛亮 之孙 诸葛尚 在 绵竹 之战 中 被 人 所 救 , 从此 踏上 修真 旅途 ...",人物关系/亲属关系/血亲/自然血亲/祖父母/爷爷
孙治平,孙中山,（ 孙中山 曾孙 ） : 孙国雄 ， 1943 年出 生于 美国 ， 曾祖父 孙中山 ， 祖父 孙科 ， 父亲 孙治平 。,人物关系/亲属关系/血亲/自然血亲/祖父母/爷爷
金正恩,金日成,一位 高层 脱北者 透露 说 ： “ 负责管理 金日成 、 金正日 历史 的 姜锡崇 曾经 教过 金正恩 。 ”,人物关系/亲属关系/血亲/自然血亲/祖父母/爷爷
吕四娘,吕留良,下联 典指清 吕留良 ， 字 晚村 ， 因 文字狱 阖 门 被害 ， 独遗女 吕四娘 得 脱 ， 练习 拳勇 ， 号 为 “ 女侠 ” 。,人物关系/亲属关系/血亲/自然血亲/祖父母/爷爷
陈恩田,陈光美,陈光美 晚年 闲居 蜀中 ， 寄希望于 孙子 陈恩田 ， 在家 以 “ 私塾 ” 授其 国学 。,人物关系/亲属关系/血亲/自然血亲/祖父母/爷爷
金正恩,金日成,张成泽 ， 生于 1946 年 2 月 6 日 ， 朝鲜 原 最高 领导人 金日成 的 女婿 、 金正日 的 妹夫 ， 现任 最高 领导人 金正恩 的 姑父 。,人物关系/亲属关系/血亲/自然血亲/祖父母/爷爷
程文子,荀息,程文子 简介 : 程文子 （ 生卒 年 月 不详 ） ， 荀氏 ， 名 骓 [ zhu ī ] ， 荀息 之孙 。,人物关系/亲属关系/血亲/自然血亲/祖父母/爷爷
诸葛尚,诸葛亮,祠中 供奉 诸葛亮 及其 子孙 诸葛瞻 、 孙 诸葛尚 的 彩色 塑像 。,人物关系/亲属关系/血亲/自然血亲/祖父母/爷爷
霍启刚,霍英东,霍启刚 ： 香港 霍英东 集团 副总裁,人物关系/亲属关系/血亲/自然血亲/祖父母/爷爷
吴恭,吴雄,吴 䜣 的 父亲 吴雄 、 自己 吴 䜣 、 儿子 吴恭 皆 明法 而 任 廷尉 ， 是 当时 著名 的 法律 世家 。,人物关系/亲属关系/血亲/自然血亲/祖父母/爷爷
苏我入鹿,苏我马子,表弟 ： 苏我虾夷 （ 苏我马子 之子 ， 苏我入鹿 之 父 ）,人物关系/亲属关系/血亲/自然血亲/祖父母/爷爷
曹琬,曹操,人物 简介 : 曹琬 ， 魏武帝 曹操 之孙 ， 樊安公 曹均 之子 。,人物关系/亲属关系/血亲/自然血亲/祖父母/爷爷
陈恩田,陈光美,陈光美 晚年 闲居 蜀中 ， 寄希望于 孙子 陈恩田 ， 决定 创办 “ 私塾 ” （ 名为 万寿 书院 ） 授其 国学 。,人物关系/亲属关系/血亲/自然血亲/祖父母/爷爷
诸葛尚,诸葛亮,在 今天 全国 各地 的 武侯祠 中 ， 除了 诸葛亮 端坐 大殿 正中 以外 ， 在 他 的 两侧 ， 一般 都 会 供奉 有 他 的 儿子 诸葛瞻 和 孙子 诸葛尚 的 塑像 。,人物关系/亲属关系/血亲/自然血亲/祖父母/爷爷
廖宝,廖永忠,廖宝 ， 祖籍 湖南 ， 明 初 ， 其祖交 廖永忠 以功 封 德庆 侯 ， 因 僭 用 龙凤 仪仗 违制 事 被 处死 ， 将 其 家属 谪戌边 于 左卫 。,人物关系/亲属关系/血亲/自然血亲/祖父母/爷爷
何祖光,何应钦,（ 所罗门 兄弟 公司 亚太 副总裁 ） : 何祖光 ， 温碧霞 的 丈夫 ， 何应钦 的 侄孙 。,人物关系/亲属关系/血亲/自然血亲/祖父母/爷爷
吕四娘,吕留良,几番 搜查 之后 ， 雍正 时期 文字狱 的 最大 冤主 吕留良 家族 的 唯一 活口 吕四娘 被 认为 正是 割走 雍正 人头 之 人 。,人物关系/亲属关系/血亲/自然血亲/祖父母/爷爷
薛葵,薛丁山,1 名称 来源 : 薛葵 ， 《 薛丁山 征西 》 和 《 薛刚反唐 》 中 的 人物 。,人物关系/亲属关系/血亲/自然血亲/祖父母/爷爷
朱国华,朱德,（ 开国 元帅 朱德 之孙 ） : 朱国华 ， 四川 仪陇 人 ， 朱德 的 孙子 ， 1957 年生 ， 1983 年 被判 死刑 。,人物关系/亲属关系/血亲/自然血亲/祖父母/爷爷
金正恩,金日成,也就是说 ， 金日成 为 金正恩 留下 了 三个 叔叔 ， 两个 姑姑 。,人物关系/亲属关系/血亲/自然血亲/祖父母/爷爷
丁珰,丁不三,丁珰 ， 金庸 武侠小说 《 侠客行 》 的 人物 ， 丁不三 的 孙女 。,人物关系/亲属关系/血亲/自然血亲/祖父母/爷爷
曹婴,曹操,（ 剧中 并 没有 交代 曹婴 的 父亲 ， 但 按照 年代 及 曹操 25 个 儿子 的 年龄 推算 如果 曹婴 的 父亲 是 历史 人物 ， 则 只 可能 是 曹昂 ）,人物关系/亲属关系/血亲/自然血亲/祖父母/爷爷
金正恩,金日成,对朝 消息人士 表示 ， 成为 正式 接班人 的 金正恩 在 金日成 军事 综合大学 学习 军事学 时 ， 也 对 “ 炮 射击 ” 十分 感兴趣 。,人物关系/亲属关系/血亲/自然血亲/祖父母/爷爷
贾琏,贾母,逼 得 仆妇 上吊 ， 贾母 迫使 贾琏 向凤姐 赔礼 。,人物关系/亲属关系/血亲/自然血亲/祖父母/奶奶
贾元春,贾母,/ 5121 . 贾元春 判词 中 的 不解之谜 / 5222 . 贾母 在 贾府中 占有 什么样 的 地位 ？,人物关系/亲属关系/血亲/自然血亲/祖父母/奶奶
贾琏,贾母,《 红楼梦 》 第四 四 回 ： “ 贾琏 只得 忍愧 前来 ， 在 贾母 面前 跪下,人物关系/亲属关系/血亲/自然血亲/祖父母/奶奶
白阿绣,史小翠,石中玉 强奸 白阿绣 未遂 事件 爆发 后 ， 史小翠 和 白自在 发生 口角 ， 史小翠 被 打 了 一记 耳光 ， 愤怒 离去 ， 在 雪山 下 救起 自杀未遂 的 白阿绣 。,人物关系/亲属关系/血亲/自然血亲/祖父母/奶奶
贾琏,贾母,贾琏 的 好色 ， 其实 是 时代 所 默许 的 ， 贾母 中肯 的 一语 指出 ： “ 这 男人 年轻 时 ， 哪有 不 馋嘴 猫儿 似的 ， 出去 偷腥 ？ ”,人物关系/亲属关系/血亲/自然血亲/祖父母/奶奶
白阿绣,史小翠,从 雪山 派出 走 的 奶奶 史小翠 在 山下 救起 白阿绣 后 ， 祖孙二人 到 中原 散心 ， 在 武昌 府 偶遇 对 史小翠 痴恋 的 丁不四 。,人物关系/亲属关系/血亲/自然血亲/祖父母/奶奶
贾琏,贾母,贾琏 要 请 鸳鸯 偷取 贾母 的 银器 去 典押 ， 必须 先 许下 给 她 的 好处 ， 才能 办通 。,人物关系/亲属关系/血亲/自然血亲/祖父母/奶奶
贾琏,贾母,贾母 、 王夫人 、 贾琏 、 平儿 、 袭人 等 更 哭 的 死去,人物关系/亲属关系/血亲/自然血亲/祖父母/奶奶
贾元春,贾母,因 贾元春 薨 逝 、 王子腾 被 药 死 、 贾政 赴任 在 即 ， 贾母 、 王夫人 只得 采纳 凤姐 掉包 计 ， 成全 贾宝玉 与 薛宝钗 的 金玉 姻缘 。,人物关系/亲属关系/血亲/自然血亲/祖父母/奶奶
贾琏,贾母,贾恩侯 简介 : 贾赦 是 贾母 的 长子 ， 贾琏 、 迎春 的 父亲 。,人物关系/亲属关系/血亲/自然血亲/祖父母/奶奶
贾琏,贾母,《 红楼梦 》 第十二回 ： “ 於 是 贾母 定 要 贾琏 送 他 去 ， 仍 叫 带 回来 。,人物关系/亲属关系/血亲/自然血亲/祖父母/奶奶
白阿绣,史小翠,随后 众人 离开 后 石破天 也 找 不到 史小翠 、 白阿绣 ， 便 也 乘船 离开 紫烟 岛 。,人物关系/亲属关系/血亲/自然血亲/祖父母/奶奶
贾元春,贾母,书稿 从 第七回 开始 转而 叙述 《 红楼梦 》 前 八十回 之后 的 故事 ， 贾元春 去世 后 ， 贾府 没 了 靠山 ， 贾母 病重 ， 府 里 乱作一团 。,人物关系/亲属关系/血亲/自然血亲/祖父母/奶奶
贾琏,贾母,贾琏 求 鸳鸯 将 贾母 查不到 的 银器 从 偷 一 箱子 出来 ， 典当 些 银子 ， 填补 家用 亏空 ， 让 凤姐 向 她 说情 。,人物关系/亲属关系/血亲/自然血亲/祖父母/奶奶
贾琏,贾母,贾赦 人物形象 : 贾赦 是 贾母 的 长子 ， 贾琏 、 迎春 的 父亲 。,人物关系/亲属关系/血亲/自然血亲/祖父母/奶奶
贾元春,贾母,元春 之死 : 省 宫闱 贾元春 染恙 72 回凤姐 梦见 被 夺 一百匹 锦 ， 83 回 元春 染恙 ， 86 回 托梦 给 贾母 ， 暗写 元春 在 宫中 处境 十分 凶险 。,人物关系/亲属关系/血亲/自然血亲/祖父母/奶奶
贾琏,贾母,所以 ， 林黛玉 回家 探父 ， 贾母 坚持 要命 贾琏 护送 ， 这 足以 说 明贾母 对 贾琏 能力 的 肯定 ； 营造 大观园 ， 贾政 放手 交给 贾琏 、 贾珍 。,人物关系/亲属关系/血亲/自然血亲/祖父母/奶奶
白阿绣,史小翠,石破天 从中 救出 史小翠 和 白阿绣 ， 三人 流落 到 紫烟 岛 躲避 敌人 追捕 。,人物关系/亲属关系/血亲/自然血亲/祖父母/奶奶
贾琏,贾母,8 、 王熙凤 ， 贾琏 之妻 ， 精明强干 ， 深得 贾母 和 王夫人 的 信任 ， 是 贾府 的 实际 大管家 。,人物关系/亲属关系/血亲/自然血亲/祖父母/奶奶
贾琏,贾母,贾母 生前 偏心 ， 凤姐 、 贾琏 又 向着 贾母 ， 邢夫人 怀恨 已 久 。,人物关系/亲属关系/血亲/自然血亲/祖父母/奶奶
贾琏,贾母,只 听见 里面 哭声 震天 ， 却是 贾赦 贾琏 送 贾母 到家 即 过 这边 来 了 。,人物关系/亲属关系/血亲/自然血亲/祖父母/奶奶
贾琏,贾母,更 重要 的 是 鸳鸯 还 掌管 贾母 的 财物 ， 书中 多次 提到 贾琏 和 熙 凤因 缺钱 求 鸳鸯 弄 出点 贾母 的 “ 梯己 ” 。,人物关系/亲属关系/血亲/自然血亲/祖父母/奶奶
贾琏,贾母,当下 贾母 进入 里面 ， 早有 贾赦 贾琏 率领 族 中人 哭 着 迎 了 出来 。,人物关系/亲属关系/血亲/自然血亲/祖父母/奶奶
贾琏,贾母,还 与 贾琏 合伙 偷 贾母 的 银器 。,人物关系/亲属关系/血亲/自然血亲/祖父母/奶奶
贾元春,贾母,贾元春 ， 金陵 十二钗 之三 ， 贾政 与 王夫人 之 长女 ， 自幼 由 贾母 教养 。,人物关系/亲属关系/血亲/自然血亲/祖父母/奶奶
贾琏,贾母,贾琏 则 从未 把 它 放在心上 ， 连 自己 曾经 与 凤姐 商量 要 拿出 去 送 人 的 事 都 忘 了 ， 只 因 贾母 八旬 大庆 及 图谋 借当 才 忽然 想 起来 。,人物关系/亲属关系/血亲/自然血亲/祖父母/奶奶
贾琏,贾母,趁 丁忧 无 事 ， 贾政便 向 贾琏 交代 家事 ， 自己 带上 贾蓉 扶 了 贾母 、 凤姐 、 黛玉 、 秦可卿 等 人 的 灵柩 回南 安葬 。,人物关系/亲属关系/血亲/自然血亲/祖父母/奶奶
沈红叶,白飞飞,沈红叶 人物 简介 : 古龙 小说 《 碧血 洗银枪 》 里 的 人物 ， 武林 四 公子 之一 ， 是 阿飞 （ 沈浪 与 白飞飞 之子 ） 的 后人 ， 为 叶开 收养 。,人物关系/亲属关系/血亲/自然血亲/祖父母/奶奶
贾元春,贾母,人物 介绍 : 贾元春 自幼 由 贾母 教养 。,人物关系/亲属关系/血亲/自然血亲/祖父母/奶奶
贾元春,贾母,"贾元春 — — 贾政 与 王夫人 之 长女 , 生于 正月初一 故 名为 元春 , 自幼 由 贾母 教养 。",人物关系/亲属关系/血亲/自然血亲/祖父母/奶奶
宋一国,金斗汉,宋一国 是 韩国 著名 的 男演员 ， 其 母亲 和 妹妹 都 是 演员 ， 他 的 外公 更是 韩国 名将 之子 金斗汉 ， 可谓 是 出生 显赫 。,人物关系/亲属关系/血亲/自然血亲/外祖父母/外公
宋一国,金斗汉,祖父 是 韩国 著名 抗日 将军 金佐镇 ， 父亲 则 是 有着 传奇一生 的 著名 前 国会议员 金斗汉 ， 儿子 宋一国 亦 为 韩国 演艺圈 知名演员 。,人物关系/亲属关系/血亲/自然血亲/外祖父母/外公
宋一国,金斗汉,宋一国 的 外公 金斗汉 是 军界 要 人 ， 是 韩国 的 抗日 英雄 ， 事迹 曾 被 拍成 韩剧 《 野人 时代 》 ， 父亲 从政 ， 母亲 金乙东 是 韩国 知名演员 。,人物关系/亲属关系/血亲/自然血亲/外祖父母/外公
宋一国,金斗汉,宋一国 的 母亲 是 韩国 著名演员 金乙东 ， 而 他 的 外公 更是 韩国 名将 之子 金斗汉 ， 而 他 的 妹妹 宋松 怡 也 是 一名 演员 。,人物关系/亲属关系/血亲/自然血亲/外祖父母/外公
宋一国,金斗汉,金斗汉 [ 1 - 2 ] 的 外孙 、 也 就是 金乙东 的 儿子 ， 就是 韩国 当红 艺人 宋一国 。,人物关系/亲属关系/血亲/自然血亲/外祖父母/外公
罗茜茜,毕大千,为了 熏陶 罗茜茜 ， 毕大千 决定 带 着 茜 茜 和 他 在 北京 的 学生 一起 出去 聚聚 ， 让茜茜 出去 多见 见世面 受些 影响 。,人物关系/亲属关系/血亲/自然血亲/外祖父母/外公
罗茜茜,毕大千,“ 虎妈 ” 毕胜男 延续 了 他 父亲 的 “ 优良传统 ” ， 对 女儿 罗茜茜 同样 也 采取 了 严苛 的 教育 ， 而 在 毕胜男 实施 育女 计划 的 背后 ， 时常 能 看到 父亲 毕大千 的 影子 。,人物关系/亲属关系/血亲/自然血亲/外祖父母/外公
李坏,上官金虹,原名 李善 ， 因为 他 命运 实在 太坏 了 ， 所以 叫 李坏 ， 是 小 李飞 刀 的 传人 ， 李寻 欢 的 孙儿 ， 为 李曼青 与 上官金虹 女儿 的 私生子 。,人物关系/亲属关系/血亲/自然血亲/外祖父母/外公
张恭庆,陈宝琛,陈宝琛 因 着 联姻 关系 ， 张恭庆 的 外祖父 陈宝琛 ， 是 清朝 晚期 的 内阁 大学士 ， 当 过 清朝 末代皇帝 溥仪 的 老师 。,人物关系/亲属关系/血亲/自然血亲/外祖父母/外公
