尤二姐,贾琏,此事 终 被 凤姐 探知 ， 她 乘 贾琏 外出 机会 ， 把 尤二姐 赚入 大观园 ， 再用 各种 毒辣 办法 孤立 和 摧残 尤二姐 。,人物关系/亲属关系/配偶/丈夫/现夫
范文芳,李铭顺,《 白蛇 新传 》 为 新加坡 新 传媒 与 台湾 联合 于 2001 年 制作 的 大型 古装 神话剧 ， 由 范文芳 、 李铭顺 、 焦恩俊 、 张玉嬿 等 主演 。,人物关系/亲属关系/配偶/丈夫/现夫
孙尚香,刘备,3 . 三国 杀 online 武将 秀 刘备 或 孙尚香 ！,人物关系/亲属关系/配偶/丈夫/现夫
朱七七,沈浪,相对 于 朱七七 ， 白飞飞 是 个 “ 假 ” 人 ， 她 甚至 比 沈浪 深沉 。,人物关系/亲属关系/配偶/丈夫/现夫
宋霭龄,孔祥熙,一 、 大姐 宋霭龄 嫁 与 孔祥熙,人物关系/亲属关系/配偶/丈夫/现夫
班淑娴,何太冲,班淑娴 是 昆仑 派 中 的 杰出人物 ， 年纪 比 何太冲 大 了 两岁 ， 入门 较 他 早 ， 武功 修为 亦 不 在 他 手下 。,人物关系/亲属关系/配偶/丈夫/现夫
侯佩岑,黄伯俊,2009 年 1 月 1 日 ， 侯佩岑 与 未婚夫 黄伯俊 依照 家中 长辈 心愿 ， 在 家中 以 传统 仪式 交换 戒指 ， 并 在 “ 喜悦 、 平静 ” 气氛 下 完成 订婚 。,人物关系/亲属关系/配偶/丈夫/现夫
潘金莲,武大郎,嫁个 武大郎 难保 不成 潘金莲,人物关系/亲属关系/配偶/丈夫/现夫
叶莉,姚明,姚沁蕾 个人 情况 : 姚沁蕾 介绍 : 姚沁蕾 ， 英文名 Amy （ 艾米 ） ， 女 ， 篮球 运动员 姚明 与 叶莉 的 女儿 。,人物关系/亲属关系/配偶/丈夫/现夫
朱七七,沈浪,沈浪 在 流浪 江湖 时 被 美丽 可爱 、 敢爱敢恨 的 朱七七 所救 ， 两人 展开 一段 纠缠不清 的 爱情 ， 因 性格 经历 悬殊 ， 感情 多有 波折 。,人物关系/亲属关系/配偶/丈夫/现夫
孙尚香,刘备,《 洞房 》 孙尚香 — — 李维康 、 刘备 — — 耿其昌 、 赵云 — — 王立军,人物关系/亲属关系/配偶/丈夫/现夫
孙尚香,刘备,刘备 ： 【 真 黄龙 剑 】 战场 ： 【 夷陵 之战 ： 蜀军 】 条件 ： 由 玩家 （ 刘备 ） 击倒 孙尚香 、 甘宁 、 凌统 、 陆逊 。,人物关系/亲属关系/配偶/丈夫/现夫
宁无双,李翰,邗沟 案时 ， 他 受 好友 李翰 生前 之 托付 ， 前 赴 洛阳 李翰 家中 寻找 李夫人 宁无双 ， 并 取回 一封 密信 。,人物关系/亲属关系/配偶/丈夫/现夫
程瑶迦,陆冠英,第二十九章 陆冠英 程瑶迦 藏 宝剑,人物关系/亲属关系/配偶/丈夫/现夫
熊美玲,林秋离,No.293 抱紧 一点 林秋离 熊美玲 堂娜,人物关系/亲属关系/配偶/丈夫/现夫
樊姬,楚庄王,王妃 樊姬 异常 焦虑 ， 规劝 楚庄王 说 ： “ 君王 ， 您 过于 沉沦 在 音乐 中 了 ！,人物关系/亲属关系/配偶/丈夫/现夫
路青,艾未未,玉器 不是 奢侈品 艾未未 、 路青 的 古玉藏识 老吉,人物关系/亲属关系/配偶/丈夫/现夫
宁无双,李翰,宗主 得知 了 那 封 事关 众 贪官 们 生死 的 密信 竟然 被 送回 洛阳 ， 落到 了 李翰 之妻 宁无双 的 手中 ！,人物关系/亲属关系/配偶/丈夫/现夫
杨绛,钱钟书,钱钟书 与 杨绛 ： 守住 一座 书城,人物关系/亲属关系/配偶/丈夫/现夫
武顺,贺兰越石,武顺 初嫁 贺兰越石 ， 育有 一子 贺兰敏之 ， 一女 贺兰 氏 。,人物关系/亲属关系/配偶/丈夫/现夫
闵柔,石清,贝海石 命令 鬼祟 “ 没有 我 的 命令 谁 也 不能 见 石清 闵柔 夫妻 你们 俩个 要 严加防范 石清 闵柔 夫妻 决不能 放走 石清 闵柔 夫妻 明白 吗 。 ”,人物关系/亲属关系/配偶/丈夫/现夫
秦香莲,陈世美,〈 〈 秦香莲 〉 〉 剧目 中 的 陈世美 生行 : 又称 小生 ， 主要 扮演 青 、 壮年 男子 角色 ， 用 男声 假 嗓 唱念 ， 身段 稳重 大方 ， 动作 文雅 潇洒 。,人物关系/亲属关系/配偶/丈夫/现夫
彭丽媛,习近平,彭丽媛 一身 黑 双排 扣 风衣 配合 习近平 的 造型 ， 深色 的 整身 造型 用 丝巾 点亮 ， 简约 而 典雅 。,人物关系/亲属关系/配偶/丈夫/现夫
樊梨花,薛丁山,《 杨丽花 终极 大战 - 薛丁山 与 樊梨花 》 饰 樊梨花 陈亚兰 参演 电影 : 陈亚兰 参演 电视剧 : 陈亚兰 节目主持 : 《 宝岛 曼波 》 万秀猪 王,人物关系/亲属关系/配偶/丈夫/现夫
王茜,徐庆东,生命 的 天空 歌曲 信息 : 作词 ： 徐庆东 王茜,人物关系/亲属关系/配偶/丈夫/现夫
许夫人,许汉青,许汉青 和 其 夫人 [ 许夫人 ] 开始 散尽 万贯家财 ， 招募 许姓族 丁 ， 组织 义军 ， 加紧 操练 ， 准备 抗元 。,人物关系/亲属关系/配偶/丈夫/现夫
班淑娴,何太冲,何太冲 和 班淑娴 对望一眼 ， 两人 双剑齐 出 ， 分别 指住 了 杨逍 咽喉 和 眉心 。,人物关系/亲属关系/配偶/丈夫/现夫
熊美玲,林秋离,No.23 天 若有情 （ 台语 ） 林秋离 熊美玲 江蕙,人物关系/亲属关系/配偶/丈夫/现夫
马小玲,况天佑,况天佑 僵尸 三 : 于 第三部 中 ， 来到 盘古 之地 的 马小玲 和 况天佑 适逢 瑶池 圣母 冲破 封印 ， 使 天佑 身受 红雪 风暴 病毒 之苦 。,人物关系/亲属关系/配偶/丈夫/现夫
邢夫人,贾赦,即 贾赦 之妻 邢夫人 。,人物关系/亲属关系/配偶/丈夫/现夫
乐颜,宁致远,惠子 ， 安逸尘 ， 宁致远 三人 计划 在 乐颜 出嫁 当天 假扮 魔王 劫走 乐颜 ， 而 惠子和 安逸尘 却 催眠 宁佩珊 ， 给 文府 送 去 匿名信 戳穿 计划 。,人物关系/亲属关系/配偶/丈夫/现夫
吴健雄,袁家骝,苏州 健雄 职业 技术 学院 的 申办 得到 了 吴健雄 博士 的 丈夫 ， 著名 物理学家 袁家骝 博士 （ 1912 - 2003 ） 生前 的 亲切 关怀 和 指导 。,人物关系/亲属关系/配偶/丈夫/现夫
周翠英,郑裕彤,三年 后 ， 在 周至元 的 主持 下 ， 郑裕彤 果真 与 周家 的 掌上明珠 周翠英 结为 连理 。,人物关系/亲属关系/配偶/丈夫/现夫
刘梅,夏东海,夏东海 和 刘梅 的 结婚 纪念日 就要 到 了 ， 准备 庆祝 的 时候 ， 他们 都 意外 地 发现 了 别人 写给 对方 的 情书 ， 于是 他们 的 误会 逐渐 升级 … …,人物关系/亲属关系/配偶/丈夫/现夫
吴健雄,袁家骝,第三天 ， 卢鹤绂 院士 在 上海 锦江 饭店 11 楼 主持 袁家骝 、 吴健雄 夫妇 座谈会 。,人物关系/亲属关系/配偶/丈夫/现夫
慕容秋荻,谢晓峰,丁 小弟 终于 有 了 出人头地 的 机会 ， 但 他 并不知道 这些 都 是 生身父母 谢晓峰 和 慕容秋荻 的 刻意 安排 。,人物关系/亲属关系/配偶/丈夫/现夫
李秀文,叶挺,李秀文 当然 满心欢喜 ， 她 对 叶挺 已 是 以心 相许 ， 但 她 提出 还要 征求 父母 的 意见 才能 最后 决定 。,人物关系/亲属关系/配偶/丈夫/现夫
鲁元公主,张敖,汉 安陵 安陵 陪葬 墓 : 安陵 陪葬 者 见诸 文献 记载 的 有 鲁元公主 、 张敖 、 陈平 、 张苍 、 袁盎 、 扬雄 等 。,人物关系/亲属关系/配偶/丈夫/现夫
岳灵珊,林平之,第二层 ， 林平之 其实 也 是 为了 保住 岳灵珊 的 清白 。,人物关系/亲属关系/配偶/丈夫/现夫
赵姨娘,贾政,枫露 茶 事后 贾宝玉 要 撵 茜 雪 赵姨娘 趁势 回 了 贾政 调 了 过来 ， 当时 应是 二等 丫鬟 （ 后 贾环 大 了 也 有 使用 大 丫鬟 资格 后 才 升为 一等 ） 。,人物关系/亲属关系/配偶/丈夫/现夫
樊姬,楚庄王,⑨ 、 樊姬 ： 楚庄王 夫人 。,人物关系/亲属关系/配偶/丈夫/现夫
柳摇金,韩翃,47 ． 柳摇金 与 韩翃 — — 金童玉女 感 天地,人物关系/亲属关系/配偶/丈夫/现夫
施南生,徐克,2014 年 7 月 3 日 施南生 在 接受 采访 时 ， 坦言 已经 与 导演 徐克 离婚 。,人物关系/亲属关系/配偶/丈夫/前夫
施南生,徐克,「 浪漫 演义 电影 工作室 创意 非凡 廿五年 」 特刊 收录 了 徐克 、 施南生 、 吴宇森 、 张叔平 、 林青霞 、 张艾嘉 等 二十三 篇 详尽 访问 。,人物关系/亲属关系/配偶/丈夫/前夫
张子萱,杨一柳,后来 杨一柳 出版 第一本 小说 请来 张子萱 做 模特 ， 两人 就此 开始 相恋 。,人物关系/亲属关系/配偶/丈夫/前夫
施南生,徐克,1984 年 ， 徐克 夫妇 成立 电影 工作室 ， 徐克 负责 做 导演 拍戏 ， 施南生 负责 拍电影 以外 的 融资 、 发行 、 宣传 等 。,人物关系/亲属关系/配偶/丈夫/前夫
江欣燕,吴积逊,1991 年 江欣燕 认识 了 她 的 丈夫 吴积逊 ， 两人 相恋 一年 后 即 订婚 并 开始 同居 生活 。,人物关系/亲属关系/配偶/丈夫/前夫
文馨,林多俊,糖糖 最 喜欢 她 的 爸爸 林多俊 ， 文馨 一直 想 让 糖糖 认 陈笑飞 是 她 爸爸 ， 但 糖糖 通常 都 坚持 认为 林多俊 是 她 爸爸 ， 并 反感 文馨 。,人物关系/亲属关系/配偶/丈夫/前夫
文馨,林多俊,而 文馨 因为 谎言 而 得来 的 幸福 并 不 牢靠 ， 在 婚后 被 林多俊 发现 真相 并 产生 质疑 ， 陷入 信任危机 。,人物关系/亲属关系/配偶/丈夫/前夫
韦尼子,王玄应,而 韦匡伯 墓志 称其 长女 嫁给 了 王世充 太子 王玄应 ， 故 王玄应 是 韦尼子 的 第一任 丈夫 。,人物关系/亲属关系/配偶/丈夫/前夫
金友庄,高凌风,在 2012 年 3 月 21 日 金友庄 在 短信 透露 ： “ 我 与 高凌风 先生 早 在 去年 即 协议 离婚 ， 并且 已经 完成 登记 。,人物关系/亲属关系/配偶/丈夫/前夫
张洁,周立波,除了 称 周立波 “ 为 傍 富婆 抛妻 弃子 ” 、 “ 包养 周立波 的 是 温州 富婆 ” 以外 ， 这个 自称 “ 张洁 ” 的 博主 还 撰文 称 ， 周立波 吸毒 ！,人物关系/亲属关系/配偶/丈夫/前夫
张子萱,杨一柳,杨一柳 和 张子萱 两人 结合 堪称 才子佳人 的 绝配 ， 夫妻俩 曾 合作 电影 《 我 叫 郝 聪明 》 ， 张子萱 是 女主角 ， 而 杨一柳 则 是 制片人 。,人物关系/亲属关系/配偶/丈夫/前夫
张洁,周立波,周立波 ： 张洁 ， 包括 她 妹妹 ， 都 是 从来 没有 工作 的 人 ， 都 是 我 在 养 她们 … …,人物关系/亲属关系/配偶/丈夫/前夫
江珊,高曙光,高曙光 个人 生活 : 1995 年 ， 在 拍摄 《 我 想 有 个 家 》 时 ， 高曙光 与 江珊 相恋 ， 并 在 结束 这部 电视剧 的 拍摄 时 结婚 。,人物关系/亲属关系/配偶/丈夫/前夫
金友庄,高凌风,2011 年 10 月 12 日 金友庄 传出 已 和 高凌风 在 日前 确定 协议 离婚 。,人物关系/亲属关系/配偶/丈夫/前夫
江清霞,施正杰,这 一集 江清霞 去 找 施正杰 要说 什么 话 的 一断 也 没放 ！,人物关系/亲属关系/配偶/丈夫/前夫
江欣燕,吴积逊,吴积逊 人物 介绍 : 江欣燕 与 吴积逊 结束 九年 爱情长跑 ， 2001 年 7 月 4 日 双双 步入 教 教堂 ， 踏进 人生 另 一个 阶段 。,人物关系/亲属关系/配偶/丈夫/前夫
梁静慈,甄子丹,不过 ， 对于 甄子丹 前妻 梁静慈 ， 很多 网友 表示 很 陌生 ， 甚至 不 知道 梁静慈 就是 甄子丹 的 前妻 。,人物关系/亲属关系/配偶/丈夫/前夫
张洁,周立波,今天上午 10 时 30 分许 ， 博主 “ 张洁 ” 连续 发布 两篇 博文 ， 称 “ 我们 没有 离婚 ” 、 “ 我 要告 周立波 重婚 ” 。,人物关系/亲属关系/配偶/丈夫/前夫
傅明宪,叶剑波,2008 年 傅明宪 宣布 与 叶剑波 离婚 。,人物关系/亲属关系/配偶/丈夫/前夫
张子萱,杨一柳,而 张子萱 则 于 1 月 27 日 通过 微博 承认 了 自己 与 陈赫 的 关系 ， 并称 已 向 丈夫 杨一柳 提出 离婚 诉讼 。,人物关系/亲属关系/配偶/丈夫/前夫
张洁,周立波,从 7 月 5 日起 ， 网上 出现 一个 名为 “ 周立波 太太 张洁 的 博客 ” ， 不断 以 “ 周 太太 ” 的 名义 爆出 周立波 的 “ 前尘 旧事 ” ，,人物关系/亲属关系/配偶/丈夫/前夫
江珊,高曙光,《 真 爱 无敌 》 是 由 高曙光 、 江珊 、 张延 主演 的 电视剧 。,人物关系/亲属关系/配偶/丈夫/前夫
江珊,高曙光,《 原则 》 （ 饰 ： 刘中 ） （ 刑警队 中队长 ） （ 合作 演员 ： 陈宝国 高曙光 江珊 ）,人物关系/亲属关系/配偶/丈夫/前夫
傅明宪,叶剑波,叶剑波 和 第二任 妻子 前 香港 TVB 女星 、 《 神雕侠侣 》 郭 芙 扮演者 傅明宪,人物关系/亲属关系/配偶/丈夫/前夫
施南生,徐克,徐克 感情生活 : 1978 年 徐克 与 施南生 相识 ， 1996 年 在 美国 举行 婚礼 。,人物关系/亲属关系/配偶/丈夫/前夫
何超琼,许晋亨,后来 以小三 姿态 插足 许晋亨 与 何超琼 。,人物关系/亲属关系/配偶/丈夫/前夫
傅明宪,叶剑波,叶剑波 更频 现港媒 的 娱乐 版面 ， 和 其妻 － － － 前 香港 TVB 女星 、 《 神雕侠侣 》 “ 郭 芙 ” 扮演者 傅明宪 联袂 出现 ， 时常 亮相 公益活动 。,人物关系/亲属关系/配偶/丈夫/前夫
许婧,陈赫,9 月 16 日 七点 左右 ， 陈赫 和 许婧 出现 在 上海浦东 机场 准备 启程 到 泰国 普吉岛 筹备 自己 的 梦幻 海滩 婚礼 。,人物关系/亲属关系/配偶/丈夫/前夫
施南生,徐克,针对 此事 ， 徐克 在 2008 年 11 月 27 日 接受 《 艺术人生 》 栏目 访问 时 表示 ， 除了 父母 之外 ， 施南生 是 她 生命 中 最 重要 的 人 。,人物关系/亲属关系/配偶/丈夫/前夫
施南生,徐克,【 策划 】 ： 徐克 施南生,人物关系/亲属关系/配偶/丈夫/前夫
丁英,李双江,李双江 被 媒体 曝出 还 曾 经历 过 一段 婚姻 ， 丁英 也 因此 首 曝光 。,人物关系/亲属关系/配偶/丈夫/前夫
韦尼子,王玄应,自皇 郑膺籙 ， 历选 徳门 ， 作配 储后 （ 王玄应 ） ， 聘公 长女 （ 韦尼子 ） 为 太子妃 ， 乃下 诏 曰 : 公门 著嘉庸 ， 可赠 大将军 ， 谥 曰 懿 公 。,人物关系/亲属关系/配偶/丈夫/前夫
金友庄,高凌风,高凌风 、 金友庄,人物关系/亲属关系/配偶/丈夫/前夫
张洁,周立波,张洁 博客 事件 : 2009 年 7 月 5 日 ， 周立波 的 前妻 张洁 在 网上 大 揭其 “ 前尘 旧事 ” ， 并 声称 周立波 被 温州 富婆 包养 。,人物关系/亲属关系/配偶/丈夫/前夫
丁英,李双江,丁英 ， 舞蹈演员 ， 李双江 前妻 ， 曾经 是 位 非常 出色 的 舞蹈演员 ， 两人 在 一起 共同 生活 了 几十年 ， 并育 有 一子 取名为 李贺 。,人物关系/亲属关系/配偶/丈夫/前夫
江珊,高曙光,2003 年 10 月 ， 江珊 、 高曙光 离婚 ， 女儿 高亦心 由 江珊 抚养 。,人物关系/亲属关系/配偶/丈夫/前夫
张洁,周立波,1990 年 ， 周立波 爱上 了 比 自己 大 6 岁 的 女子 张洁 ， 却 受到 女方 父母 的 坚决 反对 。,人物关系/亲属关系/配偶/丈夫/前夫
张洁,周立波,周立波 ： 房子 是 我 买 的 ， 但是 户主 写 的 是 张洁 妹妹 的 名字 ， 房子 的 按揭 款 也 是 我 直接 打到 卡 上去 的 … …,人物关系/亲属关系/配偶/丈夫/前夫
许婧,陈赫,陈赫 、 许婧,人物关系/亲属关系/配偶/丈夫/前夫
傅明宪,叶剑波,1999 年底 ， 叶剑波 迎娶 香港 女星 傅明宪 ， 后 颓势 大 变 ， 很快 起死回生 、 化危 为 安 。,人物关系/亲属关系/配偶/丈夫/前夫
金友庄,高凌风,林美秀 、 高凌风 、 金友庄 、 葛兆恩 、 松本 秀树 、 大介 、 康丁 、 阿布 、 汪建民,人物关系/亲属关系/配偶/丈夫/前夫
何超琼,许晋亨,何超琼 = 许晋亨,人物关系/亲属关系/配偶/丈夫/前夫
严英云,徐良,（ 二 ） 人物 故事 : 剧中 的 严英云 出身 于 阔气 人家 ， 从小 就 与 徐良 指腹为婚 。,人物关系/亲属关系/配偶/丈夫/未婚夫
左蓝,余则成,2008 年 在 孙红雷 、 姚晨 主演 的 谍战剧 《 潜伏 》 中 扮演 左蓝 是 余则成 的 未婚妻 ， 也 是 余则成 被 成功 策反 的 关键人物 [ 18 - 19 ] 。,人物关系/亲属关系/配偶/丈夫/未婚夫
尤三姐,柳湘莲,尤三姐 羞愤 自刎 ， 柳湘莲 悔恨 不已 看破红尘 出家 ....,人物关系/亲属关系/配偶/丈夫/未婚夫
尤三姐,柳湘莲,贾琏 将 鸳鸯 剑 带回 ， 并 告知 此事 ， 尤三姐 从此 日夜 盼望着 柳湘莲 的 到来 。,人物关系/亲属关系/配偶/丈夫/未婚夫
左蓝,余则成,余则成 无意 中 发现 戴笠 等 人为 私利 而 向 日军 泄露 新四军 情报 ， 也 彻底 看清 国民党 失去 民心 的 原因 ， 加上 左蓝 的 劝告 ， 遂 弃暗投明 。,人物关系/亲属关系/配偶/丈夫/未婚夫
唐悠悠,关谷神奇,原 剧中 9 大 主角 曾小贤 、 胡一菲 、 吕子乔 、 陈美嘉 、 关谷神奇 、 唐悠悠 、 陆展博 、 林宛瑜 、 张伟 等 将 悉数 亮相 手游 ！,人物关系/亲属关系/配偶/丈夫/未婚夫
顾倩兮,卢云,但据 讲武堂 网站 上 的 介绍 说 ， 卢云 是 个 大团圆 的 结局 ， 和 顾倩兮 双宿双飞 了 。,人物关系/亲属关系/配偶/丈夫/未婚夫
尤三姐,柳湘莲,但 因 柳湘莲 误 听 他人 传言 ， 怀疑 尤三姐 也 是 个 不 干净 之 人 ， 要 索回 定礼 ， 刚烈 的 尤三姐 在 奉还 定礼 时 拔剑 自刎 。,人物关系/亲属关系/配偶/丈夫/未婚夫
林黛羽,俞佩玉,后来 林黛羽 为 救 俞佩玉 假施 苦肉计 ， 在 红莲花 把 她 带走 之后 就 没有 更新 的 消息 。,人物关系/亲属关系/配偶/丈夫/未婚夫
唐悠悠,关谷神奇,阿邦 角色 简介 : 与 妻子 阿冰谈 了 三年 的 恋爱 ， 就 在 准备 举办 婚礼 的 前 三个 月 ， 差点 分手 ， 幸亏 关谷神奇 和 唐悠悠 把 他们 俩 劝 和 。,人物关系/亲属关系/配偶/丈夫/未婚夫
严英云,徐良,后来 ， 她 又 拿 住 徐良 的 妻子 严英云 ， 逼 着 徐良 跟 她 练 剑 。,人物关系/亲属关系/配偶/丈夫/未婚夫
尤三姐,柳湘莲,二姐 和 贾珍 原有 不 清白 ， 贾琏 知道 贾珍想 把 三姐 玩弄 ， 尤三姐 将珍 、 琏 大 骂 ， 三姐 意中人 为 柳湘莲 ， 贾琏 外出 办事 ， 路遇 薛蟠 、 柳湘莲 。,人物关系/亲属关系/配偶/丈夫/未婚夫
杜晓苏,雷宇峥,雷宇峥 威胁 杜晓苏 结束 两人 的 关系 ， 让 不知情 的 邵振嵘 痛苦 不已 。,人物关系/亲属关系/配偶/丈夫/未婚夫
尤三姐,柳湘莲,但 因 柳湘莲 误 听 他人 传言 ， 怀疑 尤三姐 也 是 个 不 乾净 之 人 ， 要 索回 定礼 ， 刚烈 的 尤三姐 在 奉还 定礼 时 拔剑 自刎 。,人物关系/亲属关系/配偶/丈夫/未婚夫
杜晓苏,雷宇峥,原来 杜晓苏 当年 一夜 放纵 并 失身 的 对象 就是 雷宇峥 。,人物关系/亲属关系/配偶/丈夫/未婚夫
尤三姐,柳湘莲,尤二姐 吞金 自尽 ， 浪荡子 贾琏 痛心 流泪 ； 尤三姐 伏剑 自刎 ， 冷二郎 柳湘莲 遁入空门 ； 林黛玉 泪尽 自亡 ， 怡红 公子 贾宝玉 心属 情憎 。,人物关系/亲属关系/配偶/丈夫/未婚夫
林黛羽,俞佩玉,就 像 赵灵儿 对于 李逍遥 的 重要性 一样 ， 林黛羽 在 俞佩玉 的 心灵 中 自始至终 都 占据 第一位 ， 即使 此后 三分之二 的 篇幅 她 根本 没 出场 。,人物关系/亲属关系/配偶/丈夫/未婚夫
纪晓芙,殷梨亭,殷梨亭 之所以 对 纪晓芙 念念不忘 ， 绝大部分 原因 是 出于 要报 “ 夺妻 之 恨 ” 。,人物关系/亲属关系/配偶/丈夫/未婚夫
涂山苏苏,白月初,厉雪扬 在 一旁 看着 白月初 与 各方 大战 的 时候 ， 涂山苏苏 跑 到 她 面前 ， 让 她 跟 她 去 见 一个 人 。,人物关系/亲属关系/配偶/丈夫/未婚夫
尤三姐,柳湘莲,尤三姐 羞愤 自刎 ， 柳湘莲 悔恨 不已 看破红尘 出家 。,人物关系/亲属关系/配偶/丈夫/未婚夫
尤三姐,柳湘莲,无奈 之下 ， 只得 按 尤三姐 所 愿 ， 将 其 许配 柳湘莲 。,人物关系/亲属关系/配偶/丈夫/未婚夫
顾倩兮,卢云,其女 顾倩兮 先 喜欢 卢云 后来 又 嫁给 杨肃 观 .,人物关系/亲属关系/配偶/丈夫/未婚夫
严英云,徐良,严英云 严英云 在 寻找 徐良 的 途中 ， 被 徐良 的 仇人 紫面 金刚 王顺 绑架 ， 但 王顺 最终 不愿 使用 卑鄙 的 手段 ， 所以 放走 了 严英云 。,人物关系/亲属关系/配偶/丈夫/未婚夫
涂山苏苏,白月初,代表 人物 ： 涂山红红 ﹑ 涂山 雅雅 ﹑ 涂山 容容 ﹑ 涂山苏苏 ﹑ 白月初 ﹑ 颜如玉,人物关系/亲属关系/配偶/丈夫/未婚夫
纪晓芙,殷梨亭,但 在 和 殷梨亭 相处 的 过程 中 ， 渐渐 的 被 殷梨亭 之 于 母亲 纪晓芙 的 感情 所 打动 ， 还债 的 心理 更加 严重 ， 终于 到 了 “ 以身 相换 ” 的 地步 。,人物关系/亲属关系/配偶/丈夫/未婚夫
尤三姐,柳湘莲,《 尤三姐 》 讲述 了 性格 刚烈 的 尤三姐 与 柳湘莲 的 爱情故事 。,人物关系/亲属关系/配偶/丈夫/未婚夫
尤三姐,柳湘莲,刚烈 的 尤三姐 因 柳湘莲 的 拒绝 引剑 自尽 ； 温柔 的 尤二姐 因 王熙凤 的 陷害 吞金 自杀 。,人物关系/亲属关系/配偶/丈夫/未婚夫
纪晓芙,殷梨亭,杨逍 结局 : 原著 中 纪晓芙 是 峨眉 派 掌门 灭绝师太 的 得意门生 ， 她 本来 已 许配给 武当七侠 之一 的 殷梨亭 为妻 。,人物关系/亲属关系/配偶/丈夫/未婚夫
顾倩兮,卢云,柳昂天 被 抄家 ， 被 卢云 和 胡媚儿 救下 后 ， 卢云 跌入 瀑布 后 被 胡媚儿 交与 顾倩兮 收养 ； 随 顾倩兮 下嫁 杨肃 观后 ， 由顾 神秀 改名 为 杨神秀 。,人物关系/亲属关系/配偶/丈夫/未婚夫
林黛羽,俞佩玉,《 名 剑 风流 》 俞佩玉 和 林黛羽 ， 毕竟 没有 爱出 结果 来 。,人物关系/亲属关系/配偶/丈夫/未婚夫
尤三姐,柳湘莲,柳湘莲 疑 尤三姐 入于 下流 ， 后悔 留剑 作为 定礼 。,人物关系/亲属关系/配偶/丈夫/未婚夫
尤三姐,柳湘莲,尤三姐 自刎 作品 赏析 : 小说 中 ， 柳湘莲 疑 尤三姐 入于 下流 ， 后悔 留剑 作为 定礼 。,人物关系/亲属关系/配偶/丈夫/未婚夫
左蓝,余则成,余则成 略有 腼腆 地 对 左蓝 说 ： 我 现在 就 想 ， 买 一个 什么样 的 结婚戒指 最配 你 。,人物关系/亲属关系/配偶/丈夫/未婚夫
唐悠悠,关谷神奇,下个 礼拜 你 有空 吗 歌曲 简介 : 演唱 ： 关谷神奇 （ 王传君 饰 ） 、 唐悠悠 （ 邓家佳饰 ）,人物关系/亲属关系/配偶/丈夫/未婚夫
严英云,徐良,她 一出场 就 救 了 徐良 的 母亲 ， 之后 又 不止一次 救 了 严英云 和 徐良 本人 。,人物关系/亲属关系/配偶/丈夫/未婚夫
唐悠悠,关谷神奇,唐悠悠 接受 了 关谷神奇 的 求婚 ， 但 关谷 发现 悠悠 并 没有 怀孕 。,人物关系/亲属关系/配偶/丈夫/未婚夫
尤三姐,柳湘莲,尤三姐 遂 说出 了 她 已 爱 上 了 柳湘莲 ， 并 折断 玉簪 ， 表示 要 嫁 柳湘莲 的 决心 。,人物关系/亲属关系/配偶/丈夫/未婚夫
严英云,徐良,严英云 曾 与 徐良 定亲 ， 故此 前往 开封府 寻找 徐良 ， 想同 徐良 成亲 。,人物关系/亲属关系/配偶/丈夫/未婚夫
杜晓苏,雷宇峥,10 . 等待 · 【 佳期 如梦 之 海上 繁花 】 [ 主角 ： 杜晓苏 ， 雷宇峥 ， 邵振嵘 ],人物关系/亲属关系/配偶/丈夫/未婚夫
尤三姐,柳湘莲,附注 原文 : 尤三姐 心中 早就 爱上 了 一个 人 ， 名叫 柳湘莲 。,人物关系/亲属关系/配偶/丈夫/未婚夫
尤三姐,柳湘莲,哪想 尤三姐 心中 早就 爱上 了 一个 人 ， 名叫 柳湘莲 。,人物关系/亲属关系/配偶/丈夫/未婚夫
严英云,徐良,龙云凤 又 一次 救 了 严英云 ， 还 硬 把 英云 劫走 ， 目的 是 想 让 徐良 答应 她 的 条件 。,人物关系/亲属关系/配偶/丈夫/未婚夫
刘备,孙尚香,热血 无双 孙尚香 : 孙尚香 孙权 之妹 ， 嫁 与 刘备 。,人物关系/亲属关系/配偶/妻子/现妻
夏东海,刘梅,谓 称 ： 叔叔 、 老夏 （ 通用 ） 、 夏东海 （ 刘梅 、 玛丽 用 ） 爸爸 、 爸 、 老爸 （ 夏雪 、 刘星 、 夏雨 用 ） 小哥 、 加 （ ga ） 菲猫 、 爸爸 （ 刘梅 用 ）,人物关系/亲属关系/配偶/妻子/现妻
蒋介石,宋美龄,1927 年 12 月 1 日 ， 蒋介石 与 宋美龄 在 上海 结婚 。,人物关系/亲属关系/配偶/妻子/现妻
徐克,施南生,针对 此事 ， 徐克 在 2008 年 11 月 27 日 接受 《 艺术人生 》 栏目 访问 时 表示 ， 除了 父母 之外 ， 施南生 是 她 生命 中 最 重要 的 人 。,人物关系/亲属关系/配偶/妻子/现妻
许志安,郑秀文,主唱 ： 郭富城 、 郑秀文 、 许志安 、 梁汉文,人物关系/亲属关系/配偶/妻子/现妻
许誉卿,王微,王微 相关 记载 : 钱谦益 说 ： “ 颍川 （ 许誉卿 ） 在 谏 垣 ， 当政 乱国 危之日 ， 多所 建白 ， 抗节 罢免 ， 修微 有助 焉 。 ”,人物关系/亲属关系/配偶/妻子/现妻
张无忌,赵敏,屠龙刀 和 倚天剑 的 巨大 诱惑 使 武林中 唯利是图 之 人 不肯 放过 谢逊 ， 周芷若 、 赵敏 与 张无忌 之间 也 变得 扑朔迷离 。,人物关系/亲属关系/配偶/妻子/现妻
姜承,欧阳倩,经历 种种 事件 后 ， 欧阳倩 对 姜承 依然 不离 不弃 ， 更 不顾 欧阳 家 的 反对 ， 成为 其 妻子 。,人物关系/亲属关系/配偶/妻子/现妻
丁秋星,蔡明,在 蔡明 22 岁 那年 ， 在 一次 联欢 活动 上 ， 认识 了 丁秋星 ， 那时 蔡明 在 北影厂 演员 剧团 工作 ， 丁秋星 是 中国 广播 艺术团 青年 导演 。,人物关系/亲属关系/配偶/妻子/现妻
曹襄,卫长公主,卫长公主 去世 后 与其 夫 平阳 共侯 曹襄 合葬 于茂陵 。,人物关系/亲属关系/配偶/妻子/现妻
张学友,罗美薇,1986 年 ， 张学友 与 香港 女演员 罗美薇 相恋 。,人物关系/亲属关系/配偶/妻子/现妻
许晋亨,李嘉欣,出处 ： 李嘉欣 拒 生子 传 许晋亨 百万元 找 代母 产子,人物关系/亲属关系/配偶/妻子/现妻
杨威,杨云,体操 ： 陈一 冰 、 邹凯 、 李小鹏 、 杨威 、 杨云 、 程菲 、 滕 海滨 、 冯喆 、 郭伟阳 、 张成龙 、 肖钦,人物关系/亲属关系/配偶/妻子/现妻
刘备,孙尚香,诸葛亮 智谋 过 人 ， 将计就计 ， 派 赵云 护驾 ， 过江 大肆宣扬 刘备 迎娶 孙尚香 ， 江东 百姓 皆知 。,人物关系/亲属关系/配偶/妻子/现妻
钱学森,蒋英,钱学森 和 蒋英 两人 相濡以沫 走过 了 大半生 ， 当初 经历 了 怎样 的 恋爱 过程 ?,人物关系/亲属关系/配偶/妻子/现妻
蒋介石,宋美龄,总 洋房 位于 商量 岗 森林 游乐区 ， 为 蒋介石 与 宋美龄 当年 避暑 之 处 。,人物关系/亲属关系/配偶/妻子/现妻
白岩松,朱宏钧,朱宏钧 要 上楼 了 ， 白岩松 鼓足勇气 ， 认真 地 对 她 说 ： “ 小朱 ， 从 见到 你 的 第一眼 起 ， 你 就 成 了 我 放不下 的 牵挂 。 ”,人物关系/亲属关系/配偶/妻子/现妻
况天佑,马小玲,六十年 后 ， 况国华 改名 况天佑 ， 却 巧遇 驱魔 一族 马丹娜 后人 马小玲 。,人物关系/亲属关系/配偶/妻子/现妻
南宫问天,东方铁心,最好 的 朋友 ： 东方铁心 ， 南宫问天,人物关系/亲属关系/配偶/妻子/现妻
江枫,花月奴,花月奴 与 江枫 之子 ， 本名 江小鱼 ， 人称 小鱼儿 ， 是 漏网之鱼 的 意思 ， 书中 有时 又 叫 江鱼 。,人物关系/亲属关系/配偶/妻子/现妻
蒋介石,宋美龄,一九三一年 ， “ 九一八事变 ” 后 ， 蒋介石 携 夫人 宋美龄 来 陕西 ， 以 游山玩水 为名 ， 布置 大规模 的 剿共 活动 。,人物关系/亲属关系/配偶/妻子/现妻
蒋介石,宋美龄,宋美龄 晚年 处境 : 1975 年 4 月 5 日 蒋介石 在 台北 病死 。,人物关系/亲属关系/配偶/妻子/现妻
杨威,杨云,热气球 上 的 杨云 也 急切 地 高呼 新郎 的 名字 ― ― “ 杨威 、 杨威 ！ ”,人物关系/亲属关系/配偶/妻子/现妻
江枫,花月奴,就 在 花月奴 产子 时 ， 因 书童 江别鹤 的 出卖 ， 单恋 江枫 的 邀 月宫 找到 他们 ， 将 二人 杀害 。,人物关系/亲属关系/配偶/妻子/现妻
蒋介石,宋美龄,1927 年 支持 蒋介石 “ 清 党 ” 反共 ， 大姐 宋霭龄 初时 也 曾 附和 母亲 一道 反对 蒋宋 联姻 ， 但 后来 被 宋美龄 说服 。,人物关系/亲属关系/配偶/妻子/现妻
霍启刚,郭晶晶,此外 ， 郭晶晶 是 奥运冠军 名气 大 ， 又 因为 和 霍启刚 的 恋情 备受 港人 关注 ， 所以 狗 仔会 盯上 郭晶晶 毫不 意外 。,人物关系/亲属关系/配偶/妻子/现妻
石井裕也,满岛光,满岛光 与 石井裕也 于 25 日 正式 提交 申请书 登记 结婚 。,人物关系/亲属关系/配偶/妻子/现妻
黄苗子,郁风,夏衍 专程到 盘溪 徐悲鸿 的 美术学院 找到 了 郁风 ， 并 说服 了 她 ， 从而 玉成 了 黄苗子 、 郁风 的 “ 国共合作 ” 。,人物关系/亲属关系/配偶/妻子/现妻
夏东海,刘梅,好不容易 送走 厨师 ， 刘梅 忍不住 想 揍 夏东海 ， 东海 说 明天 让 厨师 再 来 一次 ， 一定 可以 把 事态 给 搬 过来 。,人物关系/亲属关系/配偶/妻子/现妻
西门吹雪,孙秀青,西门吹雪 的 夫人 正是 峨眉 四秀 之一 孙秀青 。,人物关系/亲属关系/配偶/妻子/现妻
陆展元,何沅君,陆展元 与 何沅君 成婚 时 ， 李莫愁 曾 与 武三通 大闹 婚礼 ， 不料 却 被 一位 大理 天龙 寺 的 高僧 阻回 （ 陈晓 版 改为 一灯大师 所阻 ） 。,人物关系/亲属关系/配偶/妻子/现妻
许晋亨,李嘉欣,比婚 女 李嘉欣 : 2008 年 ， 李嘉欣 和 许晋亨 得 婚礼 开销 中 ， 仅 婚宴 的 花费 ， 就 超过 1 亿港元 ， 折合 人民币 9000 多万 。,人物关系/亲属关系/配偶/妻子/现妻
林皓阳,苏曼音,该剧 主要 围绕 着 家庭 三代 的 情感 恩怨 展开 ， 讲述 了 青梅竹马 的 林皓阳 和 苏曼音 的 爱情 纠葛 故事 。,人物关系/亲属关系/配偶/妻子/现妻
公子羽,明月心,明月心 说明 了 一切 ， 原来 公子羽 只是 一个 虚幻 的 名号 ， 谁 的 武功 高 ， 谁 就是 公子羽 ， 所以 傅红雪 杀 了 燕南 飞 ， 他 就是 公子羽 。,人物关系/亲属关系/配偶/妻子/现妻
张翠山,殷素素,1346 张无忌 回 中原 ， 张三丰 虚岁 100 ， 张翠山 、 殷素素 自杀 。,人物关系/亲属关系/配偶/妻子/现妻
霍启刚,郭晶晶,昨天中午 12 时 朱玲玲 到 医院 探望 孙子 ， 戴着 太阳眼镜 的 她 ， 名副其实 是 最 美丽 的 奶奶 ， 问 霍启刚 是不是 一直 陪 着 郭晶晶 ？,人物关系/亲属关系/配偶/妻子/现妻
江枫,花月奴,那 花月奴 这个 邀月 第一 奴仆 定然 是 第一 人选 ， 所以 肯定 衣食住行 都 和 江枫 在 一起 ， 以防 对方 再 自杀 。,人物关系/亲属关系/配偶/妻子/现妻
钱学森,蒋英,钱学森 与 蒋英 从 就 小 青梅竹马 。,人物关系/亲属关系/配偶/妻子/现妻
夏正松,于靓,曾经 情敌 ： 夏友善 （ 夏正松 与 于靓 抱养 的 女儿 ， 后来 与 真真 冰释 前嫌 ）,人物关系/亲属关系/配偶/妻子/现妻
蒋介石,宋美龄,晚年 的 蒋介石 与 妻子 宋美龄,人物关系/亲属关系/配偶/妻子/现妻
夏东海,刘梅,于是 ， 夏东海 和 刘梅 拉 着 是 刘星 、 夏雨 ， 买 了 好多 东西 去 看 那个 被 撞伤 的 老奶奶 ， 老奶奶 的 儿媳妇 接待 了 他们 。,人物关系/亲属关系/配偶/妻子/现妻
夏青,葛兰,葛兰 不 知道 作为 同事 的 夏青 何时 爱上 了 自己 ， 那时 她 还 太小 。,人物关系/亲属关系/配偶/妻子/现妻
霍震霆,朱玲玲,2005 年 9 月 ， 霍震霆 和 朱玲玲 秘密 签署 了 离婚 协议 ， 维系 了 27 年 的 “ 童话 婚姻 ” 终于 画上 了 句号 。,人物关系/亲属关系/配偶/妻子/前妻
黄志忠,何音,觜 角 ： 王安石 苏轼 ， 范冰冰 李晨 ， 何音 黄志忠 ， 黄杏秀 陈百祥,人物关系/亲属关系/配偶/妻子/前妻
胡金铨,钟玲,在 胡金铨 没有 去世 以前 ， 时常 到 台湾 去 ， 跟 钟玲 还是 很 好 的 朋友 ， 而且 孙康 宜 还 看过 一张 相片 ， 钟玲 很 友好 地 跟 胡金铨 挽 着手 。,人物关系/亲属关系/配偶/妻子/前妻
莫绍谦,慕咏飞,莫绍谦 得知 当年 家族企业 失利 其实 是 慕咏飞 为 得到 自己 而 一手 策划 ， 开始 反击 ， 逐渐 占据 上风 。,人物关系/亲属关系/配偶/妻子/前妻
莫绍谦,慕咏飞,为 挽救 家业 ， 莫绍谦 受迫 与 慕氏 集团 千金 慕咏飞 商业 联姻 。,人物关系/亲属关系/配偶/妻子/前妻
霍震霆,朱玲玲,霍震霆 ， 霍英东 长子 ， 1978 年 与 港姐 冠军 朱玲玲 结婚 。,人物关系/亲属关系/配偶/妻子/前妻
黄毅清,黄奕,黄毅清 发微博 与 黄奕 律师 隔空 对质 ， 并 附上 与 黄奕 离婚 协议书 以 澄清 误会 。,人物关系/亲属关系/配偶/妻子/前妻
黄毅清,黄奕,黄奕 出轨 事件 黄毅清 回应 : 自称 还原 事实 。,人物关系/亲属关系/配偶/妻子/前妻
张振寰,鲍正芳,鲍正芳 个人经历 : 与 前夫 张振寰 育有 一子 。,人物关系/亲属关系/配偶/妻子/前妻
胡金铨,钟玲,胡金铨 拍摄 《 笑傲江湖 》 期间 ， 与 钟玲 离婚 ， 但是 怎么 离婚 的 ， 二人 都 不 爱 讲 。,人物关系/亲属关系/配偶/妻子/前妻
张承中,任家萱,4 月 27 日 任家萱 与 张承中 办理 离婚 手续 。,人物关系/亲属关系/配偶/妻子/前妻
霍震霆,朱玲玲,在 发布会 上 ， 霍震霆 虽然 没有 说话 ， 但 对 着 记者 的 照相机 ， 他 丝毫 没有 回避 ， 反而 大大方方 地为 朱玲玲 造势 。,人物关系/亲属关系/配偶/妻子/前妻
朱芳雨,胡美,开 香槟 、 切 蛋糕 ， 朱芳雨 和 胡美 在 超过 600 人 的 祝福 当中 完成 了 神圣 的 仪式 。,人物关系/亲属关系/配偶/妻子/前妻
朱芳雨,胡美,2009 年 12 月 15 日 ， 朱芳雨 与 胡 美的 爱情 结晶 降生 ， 不到 一年 后 ， 胡美 在 香港 又 产下 一 子 ， 朱芳雨 成为 了 两个 孩子 的 父亲 。,人物关系/亲属关系/配偶/妻子/前妻
刘翔,葛天,葛天 个人 生活 : 在 2009 年 10 月 25 日 的 一次 朋友 聚会 中 ， 刘翔 和 葛天 不期而遇 ， 这 也 是 他们 第一次 相见 ， 地点 是 在 北京 。,人物关系/亲属关系/配偶/妻子/前妻
黄毅清,黄奕,2014 年 7 月 4 日 黄毅清 与 黄奕 签署 离婚 协议 。,人物关系/亲属关系/配偶/妻子/前妻
霍震霆,朱玲玲,霍启刚 ： （ 1979 年 7 月 2 日 — ） ， 生于 香港 ， 祖籍 广州 番禺 ， 为 霍震霆 与 前妻 朱玲玲 长子 。,人物关系/亲属关系/配偶/妻子/前妻
莫绍谦,慕咏飞,慕咏飞 的 强势 刻薄 令 莫绍谦 无法忍受 ， 新婚之夜 即 分居 。,人物关系/亲属关系/配偶/妻子/前妻
黄毅清,黄奕,许多 网友 发现 在 浏览器 输入 “ 黄奕 . 我爱你 ” 会 直接 跳转 到 黄毅清 自己 的 微博 ， 不过 后来 跳转 则 被 取消 。,人物关系/亲属关系/配偶/妻子/前妻
刘翔,葛天,马月 个人 生活 : 2014 年 9 月 ， 刘翔 新婚 妻子 葛天 走红 ， 随即 有人 在 网上 曝出 葛天 与 前男友 亲密 合照 ， 前女友 ( 3 张 ),人物关系/亲属关系/配偶/妻子/前妻
刘翔,葛天,4 个人 生活 : 2014 年 9 月 ， 刘翔 新婚 妻子 葛天 走红 ， 随即 有人 在 网上 曝出 葛天 与 前男友 亲密 合照 ， 前女友 ( 3 张 ),人物关系/亲属关系/配偶/妻子/前妻
邵昕,黄玉婷,黄玉婷 感情生活 : 黄玉婷 与 邵昕 恋情 : 黄玉婷 与 邵昕,人物关系/亲属关系/配偶/妻子/前妻
霍震霆,朱玲玲,在 注册 仪式 及 午膳 后 ， 霍震霆 更换 了 休闲服 ， 大约 下午 4 时 50 分 乘车 离开 ， 朱玲玲 与 罗康瑞 也 随后 离开 。,人物关系/亲属关系/配偶/妻子/前妻
胡金铨,钟玲,之后 ， 中央 电影 社长 取 片名 为 《 天下第一 》 ， 影片 英文名 则 由 胡金铨 妻子 钟玲 取为 《 AlltheKing ' sMen 》 。,人物关系/亲属关系/配偶/妻子/前妻
姜凯,黄奕,黄奕 个人 生活 : 2009 年 8 月 ， 黄奕 和 姜凯 传出 婚讯 ， 两人 结识 41 天 就 闪婚 。,人物关系/亲属关系/配偶/妻子/前妻
莫绍谦,慕咏飞,慕咏飞 被 莫绍谦 对 童雪 的 真爱 刺激 得 精神 崩溃 ， 绝望 地 在 离婚 协议书 上 签 了 字 。,人物关系/亲属关系/配偶/妻子/前妻
胡金铨,钟玲,兴奋 得 如 中 头彩 ， 但 一时之间 胡金铨 说 也 说不清楚 ， 总之 是 堕入 爱河 了 ， 对象 是 女博士 钟玲 。,人物关系/亲属关系/配偶/妻子/前妻
莫绍谦,慕咏飞,莫绍谦 多次 提出 离婚 ， 慕咏飞 一直 以 家族 势力 威胁 周旋 维系 。,人物关系/亲属关系/配偶/妻子/前妻
霍震霆,朱玲玲,在 霍震霆 信誓旦旦 的 表白 之下 ， 朱玲玲 的 母亲 同意 了 他们 的 婚事 。,人物关系/亲属关系/配偶/妻子/前妻
许晋亨,何超琼,何超琼 女士 = 许晋亨 先生,人物关系/亲属关系/配偶/妻子/前妻
邵昕,黄玉婷,"黄玉婷 与 邵昕 邵昕 笑 著 说 , 当初 因为 生意 上要 和 日本 人 接触 , 他 认真 的 去 上 了 日语课 , 而 老婆 黄玉婷 就是 日文课 堂上 年轻 美丽 的 女老师 。",人物关系/亲属关系/配偶/妻子/前妻
霍震霆,朱玲玲,等到 电视剧 开拍 的 时候 ， 霍震霆 几乎 每天 都 要 去 探班 ， 而且 每天 都 会 在 朱玲玲 的 现场 梳妆台 上放上 一束 玫瑰花 。,人物关系/亲属关系/配偶/妻子/前妻
刘翔,葛天,2015 年 4 月 2 日 ， 葛天 首度 开腔 回应 传言 ， 调侃 自己 怎么 不知 要 婚变 ， 更 再 与 网友 互动 时 ， 称会 与 刘翔 牵手 到 老 。,人物关系/亲属关系/配偶/妻子/前妻
莫绍谦,慕咏飞,终于 ， 莫绍谦 发现 当年 莫家 危难 是 慕咏飞 一手 策划 ， 反击 慕家 。,人物关系/亲属关系/配偶/妻子/前妻
朱芳雨,胡美,这 一度 让 胡美 觉得 压力 很大 ， 她 主动 避免 过多 与 朱芳雨 接触 ， 更少 在 公众 场合 露面 。,人物关系/亲属关系/配偶/妻子/前妻
邵昕,黄玉婷,黄玉婷 事件 : 日前 邵昕 召开 记者会 ， 会上 驳斥 前妻 婷婷 拿 孩子 来 炒作 ， 直言 这种 行为 很 可耻 。,人物关系/亲属关系/配偶/妻子/前妻
张承中,任家萱,2011 年 10 月 31 日 ， 张承中 与 任家萱 在 台北 喜来登 饭店 举行 婚礼 。,人物关系/亲属关系/配偶/妻子/前妻
朱芳雨,胡美,而 朱芳雨 却 依然 坚持 自己 的 路 ， 他 虽然 不明说 ， 但 从 每个 细节 都 让 胡美 发现 ， 他 是 爱 着 自己 的 。,人物关系/亲属关系/配偶/妻子/前妻
霍震霆,朱玲玲,但是 酒会 上 不能 没有 女主人 ， 霍震霆 派 人 催 了 好 几次 ， 朱玲玲 才 怏怏 地 起身 ， 无精打采 地去 了 。,人物关系/亲属关系/配偶/妻子/前妻
黄毅清,黄奕,黄毅清 协议 离婚 : 2014 年 7 月 4 日 ， 黄毅清 与 黄奕 签署 离婚 协议 ， 黄奕 的 律师 将 于 9 日去 法院 撤销 离婚 诉讼 。,人物关系/亲属关系/配偶/妻子/前妻
刘翔,葛天,汤玲玲 ， 女 ， 模特 出身 ， 葛天 的 妈妈 ， 刘翔 的 丈母娘 。,人物关系/亲属关系/配偶/妻子/前妻
霍震霆,朱玲玲,两人 到 了 招待会 现场 ， 新闻记者 惊奇 地 看到 ， 陪 在 朱玲玲 身边 的 竟然 是 霍震霆 。,人物关系/亲属关系/配偶/妻子/前妻
祝彪,扈三娘,王英 深夜 潜入 祝家庄 ， 正巧 看到 扈三娘 和 祝彪 在 一起 ， 误以为 扈三娘 是 青楼女子 ， 此后 引发 了 不少 误会 。,人物关系/亲属关系/配偶/妻子/未婚妻
司波达也,司波深雪,司波达也 和 司波深雪 的 阿姨 。,人物关系/亲属关系/配偶/妻子/未婚妻
赵无忌,卫凤娘,白玉雕 龙 人物 : 白玉雕 龙 作者 : 古龙 白玉雕 龙 主要 人物 : 赵无忌 白玉雕 龙凤 佩 白玉雕 龙 次要 人物 : 卫凤娘 ： 赵无忌 的 妻子,人物关系/亲属关系/配偶/妻子/未婚妻
江浩坤,甘敬,江浩坤 是 李潇 编剧 的 都市 情感 剧 《 好 先生 》 中 的 男 二号 ， 陆远 的 发小 、 江莱 的 哥哥 、 甘敬 的 未婚夫 ， 商海 一 “ 壕 ” 。,人物关系/亲属关系/配偶/妻子/未婚妻
祝彪,扈三娘,为 早日 摆脱 夹 在 爹爹 和 那个 小妖精 中 左右 不是 的 难堪 ， 扈三娘 夜 闯 祝家庄 ， 主动 逼婚 ， 却 没想 被 蹿 上 央视版 水浒传 中 的 祝彪 ( 20 张 ),人物关系/亲属关系/配偶/妻子/未婚妻
水若寒,陆剑萍,对 水若寒 有 强烈 的 占有欲 ， 雪子 对 陆剑萍 充满 敌意 ， 想尽办法 要 除掉 她 ， 只 因 她 发现 了 水若寒 隐藏 的 感情 … …,人物关系/亲属关系/配偶/妻子/未婚妻
金蛇郎君,温仪,温仪 对 金蛇郎君 改变 态度 。,人物关系/亲属关系/配偶/妻子/未婚妻
祝彪,扈三娘,祝彪 虽然 喜欢 扈三娘 ， 但 执迷 卜卦 之术 的 祝彪 发现 扈三娘 腰间 有 痣 ， 认为 双方 不宜 有 姻缘 。,人物关系/亲属关系/配偶/妻子/未婚妻
司波达也,司波深雪,司波深雪 角色 经历 : 司波达也 的 妹妹 ， 魔法师 家族 四叶 秘密 的 候选 继任者 。,人物关系/亲属关系/配偶/妻子/未婚妻
祝彪,扈三娘,为 保全 自家 性命 ， 扈 庄主 将 自己 的 宝贝女儿 扈三娘 许配给 了 祝彪 ， 希望 通过 联姻 联盟 以 自保 。,人物关系/亲属关系/配偶/妻子/未婚妻
祝彪,扈三娘,100181 祝彪 847522 祝家庄 的 三子 ， 和 扈三娘 有 婚约 ， 三 兄弟 中 武艺 最高 。,人物关系/亲属关系/配偶/妻子/未婚妻
金蛇郎君,温仪,金蛇郎君 去 南京 寻宝 未果 ， 回来 发生 和 温仪 关系 。,人物关系/亲属关系/配偶/妻子/未婚妻
何晨光,唐心怡,男主角 何晨光 的 未婚妻 ， 唐心怡 上尉 （ 侯梦莎 饰 ） 。,人物关系/亲属关系/配偶/妻子/未婚妻
祝彪,扈三娘,扈家庄 剧情简介 : 宋江引 兵攻 祝家庄 ， 祝彪 未婚妻 扈三娘 自邻 庄来援 ， 与 梁山 好汉 酣斗 ， 擒获 王英 ， 力败众 头领 ， 后 被 林冲 所 擒 。,人物关系/亲属关系/配偶/妻子/未婚妻
金蛇郎君,温仪,袁承志 和 安剑清 展开 对决 ， 袁承志 不慎 落崖 ， 得 金蛇郎君 夏雪宜 的 武功 秘笈 ， 并 遵 遗嘱 前往 衢州 石梁 寻找 女子 温仪 。,人物关系/亲属关系/配偶/妻子/未婚妻
江浩坤,甘敬,江浩坤 人物 简介 : 江浩坤 ， 男 ， 38 岁 ， 商人 ， 陆远 和 甘敬 的 老同学 ， 甘敬 的 现任 的 未婚夫 。,人物关系/亲属关系/配偶/妻子/未婚妻
江浩坤,甘敬,陆远 、 江浩坤 、 甘敬 、 江莱,人物关系/亲属关系/配偶/妻子/未婚妻
祝彪,扈三娘,扈家庄 比武招亲 ， 扈三娘 与 祝家庄 祝彪 一见钟情 ， 定下 婚约 。,人物关系/亲属关系/配偶/妻子/未婚妻
水若寒,陆剑萍,水若寒 人物 关系 : 未婚妻 ： 陆剑萍,人物关系/亲属关系/配偶/妻子/未婚妻
祝彪,扈三娘,后来 宋江 一打 祝家庄 ， 派 石秀 去 探庄 ， 祝家庄 里 的 钟离老人 又 告诉 石秀 ， 祝家庄 祝朝奉 三子 祝彪 ， 与 扈三娘 已经 订 了 婚 。,人物关系/亲属关系/配偶/妻子/未婚妻
金蛇郎君,温仪,金蛇郎君 夏雪宜 本 与 温家 有仇 ， 但 他 与 石梁派 温氏 五祖 之一 温方山 的 女儿 温仪 相爱 之后 ， 打消 了 向 温氏 五祖 继续 报仇 之念 。,人物关系/亲属关系/配偶/妻子/未婚妻
祝彪,扈三娘,3.1 . 1 ， 触发 条件 为 ： 手中 有 《 无字天书 》 ， 且 队内 有 顾大嫂 、 祝彪 、 扈三娘 ， 在 祝家庄 附近 即可 触发 。,人物关系/亲属关系/配偶/妻子/未婚妻
祝彪,扈三娘,扈三娘 从小 许配给 青梅竹马 的 祝彪 ， 扈家庄 和 祝家庄 同 为 独龙 岗上 两霸 ， 这个 联姻 未尝 不是 政治婚姻 。,人物关系/亲属关系/配偶/妻子/未婚妻
金蛇郎君,温仪,喜欢 夏侯嫣 ， 娉娉婷婷 ， 语 笑嫣然 ， 甚至 觉得 那么 多个 版本 的 《 碧血剑 》 中 ， 她 才 是 最 接近 原著 的 温仪 《 金蛇郎君 》 。,人物关系/亲属关系/配偶/妻子/未婚妻
祝彪,扈三娘,扈三娘 手刃 祝彪 ， 与 王英 同 上 梁山 。,人物关系/亲属关系/配偶/妻子/未婚妻
祝彪,扈三娘,祝彪 志在 吞并 扈家庄 ， 假借 答应 迎娶 扈三娘 之机 ， 骗 扈三娘 偷取 爹爹 私藏 的 扈家庄 布防 图 。,人物关系/亲属关系/配偶/妻子/未婚妻
祝彪,扈三娘,被 祝龙 、 扈三娘 追赶 ， 这时 ， 梁山 的 其余 几队 人马 也 到 了 ， 扈三娘 的 未婚夫 祝彪 也 加入 战斗 ， 双方 陷入 混战 。,人物关系/亲属关系/配偶/妻子/未婚妻
祝彪,扈三娘,扈家庄 ： 宋江 引兵 攻 扈家庄 ， 祝彪 未婚妻 扈三娘 自邻 庄来援 ， 与 梁山 好汉 酣斗 ， 擒获 王英 ， 力败众 头领 ， 后 被 林冲 所 擒 。,人物关系/亲属关系/配偶/妻子/未婚妻
何晨光,唐心怡,第三十六章 军人 - 共和国 之辉 特种兵 归来 之 铁骨 军魂 旧 的 历程 : 唐心怡 坐在 轮椅 上 ， 何晨光 推着 她 来到 海边 ， 在 一座 桥 上 停下 。,人物关系/亲属关系/配偶/妻子/未婚妻
水若寒,陆剑萍,曾佑 佯 故意 逼 水若寒 跟 陆剑萍 决斗 ， 两人 彼此 都 无法 向 对方 痛下 杀手 。,人物关系/亲属关系/配偶/妻子/未婚妻
司波达也,司波深雪,也 雪 【 司波达也 — — 司波深雪 】,人物关系/亲属关系/配偶/妻子/未婚妻
金蛇郎君,温仪,青青 的 母亲 温仪 和 堂兄 温正 ， 回忆 温家 和 金蛇郎君 夏雪宜 的 恩怨 — — 当年 温家 八老中 的 温方禄 奸杀 夏雪宜 的 姐姐 ， 并 杀害 了 他 全家 。,人物关系/亲属关系/配偶/妻子/未婚妻
祝彪,扈三娘,影片 讲述 了 扈三娘 在 盗取 庄中 的 机关 图 过程 中 ， 遭遇 矮脚 虎 王英 ， 为了 保护 扈家庄 ， 她 与 王英 联手 ， 最终 挫败 了 祝彪 侵吞 扈家庄 的 阴谋 。,人物关系/亲属关系/配偶/妻子/未婚妻
祝彪,扈三娘,扈三娘 想以 王英 换回 密图 ； 杨洪 却 试图 以图 换钱 ， 远走高飞 ； 祝彪 不惜 血本 ， 志在必得 ， 甚至 在 扈三娘 被 扣作 人质 的 时候 也 不为所动 。,人物关系/亲属关系/配偶/妻子/未婚妻
赵无忌,卫凤娘,2 人物 : 作者 : 古龙 主要 人物 : 赵无忌 白玉雕 龙凤 佩 次要 人物 : 卫凤娘 ： 赵无忌 的 妻子,人物关系/亲属关系/配偶/妻子/未婚妻
祝彪,扈三娘,灵堂 之上 ， 扈三娘 剥茧抽丝 ， 追查 真相 ， 在 王英 等 人 的 帮助 下 ， 终于 揭穿 祝彪 杀人 焚庄 的 罪行 。,人物关系/亲属关系/配偶/妻子/未婚妻
金蛇郎君,温仪,身世 ： 为 浙江 石梁温 家之女 温仪 与 金蛇郎君 夏雪宜 私生女 ， 因 温家 与 夏家 有 仇 ， 出生 同时 夏雪宜 被 挑断 手筋 脚筋 ， 母 温仪 将 其 抚养 长大 。,人物关系/亲属关系/配偶/妻子/未婚妻
祝彪,扈三娘,一丈 青 扈三娘 ， 家住 独龙 岗三庄 之一 的 扈家庄 ， 原 被 许配给 祝家庄 祝彪 。,人物关系/亲属关系/配偶/妻子/未婚妻
祝彪,扈三娘,当夜 ， 三个 庄主 齐聚 ， 如果 不是 扈三娘 暗中 搭救 ， 王英 就 被 祝彪 的 人 所 杀 。,人物关系/亲属关系/配偶/妻子/未婚妻
司波达也,司波深雪,司波深雪 和 司波达也 极度 兄控 ， 兄妹俩 的 恩爱 场景 已经 得到 朋友 们 的 默认 ， 被 称为 最强 兄控娘 ， 喜欢 被 达 也 摸头 。,人物关系/亲属关系/配偶/妻子/未婚妻
祝彪,扈三娘,深夜 ， 扈三娘 来 找 祝彪 ， 大大方方 说明 来意 。,人物关系/亲属关系/配偶/妻子/未婚妻
司波达也,司波深雪,司波达也 x 司波深雪 — — 《 魔法 科 高校 的 劣等生 》,人物关系/亲属关系/配偶/妻子/未婚妻
罗布雷斯,乔尔,乔尔 - 罗布雷斯,NAN
诸葛京,诸葛瞻,学者 ： 诸葛瞻 去世 的 时候 ， 他 的 次子 诸葛京 当时 还 很小 ， 不到 参军 打仗 的 年龄 ， 所以 幸存 了 下来 。,人物关系/亲属关系/血亲/自然血亲/父母/生父
后稷,姜嫄,后稷 街 后稷 街 得名 : 武功 县 原为 古有 邰国 ， 是 后稷 之母 姜嫄 女有 邰氏 的 祖居 之地 ， 被 帝尧举 为 农师 ， 后 帝舜复 封 后稷 于 邰 ， 都 邰城 。,人物关系/亲属关系/血亲/自然血亲/父母/生母
包惜弱,杨康,包惜弱 、 杨康 的 无情 ， 曾 深深 毁 了 完颜 满烈 对 亲情 的 渴望 与 幻想 。,人物关系/亲属关系/血亲/自然血亲/子女/儿子
杨天佑,杨婵,天兵天将 下界 杀 了 杨天佑 和 杨蛟 ， 将瑶 姬压 在 桃山 之下 ， 杨戬 和 杨婵 侥幸 得以 逃脱 。,人物关系/亲属关系/血亲/自然血亲/子女/女儿
雷新庭,雷锋,雷新庭 是 雷锋 的 爷爷 ， 以租种 地主 的 田地 谋生 ， 整年 辛苦 劳作 ， 但 仍 无法 维持 家人 的 生计 ， 最后 身染 重病 ， 卧床不起 。,人物关系/亲属关系/血亲/自然血亲/孙子女/孙子
刘咏尧,刘若英,与 孙女 刘若英 : 据 刘咏尧 的 孙女 刘若英 透露 ， 祖父 生前 喜欢 听 她 唱 《 黄埔军校 校歌 》 ， 也 喜欢 听 《 绿岛 小夜曲 》 。,人物关系/亲属关系/血亲/自然血亲/孙子女/孙女
鲁西西,皮皮鲁,皮皮鲁 和 鲁西西 角色 介绍 :,人物关系/亲属关系/血亲/自然血亲/兄弟姐妹/哥哥
王子豪,王子杰,2013 年 ， 王子豪 和 王子杰 假期 到 泰国 旅行 时 ， 发生 翻车 意外 。,人物关系/亲属关系/血亲/自然血亲/兄弟姐妹/弟弟
张子静,张爱玲,1996 年 出版 传记 《 我 的 姊姊 张爱玲 》 （ 与 张子静 合著 ） 。,人物关系/亲属关系/血亲/自然血亲/兄弟姐妹/姐姐
程英,陆无双,曾斗 之 人 ： 李莫愁 、 公孙止 、 陆无双 、 程英 、 洪凌波,人物关系/亲属关系/血亲/自然血亲/兄弟姐妹/妹妹
曹安民,曹操,电视剧 《 曹操 》 饰 曹安民,人物关系/亲属关系/血亲/自然血亲/叔伯姑舅姨/叔伯
欧阳建,石崇,潘岳 、 石崇 、 欧阳建 、 陆机 、 陆云 等 二十四 人 ， 号 曰 ‘ 二十四 友 ’ 。 ”,人物关系/亲属关系/血亲/自然血亲/叔伯姑舅姨/舅舅
董重,董太后,汉献帝 刘协 董太后 侄子 : 董重 ， 董宠 之子 ， 官至 骠骑 将军 ， 封条 侯 ， 后 免官 自杀 。,人物关系/亲属关系/血亲/自然血亲/叔伯姑舅姨/姑妈
郑鸿逵,郑成功,七月 ， 郑成功 会同 郑彩 部队 攻打 海澄 ， 失败 ； 八月 ， 郑成功 又 与 郑鸿逵 部 合围 泉州 府城 ， 清 漳州 副将 王进 率 援军 至 ， 郑军 不 敌 败退 。,人物关系/亲属关系/血亲/自然血亲/侄甥/侄子
韩北旷,韩菱纱,韩北旷 人物 对话 : 韩菱纱 ： … …,人物关系/亲属关系/血亲/自然血亲/侄甥/侄女
刘益素,艾慧,刘益素 笑 得 格外 开心 ， 冯巩 和 艾慧 心头 更是 泛起 亲情 的 温暖 ！,人物关系/亲属关系/姻亲/血亲的配偶/子女的配偶/儿媳
任我行,令狐冲,梅庄 之 战后 梅庄 四友 告知 令狐冲 一行 任我行 的 关押 地址 。,人物关系/亲属关系/姻亲/血亲的配偶/子女的配偶/女婿
文馨,林多美,"林多美 与 文馨 的 哥哥 文杰 在 国外 相识 , 回国 后 林多美 嫁进 文家 后 , 意外 发现 文馨 的 丈夫 陈笑飞 居然 是 她 至今 难忘 的 初恋 。",人物关系/亲属关系/姻亲/血亲的配偶/兄弟姐妹的配偶/嫂子
乐颜,宁昊天,角色 由 李易 峰 饰演 ， 与 乐颜 （ 唐嫣饰 ） 相爱 ， 是 宁昊天 （ 张智尧 饰 ） 的 儿子 。,人物关系/亲属关系/姻亲/配偶的血亲/配偶的父母/公公
赵建铭,陈水扁,6 月 3 日特 侦组 侦办 陈水扁 涉 贪渎 等案 ， 发现 陈水扁 女儿 陈幸妤 、 女婿 赵建铭 、 儿子 陈致中 在 屡次 侦讯 过程 中 供词 不 一 ， 涉嫌 伪证罪 。,人物关系/亲属关系/姻亲/配偶的血亲/配偶的父母/岳父
西门吹雪,陆小凤,《 陆小凤 传奇 》 中 三个 理想 人物 陆小凤 、 花满楼 和 西门吹雪 分别 代表 著 古龙 三种 不同 的 理想 象征 。,人物关系/社交关系/友谊关系/朋友
张美人,李道宗,被 正法 的 奸臣 张士贵 之女 — — 皇叔 李道宗 的 宠妃 张美人 ， 要 李道宗 为 其 父兄 报仇 。,人物关系/社交关系/感情关系/喜欢
叶凡,齐飞,齐飞 滔滔不绝 的 诉说着 自己 的 计划 ， 叶凡 质问 他 在 自己 身上 到底 花 了 多少 钱 ？,人物关系/社交关系/感情关系/恋人
姜昆,马季,马季 与 徒弟 （ 姜昆 、 赵炎 ） 就 这样 费尽 了 周折 ， 姜昆 才 最终 被 马季 调到 了 中央广播说唱团 ， 并 被 马季 收为 弟子 。,人物关系/师生关系/老师
吕洞宾,韩湘子,（ 神话 人物 ） : 韩湘子 ， 字 清夫 ， 是 古代 汉族 民间传说 故事 中 的 八仙 之一 ， 擅吹 洞箫 ， 拜 吕洞宾 为 师学道 。,人物关系/师生关系/学生
石超,石苞,石苞 诸孙 : 石超 ， 石乔 子 ， 八 王之 乱时 是 成都 王司马颖 麾下 将领 ， 为 折冲 将军 ， 迁中护军 ， 以功 封侯 ， 任镇武 将军 、 中护军 。,人物关系/亲属关系/血亲/自然血亲/祖父母/爷爷
贾琏,贾母,贾母 一 起身 ， 贾琏 不 防 ， 便 没 躲 伶俐 … …,人物关系/亲属关系/血亲/自然血亲/祖父母/奶奶
宋一国,金斗汉,宋一国 的 母亲 是 韩国 著名演员 金乙东 ， 而 他 的 外公 更是 韩国 名将 之子 金斗汉 ， 而 他 的 妹妹 宋松 怡 也 是 一名 演员 。,人物关系/亲属关系/血亲/自然血亲/外祖父母/外公
