潘金莲,武大郎,第二 三零章 ‘ 潘金莲 ’ KO ‘ 武大郎 ’ （ 二 ）,人物关系/亲属关系/配偶/丈夫/现夫
朱七七,沈浪,沈浪 与 白飞飞 前去 探望 朱七七 ， 熊猫儿 热情 挽留 沈 留下来 喝酒 。,人物关系/亲属关系/配偶/丈夫/现夫
张茜,张卫健,任贤齐 、 林心如 、 黎耀祥 、 黎姿 、 郑伊健 、 袁咏仪 、 张卫健 、 吴孟达 、 张茜 、 陈晓东 、 林熙蕾 、 杨恭如 、 陈法蓉 、,人物关系/亲属关系/配偶/丈夫/现夫
丁芯,赵宝刚,3 个人 生活 : 结婚 : 丁芯 丈夫 赵宝刚 。,人物关系/亲属关系/配偶/丈夫/现夫
熊美玲,林秋离,有些 话 不能 说 歌曲歌词 : 词曲作者 ： 作词 ： 林秋离 作曲 ： 熊美玲 编曲 ： 王豫民,人物关系/亲属关系/配偶/丈夫/现夫
胡善祥,朱瞻基,宣宗 朱瞻基 皇后 胡善祥,人物关系/亲属关系/配偶/丈夫/现夫
秦香莲,陈世美,陈世美 看见 秦香莲 带 着 儿女 找 来 ， 唯恐 失去 功名 富禄 ， 就 昧着良心 ， 不认 妻儿 ， 并 将 秦香莲 母子 赶出 了 宫门 。,人物关系/亲属关系/配偶/丈夫/现夫
蓝琼璎,何鸿燊,1 人物 家族 : 澳门 赌王 何鸿燊 与 蓝琼璎 之女 ， 在 何鸿燊 11 位 女儿 中 排行 第五 。,人物关系/亲属关系/配偶/丈夫/现夫
宣姜,卫宣公,宣姜 后 被迫 嫁 与 卫宣公 另 一个 儿子 公子 顽 ， 生 了 子女 五人 ： 公子 齐子 、 卫戴公 、 卫文公 、 宋 桓夫人 、 许穆 宣姜 夫人 ．,人物关系/亲属关系/配偶/丈夫/现夫
娄昭君,高欢,娄昭君 北齐 神武帝 高欢 皇后,人物关系/亲属关系/配偶/丈夫/现夫
王茜,徐庆东,2 ， 36 集 电视 系列剧 《 重案 六组 3 》 导演 ： 徐庆东 主演 ： 王茜 、 王超 、 张潮 等,人物关系/亲属关系/配偶/丈夫/现夫
穆桂英,杨宗保,单挑 ： 孟良 VS 穆桂英 ； 焦赞 VS 穆桂英 ； 杨宗保 VS 穆桂英,人物关系/亲属关系/配偶/丈夫/现夫
何超琼,许晋亨,虽然 许晋亨 和 何超琼 也 是 离婚 收场 ， 而 刘嘉玲 也 和 梁朝伟 展开 了 至今 已经 18 年 的 爱情长跑 ， 但 那 已经 是 后 话 。,人物关系/亲属关系/配偶/丈夫/前夫
傅明宪,叶剑波,叶剑波 人物 评价 : 叶剑波 提及 香港 海域 集团 主席 叶剑波 ， 不少 人 最 津津乐道 的 是 他 背后 的 女人 － － 息影 艺人 傅明宪 。,人物关系/亲属关系/配偶/丈夫/前夫
梁静慈,甄子丹,分居 书 发下 后 ， 甄子丹 搬离 两人 的 家 ， 此时 梁静慈 已有 身孕 ， 她 随后 诞下 儿子 ， 取名 文卓 。,人物关系/亲属关系/配偶/丈夫/前夫
姜坤,汤镇业,1993 年 ， 汤镇业 与 小 他 13 岁 的 亚视 中日 混血 艺员 姜坤 结婚 ， 育有 双胞胎 儿子 和 一女 ， 2001 年 离婚 [ 18 - 20 ] 。,人物关系/亲属关系/配偶/丈夫/前夫
傅明宪,叶剑波,叶剑波 更频 现港媒 的 娱乐 版面 ， 和 其妻 － － － 前 香港 TVB 女星 、 《 神雕侠侣 》 “ 郭 芙 ” 扮演者 傅明宪 联袂 出现 ， 时常 亮相 公益活动 。,人物关系/亲属关系/配偶/丈夫/前夫
张子萱,杨一柳,而 27 日 ， 张子萱 才 在 微博 承认 与 陈赫 的 恋情 ， 并 晒 出 与 老公 杨一柳 正在 办理 离婚 的 截图 。,人物关系/亲属关系/配偶/丈夫/前夫
许婧,陈赫,2015 年 1 月 27 日晚 23 : 24 ， 陈赫 微博 发布 与 前妻 许婧 的 离婚 协议 。,人物关系/亲属关系/配偶/丈夫/前夫
刘梅,胡一统,最后 刘梅 才 知道 杨欣 一直 说 的 那个 人 就是 胡一统 。,人物关系/亲属关系/配偶/丈夫/前夫
刘梅,胡一统,（ 电视剧 《 家有 儿女 》 系列 人物 ） : 情景喜剧 《 家有 儿女 》 和 《 家有 儿女 初长成 》 中 的 人物 ， 胡一统 与 刘梅 的 儿子 。,人物关系/亲属关系/配偶/丈夫/前夫
金友庄,高凌风,高凌风 与 前妻 生 的 女儿 们 都 在 国外 长大 ， 金友庄 坦言 先生 财力 不如 以往 ， 选择 让 小孩 接受 国民教育 未尝不可 。,人物关系/亲属关系/配偶/丈夫/前夫
张洁,周立波,张洁 张洁 称 自己 生病 住院 ， 周立波 鲜少 过来 探望 ， 探病 时间 不过 五分钟 。,人物关系/亲属关系/配偶/丈夫/前夫
许婧,陈赫,许婧 ， 模特 ， 演员 陈赫 的 前妻 。,人物关系/亲属关系/配偶/丈夫/前夫
尤三姐,柳湘莲,贾琏 将 鸳鸯 剑 带回 ， 并 告知 此事 ， 尤三姐 从此 日夜 盼望着 柳湘莲 的 到来 。,人物关系/亲属关系/配偶/丈夫/未婚夫
查美乐,韩以烈,韩以烈 作品简介 : 《 爱上 查美乐 》 为 两岸 合拍 偶像剧 ， 改编自 台湾 言情小说 《 王 的 恋歌 》 。,人物关系/亲属关系/配偶/丈夫/未婚夫
唐悠悠,关谷神奇,1 歌曲 简介 : 演唱 ： 关谷神奇 （ 王传君 饰 ） 、 唐悠悠 （ 邓家佳饰 ）,人物关系/亲属关系/配偶/丈夫/未婚夫
尤三姐,柳湘莲,柳湘莲 和 尤三姐 的 悲剧 ， 有 社会 环境 、 社会 心理 的 原因 。,人物关系/亲属关系/配偶/丈夫/未婚夫
尤三姐,柳湘莲,柳湘莲 把 自己 祖传 的 宝剑 托 贾琏 带回 给 尤三姐 。,人物关系/亲属关系/配偶/丈夫/未婚夫
左蓝,余则成,余则成 发现 中共 派来 的 军调 人员 中 竟然 有 左蓝 。,人物关系/亲属关系/配偶/丈夫/未婚夫
顾倩兮,卢云,而 卢云 走 了 十年 ， 顾倩兮 才 真正 明白 卢云 的 道 ， 然后 她 不 等 了 。,人物关系/亲属关系/配偶/丈夫/未婚夫
涂山苏苏,白月初,喜欢 胡尾生 ， 在 白月初 和 涂山苏苏 的 努力 下 二人 终成眷属 。,人物关系/亲属关系/配偶/丈夫/未婚夫
严英云,徐良,后来 ， 严英云 被 徐良 的 人格魅力 所 折服 ， 就 答应 嫁给 徐良 了 。,人物关系/亲属关系/配偶/丈夫/未婚夫
纪晓芙,殷梨亭,萧大陆 版 殷梨亭 在 这个 过程 中 ， 殷梨亭 之 于 杨不悔 的 感情 也 是 变化 的 ： 一 开始 将 之 看成 纪晓芙 的 替代 ， 但 渐渐 的 杨不悔 就是 杨不悔 了 。,人物关系/亲属关系/配偶/丈夫/未婚夫
严英云,徐良,而 徐良 正 全力 与 莲花 门 门人 血战 ， 严英云 因此 卷入 了 这场 武林 争斗 。,人物关系/亲属关系/配偶/丈夫/未婚夫
纪晓芙,殷梨亭,再 想想 纪晓芙 和 殷梨亭 几乎 是 没有 任何 私下 的 接触 的 （ 虽然 有 婚约 ） ， 纪晓芙 会 和 大家 配合默契 吗 ？,人物关系/亲属关系/配偶/丈夫/未婚夫
刘备,孙尚香,1 歌曲 信息 : 电视剧 《 三国演义 》 （ 1995 年版 ） 插曲 ， 出现 在 第 43 集 刘备 与 孙尚香 的 婚礼 上 。,人物关系/亲属关系/配偶/妻子/现妻
廖仲恺,何香凝,时济 夫妇 因 工作 之 便 ， 与 孙夫人 宋庆龄 以及 廖仲恺 、 何香凝 等 过从甚密 。,人物关系/亲属关系/配偶/妻子/现妻
刘德华,朱丽倩,为 确保 大小 平安 ， 刘德华 于是 安排 朱丽倩 入住 北京 房子 ， 每日 由 助手 、 保镖 及 司机 一行 人 护送 妻子 到 场馆 。,人物关系/亲属关系/配偶/妻子/现妻
周端明,蔡敏,21 、 周端明 、 蔡敏 ： 政府 治理 能力 与 转轨 绩效 ： 中 俄 比较 分析 ， 《 当代 经济 研究 》 2009 年 第 4 期 （ CSSCI ） ；,人物关系/亲属关系/配偶/妻子/现妻
顾长卫,蒋雯丽,还 在 顾长卫 执导 的 电影 《 立春 》 中 演唱 女主角 蒋雯丽 的 全部 唱段 。,人物关系/亲属关系/配偶/妻子/现妻
霍启刚,郭晶晶,霍启刚 郭晶晶 发 电子 请柬 报喜 “ 我们 要 结婚 了 ”,人物关系/亲属关系/配偶/妻子/现妻
杨威,杨云,奥运冠军 杨威 杨云 夫妇 ( 入住 时间 ： 2009 年 11 月 10 日 - 2009 年 12 月 18 日 ),人物关系/亲属关系/配偶/妻子/现妻
杨威,杨云,杨威 比 杨云 大 四岁 ， “ 我 发脾气 ， 他 不 生气 ， 还 哄 着 我 ； 我 闹着玩 打 他 ， 他 也 从不 还手 ， 那时 我 就 觉得 特别 温暖 。 ”,人物关系/亲属关系/配偶/妻子/现妻
冯小刚,徐帆,1999 年 ， 徐帆 与 导演 冯小刚 结婚 。,人物关系/亲属关系/配偶/妻子/现妻
蒋介石,宋美龄,但是 ， 阴云密布 的 天空 突然 转晴 ， 25 日 ， 西安事变 和平解决 ， 蒋介石 、 宋美龄 乘专机 飞抵 洛阳 。,人物关系/亲属关系/配偶/妻子/现妻
赵宏博,申雪,比如 申雪 和 赵宏博 出征 都灵 冬奥会 的 比赛服 设计 ， 就是 突发 灵感 而来 的 。,人物关系/亲属关系/配偶/妻子/现妻
印乔镇,苏怡贤,2014 年 10 月 4 日 ， 印乔镇 与 苏怡贤 在 首尔 驿 三洞 TheRaum 会 所 举行 婚礼 。,人物关系/亲属关系/配偶/妻子/现妻
朱芳雨,胡美,胡美 在 个人 微博上 证实 了 离婚 的 消息 ， 并 暗示 朱芳雨 有 外遇 ， 曾经 原谅 但 最终 还是 以 离婚 结局 。,人物关系/亲属关系/配偶/妻子/前妻
胡金铨,钟玲,兴奋 得 如 中 头彩 ， 但 一时之间 胡金铨 说 也 说不清楚 ， 总之 是 堕入 爱河 了 ， 对象 是 女博士 钟玲 。,人物关系/亲属关系/配偶/妻子/前妻
姜凯,黄奕,2009 年 9 月 26 日 下午 ， 黄奕 和 姜凯 出现 在 意大利 举行 的 米兰 时装周 之 Gucci 春夏 时装秀 上 。,人物关系/亲属关系/配偶/妻子/前妻
朱芳雨,胡美,据 了解 ， 胡美 和 朱芳雨 2013 年 5 月 已经 结束 了 婚姻关系 ， 近来 不断 有 朋友 为 胡美 打抱不平 ， 谈到 她 与 朱芳雨 的 关系 。,人物关系/亲属关系/配偶/妻子/前妻
霍震霆,朱玲玲,霍震霆 当上 亚奥 理事会 委员 后 ， 更 忙碌 了 ， 三天两头 不 在家 ， 朱玲玲 更加 觉得 寂寞 和 无聊 。,人物关系/亲属关系/配偶/妻子/前妻
黄志忠,何音,09.07 . 23 黄志忠 何音 的 幸福生活 .,人物关系/亲属关系/配偶/妻子/前妻
许晋亨,何超琼,蓝琼璎 人物 关系 : 蓝琼璎 当年 曾以 2000 万港元 为 女儿 何超琼 办 “ 世纪 婚宴 ” 轰动 全港 ， 可 结婚 9 年 后 ， 何超琼 和 许晋亨 离了婚 。,人物关系/亲属关系/配偶/妻子/前妻
黄志忠,何音,（ 导演 ： 潘军 合作 演员 ： 杨立新 、 黄志忠 、 何音 ）,人物关系/亲属关系/配偶/妻子/前妻
黄毅清,黄奕,文中 黄毅清 不愿 直呼 黄奕 姓名 ， 只以 “ 这位 母亲 ” 代指 ， “ 希望 这位 母亲 能 跟 女儿 好好 相处 ， 好好 对 她 !,人物关系/亲属关系/配偶/妻子/前妻
朱芳雨,胡美,2009 年 12 月 15 日 ， 朱芳雨 与 胡 美的 爱情 结晶 降生 ， 不到 一年 后 ， 胡美 在 香港 又 产下 一 子 ， 朱芳雨 成为 了 两个 孩子 的 父亲 。,人物关系/亲属关系/配偶/妻子/前妻
莫绍谦,慕咏飞,"终于 , 莫绍谦 发现 当年 莫家 危难 是 慕咏飞 一手 策划 , 反击 慕家 , 并 放手 童雪 。",人物关系/亲属关系/配偶/妻子/前妻
邵昕,黄玉婷,5 月份 邵昕 和 黄玉婷 离婚 后 ， 孩子 归 婷婷 ， 但 没 拿 赡养费 。,人物关系/亲属关系/配偶/妻子/前妻
祝彪,扈三娘,扈三娘 想以 王英 换回 密图 ； 杨洪 却 试图 以图 换钱 ， 远走高飞 ； 祝彪 不惜 血本 ， 志在必得 ， 甚至 在 扈三娘 被 扣作 人质 的 时候 也 不为所动 。,人物关系/亲属关系/配偶/妻子/未婚妻
赵无忌,卫凤娘,白玉雕 龙 人物 : 白玉雕 龙 作者 : 古龙 白玉雕 龙 主要 人物 : 赵无忌 白玉雕 龙凤 佩 白玉雕 龙 次要 人物 : 卫凤娘 ： 赵无忌 的 妻子,人物关系/亲属关系/配偶/妻子/未婚妻
祝彪,扈三娘,灵堂 之上 ， 扈三娘 剥茧抽丝 ， 追查 真相 ， 在 王英 等 人 的 帮助 下 ， 终于 揭穿 祝彪 杀人 焚庄 的 罪行 。,人物关系/亲属关系/配偶/妻子/未婚妻
祝彪,扈三娘,扈三娘 手刃 祝彪 ， 与 王英 同 上 梁山 。,人物关系/亲属关系/配偶/妻子/未婚妻
祝彪,扈三娘,祝彪 虽然 喜欢 扈三娘 ， 但 执迷 卜卦 之术 的 祝彪 发现 扈三娘 腰间 有 痣 ， 认为 双方 不宜 有 姻缘 。,人物关系/亲属关系/配偶/妻子/未婚妻
祝彪,扈三娘,扈三娘 在 接下来 发生 的 事情 里 ， 终于 看清 了 祝彪 的 险恶用心 。,人物关系/亲属关系/配偶/妻子/未婚妻
祝彪,扈三娘,为 保全 自家 性命 ， 扈 庄主 将 自己 的 宝贝女儿 扈三娘 许配给 了 祝彪 ， 希望 通过 联姻 联盟 以 自保 。,人物关系/亲属关系/配偶/妻子/未婚妻
金蛇郎君,温仪,袁承志 和 安剑清 展开 对决 ， 袁承志 不慎 落崖 ， 得 金蛇郎君 夏雪宜 的 武功 秘笈 ， 并 遵 遗嘱 前往 衢州 石梁 寻找 女子 温仪 。,人物关系/亲属关系/配偶/妻子/未婚妻
祝彪,扈三娘,# 建议 将 顾大嫂 、 祝彪 、 扈三娘 三人 培养 一段时间 再 做 这个 任务 ， 你 将 会 稍微 轻松 一些,人物关系/亲属关系/配偶/妻子/未婚妻
水若寒,陆剑萍,十八年 后 ， 陆鼎 文之女 陆剑萍 ， 借 师傅 武妈 之手 打退 恶少 ， 救得 扮成 书生 的 东厂 杀手 水若寒 ， 与 路过 的 小 和尚 释小龙 、 释小福 。,人物关系/亲属关系/配偶/妻子/未婚妻
金蛇郎君,温仪,袁承志 花费 数日 ， 学成 武艺 ， 便 遵 遗嘱 ， 帮助 金蛇郎君 去 寻 温仪 。,人物关系/亲属关系/配偶/妻子/未婚妻
赵无忌,卫凤娘,2 人物 : 作者 : 古龙 主要 人物 : 赵无忌 白玉雕 龙凤 佩 次要 人物 : 卫凤娘 ： 赵无忌 的 妻子,人物关系/亲属关系/配偶/妻子/未婚妻
薛谭,秦青,汤问 》 载 ， 歌者 秦青 相 送 薛谭 ， “ 饯于 郊衢 ， 抚节 悲歌 ， 声振林木 ， 响遏行云 ” 。,人物关系/师生关系/老师
赵海燕,赵本山,（ 2013 年 赵本山 ， 宋小宝 ， 赵海燕 主演 小品 ） : 《 有钱 了 》 是 赵本山 在 江苏 卫视 的 收山之作 ， 广受 好评 。,人物关系/师生关系/老师
颜回,孔子,颜路 个人信息 : 颜回 早逝 ， 颜无繇 因 家里 穷 ， 就 请求 孔子 把 车子 卖 了 来 帮 他 安葬 。,人物关系/师生关系/老师
颜回,孔子,孔子 说 ； “ 只有 颜回 最好 学 。,人物关系/师生关系/老师
仲由,孔子,城 西北 为 孔子 弟子 仲由 的 故里 — — 仲村 ， 今为 仲 村镇 驻地 。,人物关系/师生关系/老师
南宫敬叔,孔子,23 岁 时 跟随 老师 孔子 及 同学 南宫敬叔 、 仲由 等 人 ， 周游列国 ， 考察 周 社会 的 吏制 和 道德规范 。,人物关系/师生关系/老师
樊迟,孔子,“ 帆迟 ” 谐 “ 樊迟 ” ， 孔子 弟子 ； “ 帆快 ” 谐 “ 樊哙 ” ， 汉初 大将 ； “ 橹 直 ” 谐 “ 鲁直 ” ， 宋 黄庭坚 字 ； “ 橹 扳 ” 谐 “ 鲁班 ” ， 古代 巧匠,人物关系/师生关系/老师
姜子牙,元始天尊,封神 诀 - 仙界 大战 : 讲述 商周 朝代 更替 之战 . 姜子牙 代 元始天尊 执掌 封神榜 ， 兴周灭 纣 ， 一统 天 、 地 、 人 三界 ， 成就 封神 大业 ！,人物关系/师生关系/老师
韩非,荀子,荀子 、 李斯 和 韩非,人物关系/师生关系/老师
梅超风,黄药师,黄药师 出现 救 了 梅超风 ， 黄蓉 离开 。,人物关系/师生关系/老师
陈靖仇,陈辅,陈辅 不得不 将 这 一切 的 心愿 ， 寄托 在 陈靖仇 的 身上 。,人物关系/师生关系/老师
石中玉,封万里,师父 白自在 虽 察觉 二人 情愫 ， 但 只是 微笑 ， 并未 表态 为 二人 做主 ， 此后 又 因 封万里 要 教导 石中玉 等 一系列 事情 ， 两人 的 感情 一直 搁置 。,人物关系/师生关系/老师
仲由,孔子,孝 的 故事 百里 负米 : 仲由 ， 字 子路 、 季路 ， 春秋时期 鲁国 人 ， 孔子 的 得意 弟子 ， 性格 直率 勇敢 ， 十分 孝顺 。,人物关系/师生关系/老师
仲由,孔子,孔子 认为 ， 正是 因为 仲由 做到 了 这些 ， 才 使得 “ 民 尽力 ” 、 “ 民不偷 ” 、 “ 民不扰 ” ， 而 国家 富强 ， 这 显然 是 对 仲由 政绩 的 极 高 评价 。,人物关系/师生关系/老师
颜回,孔子,2009 年 任泉 在 电影 《 孔子 》 里 饰演 颜回 、 在 电视剧 《 神话 》 里 饰演 易大川 ， 再次 赢得 观众 的 喜爱 。,人物关系/师生关系/老师
卓凤鸣,吕洞宾,地位 职位 ： 吕洞宾 弟子 ， 负责 教习 观内 低级 弟子 的 武功 剑 三 纯阳 门派 五 子 之一 卓凤鸣,人物关系/师生关系/老师
刘伟,马季,《 送别 》 表演者 ： 刘伟 、 马季,人物关系/师生关系/老师
陆启铿,华罗庚,此外 ， 万哲元 、 陆启铿 、 王元 、 潘承洞 、 段学复 等 人 也 是 在 华罗庚 的 悉心 培育 下 成长 起来 的 。,人物关系/师生关系/老师
岳云鹏,郭德纲,舞台 反串 角色 的 岳云鹏 岳云鹏 演艺 经历 : 2004 年 ， 岳云鹏 在 打工 的 饭店 碰见 了 去 吃饭 的 郭德纲 ， 随后 开始 了 他 的 相声 演艺 生涯 。,人物关系/师生关系/老师
张翠山,张三丰,武当掌 门 张翠山 内容梗概 : 刚刚 穿越 成为 武当 张三丰 弟子 ， 张翠山 的 愿望 很 简单 ： 让 武当 力压 江湖 诸派 ， 成为 华夏 武林 圣地 ！,人物关系/师生关系/老师
颜回,孔子,出自 《 孔子 家语 · 颜回 》 。,人物关系/师生关系/老师
颜回,孔子,南北朝 北齐 时 ， 各地 始建 孔颜庙 ， 奉祀 孔子 和 颜回 。,人物关系/师生关系/老师
仲由,孔子,孔子 说 : 仲由 呀 ！,人物关系/师生关系/老师
诸葛流云,燕赤霞,最后 三代 宗主 分别 是 燕赤霞 、 金光 、 诸葛流云 。,人物关系/师生关系/老师
洪凌波,李莫愁,李莫愁 把 洪凌波 当作 垫脚石 ， 摔 在 情 花丛 中 ， 借力 跃出 情 花丛 外 。,人物关系/师生关系/老师
仲由,孔子,等到 读 了 《 史 》 ， 才 看到 孔子 被 围困 在 陈国和 蔡国 之间 ， 而 弹琴 唱歌 的 声音 没有 断绝 ， 并 与 颜渊 、 仲由 等 学生 互相 问答 。,人物关系/师生关系/老师
南宫敬叔,孔子,为阅 周公之 典 ， 访 元圣 之迹 ， 孔子 于 周景王 年间 ， 携 弟子 南宫敬叔 入周 问礼于 老聃 ， 问 乐于 苌 弘 。,人物关系/师生关系/老师
颜回,孔子,【 译文 】 孔子 说 ： “ 听 我 说话 而能 毫不 懈怠 的 ， 只有 颜回 一个 人 吧 ！ ”,人物关系/师生关系/老师
胡和生,苏步青,2012 年 9 月 23 日 ， 苏步青 铜像 揭幕仪式 在 复旦大学 子彬 院前 举行 ， 该 铜像 由 谷超豪 、 胡和生 、 李大潜 、 洪家兴 四位 院士 提议 设立 。,人物关系/师生关系/老师
樊迟,孔子,樊迟 孔子 的 学生 ， 从小 贫穷 ， 但 读书 刻苦 ， 还 懂 种田 。,人物关系/师生关系/老师
仲由,孔子,孔子 说 ： “ 仲由 啊 ， 让 我 教给 你 对待 知 与 不知 的 态度 吧 ！,人物关系/师生关系/老师
颜回,孔子,雍 也 评析 : 颜回 是 孔子 的 得意门生 ， 他 对 孔子 以 “ 仁 ” 为 核心 的 思想 有 深入 的 理解 ， 而且 将 “ 仁 ” 贯穿 于 自己 的 行动 与 言论 当中 。,人物关系/师生关系/老师
颜回,孔子,孔子 看见 颜回 用手 抓 锅里 的 饭 吃 。,人物关系/师生关系/老师
王幼卿,王瑶卿,父亲 王凤卿 是 汪桂芬 传人 ， 伯父 王瑶卿 为 青衣 宗师 ， 弟 王幼卿 亦 为 京剧 名旦 。,人物关系/师生关系/老师
葛玄,左慈,《 抱朴子 内 篇 ‧ 金丹 》 明言 葛玄 师从 左慈 受 金丹 仙经 ， 葛玄 的 道 法 也 没有 直接 得到 任何 一个 家族 子弟 的 传承 。,人物关系/师生关系/老师
薛谭,秦青,译文 : 薛谭 向 秦青 学习 唱歌 ， 还 没有 学尽 秦青 的 技艺 ， 就 以为 学尽 了 ， 于是 就 告辞 回去 。,人物关系/师生关系/老师
马季,侯宝林,名家 小传 名家 论集 刘宝瑞 集 张寿臣 集 侯宝林 集常氏集 苏文茂 集 马季 集中 华 曲艺,人物关系/师生关系/老师
胡青牛,张无忌,在 蝶 谷医仙 胡青牛 逝世 以后 ， 张无忌 堪称 当 世 第一 名医 。,人物关系/师生关系/学生
韩慕侠,周恩来,这位 老人 不无 感慨 地 追忆 了 先父 当年 威服 康泰 尔 的 真实情况 ， 以及 韩慕侠 同 周恩来 同志 间 深 周恩来 厚 的 师徒 情谊 。,人物关系/师生关系/学生
张阿生,郭靖,郭靖 一剑 刺 死 陈玄风 ， 柯镇恶 毒菱 打瞎 梅超风 ， 七怪 之一 张阿生 被 “ 九阴 白骨 爪 ” 夺去 性命 … …,人物关系/师生关系/学生
王重阳,全真七子,孙不二 （ 1119 — 1182 ） 法名 不二 ， 号 清净 散人 ， 或 王重阳 与 全真七子 称 孙仙姑 。,人物关系/师生关系/学生
步鹰,燕双鹰,在 步鹰 的 精心 调教 下 燕双鹰 的 功夫 突飞猛进 。,人物关系/师生关系/学生
吕洞宾,韩湘子,八仙 是 古代 神话传说 中 的 八位 神仙 ， 他们 是 李铁拐 、 钟离权 、 张果老 、 何仙姑 、 蓝采和 、 吕洞宾 、 曹国舅 、 韩湘子 。,人物关系/师生关系/学生
胡青牛,张无忌,常遇春 如实 回答 ， 当 胡青牛 得知 张无忌 时 武当 张翠山 的 儿子 时 ， 脸蕴 怒色 ， 他 的 规矩 是 只 给 明教 弟子 治病 。,人物关系/师生关系/学生
卫夫人,王羲之,⑧ 《 法书 》 ： 王羲之 《 题 卫夫人 笔阵 图 》 ： “ 纸者 阵 也 ， 笔者 刀 稍 也 ， 墨者 鍪 甲 也 ， 砚者 城池 也 ， 本领 者 将军 也 ， 心意 者 副将 也 。 ”,人物关系/师生关系/学生
步鹰,燕双鹰,在 步鹰 的 精心 调教 下 燕双鹰 的 本领 突飞猛进 而,人物关系/师生关系/学生
卫夫人,王羲之,4 家族 成员 : 赵孟頫 浙江 湖州 莲花 庄 雕像 赵孟頫 的 妻子 管道升 也 是 著名 书画家 ， 在 古代 女 书法家 中 地位 仅次于 王羲之 老师 卫夫人 。,人物关系/师生关系/学生
卫夫人,王羲之,王羲之 《 题 卫夫人 笔阵 图后 》 ， 曾 有 以书家 为 将军 的 比喻 ， 但 这里 的 将军 仅仅 是 指书家 个体 创作 时 指挥 纸 、 笔 、 墨 、 砚 的 纵横 挥斥 。,人物关系/师生关系/学生
朱聪,郭靖,郭靖 所学 的 “ 分筋 错骨手 ” 乃是 二 师父 朱聪 自创 。,人物关系/师生关系/学生
王重阳,全真七子,由此 ， 追随 王重阳 在 创派 时 的 七个 胶东 道人 ， 被 称为 “ 全真七子 ” 。,人物关系/师生关系/学生
王重阳,全真七子,第一节 全真七子 拜师 王重阳,人物关系/师生关系/学生
单联全,冯一非,这种 认识 在 冯一非 脑海中 形成 后 ， 逐渐 变得 越来越 强烈 ， 加之 她 从小 喜欢 文学 ， 有 一定 文笔 基础 ， 最终 做出 了 跟 单联全 学习 编剧 的 决定 。,人物关系/师生关系/学生
应天文,韩慕侠,应天文 是 韩慕侠 的 老师 ， 据说 是 他 在 华山 遇到 的 一名 道士 。,人物关系/师生关系/学生
吕洞宾,韩湘子,2 . 该法 因其 假托 汉 钟离 、 吕洞宾 、 韩湘子 、 曹国舅 、 何仙姑 、 蓝 采荷 、 张果老 、 铁拐李 八仙 诸形 （ 态 ） 演之 ， 故 名 。,人物关系/师生关系/学生
吕洞宾,韩湘子,八仙 一般 是 指 铁拐李 、 汉 钟离 、 张果老 、 蓝采和 、 何仙姑 、 吕洞宾 、 韩湘子 、 曹国舅 ， 这 八位 神仙 人物 。,人物关系/师生关系/学生
吕洞宾,韩湘子,汉 钟离 持 蕉叶 ， 铁拐李 拄 拐持 葫芦 ， 曹国舅 持 响板 ， 何仙姑 持 如意 ， 韩湘子 持箫 ， 张国老 骑驴 持 渔鼓 ， 蓝采和 肩 扛 花篮 ， 吕洞宾 持剑 。,人物关系/师生关系/学生
吕洞宾,韩湘子,后经 钟汉 离 、 吕洞宾 搭救 ， 把 “ 鹤儿 ” 送 去 “ 官宦 人家 为子 ” ， 这样 仙鹤 才 转世 ， “ 这 便是 八仙 中 的 韩湘子 ” 。,人物关系/师生关系/学生
卫夫人,王羲之,卫夫人 与 王羲之 的 父亲 王旷 是 中 表亲 ， 故 王羲之 幼时 得亲 承 卫夫人 的 教诲 。,人物关系/师生关系/学生
曹薰铉,李昌镐,半决赛 ： 曹薰铉 1 : 0 金荣桓 小林觉 1 : 0 李昌镐 1997.3 . 9,人物关系/师生关系/学生
卫夫人,王羲之,最 根本 的 是 王羲之 的 反叛 精神 ， 这种 精神 不是 从 他 的 老师 卫夫人 那里 得来 的 ， 而是 从 他 夫人 肚皮 上 得来 的 。,人物关系/师生关系/学生
曹薰铉,李昌镐,本届 杯赛 刘昌赫 第一个 出场 ， 先后 战胜 了 曹薰铉 、 李世石 等 高手 一路 连胜 ， 已 实现 了 13 连胜 ， 正在 向 李昌镐 的 纪录 逼近 。,人物关系/师生关系/学生
文殊广法天尊,金吒,李靖 ： “ 大儿子 叫 金吒 ， 拜 在 文殊广法天尊 门下 ； 二儿 名 木吒 ， 拜 普贤 真人 为师 。,人物关系/师生关系/学生
吕洞宾,韩湘子,吕洞宾 和 汉 钟离 深感 事关重大 ， 于是 立刻 鸣钟 召集 何仙姑 、 蓝采和 、 韩湘子 、 曹国舅 、 张果老 和 铁拐李 前来 议事 。,人物关系/师生关系/学生
云中子,雷震子,云中子 作罢 诗 ， 命 雷震子 ； “ 随 我 进洞 来 。 ”,人物关系/师生关系/学生
吕洞宾,韩湘子,二条 ： 吕洞宾 ， 额滴 神 啊 ， 这是 抽象派 的 风流倜傥 么 三条 ： 曹国舅 ， 头戴 官帽 ， 这 还是 比较 靠 谱 的 四条 ： 韩湘子 ， 这 发型 。,人物关系/师生关系/学生
杨贯一,林永春,林永春 创业 经历 : 富东 粤菜 老板 林永春 ， 是 国际 名厨 杨贯一 的 入室弟子 。,人物关系/师生关系/学生
曹薰铉,李昌镐,1998 年 第 4 届 三星 杯 第一轮 胜 金东烨 ； 16 强胜 曹薰铉 ； 8 强负 李昌镐,人物关系/师生关系/学生
胡青牛,张无忌,胡青牛 说 这番话 时 ， 那 满脸 皱纹 、 泪光 莹莹 的 哀伤 情状 ， 曾令 张无忌 心中 大是 难过 。,人物关系/师生关系/学生
马枪月,谷本夏,马枪月 角色 介绍 : 有 长期 流浪 的 僻 好 ， 收 了 谷本夏 为徒 。,人物关系/师生关系/学生
王重阳,全真七子,王重阳 与 全真七子 （ 长春 子 丘处机 、 玉阳子 王处一 、 广宁子 郝大通 、,人物关系/师生关系/学生
卫夫人,王羲之,王羲之 《 题 卫夫人 ( 笔阵 图 ) 后 》,人物关系/师生关系/学生
吕洞宾,韩湘子,至明 吴元泰 《 八仙 出处 东游记 传 》 里 ， 始 确定 为 铁拐李 、 钟离权 、 张果老 、 蓝采和 、 何仙姑 、 吕洞宾 、 韩湘子 、 曹国舅 八人 。,人物关系/师生关系/学生
吕洞宾,韩湘子,门徒 有 玄 都 大法师 、 上洞 八仙 （ 吕洞宾 、 何仙姑 、 张果老 、 曹国舅 、 铁拐李 、 汉 钟离 、 蓝采和 、 韩湘子 ） 。,人物关系/师生关系/学生
胡青牛,张无忌,胡青牛 见死不救 : 当 得知 张无忌 不肯 加入 天鹰 教后 ， 便 决定 见死不救 。,人物关系/师生关系/学生
严舆,严白虎,人物传记 : 简明 历史 传记 : 严舆 ， 严白虎 之弟 ， 有 勇力 ， 受 兄长 派遣 与 孙策 讲 和 ， 在 席间 被 孙策 投掷 手戟 击中 而 死 。,人物关系/亲属关系/血亲/自然血亲/兄弟姐妹/哥哥
刘晴,刘醒,3 遭遇 : 刘晴 返回 广州 ， 大嫂 冬妮 对 她 甚为 冷淡 ， 后来 刘晴 向 杨阳 暗中 打听 ， 才 知 刘醒 多年 来 为了 自己 的 医药费 ， 与 冬妮 闹 不 和 。,人物关系/亲属关系/血亲/自然血亲/兄弟姐妹/哥哥
周武,周文,冉季载 ， 即 聃 季载 ， 本名 姬载 ， 为 周朝 诸侯国 聃 国 开国 君主 ， 他 是 周文 王姬 昌 的 第十 子 、 周武 王姬 发 的 同 母弟 。,人物关系/亲属关系/血亲/自然血亲/兄弟姐妹/哥哥
伍天锡,伍云召,雄阔海 、 伍云召 、 伍天锡 三 将 齐出 ， 迭 杀 隋朝 名将 。,人物关系/亲属关系/血亲/自然血亲/兄弟姐妹/哥哥
伍天锡,伍云召,伍天锡 绿林 人物 ， 伍云召 之 族弟 。,人物关系/亲属关系/血亲/自然血亲/兄弟姐妹/哥哥
鲁西西,皮皮鲁,比起 皮皮鲁 来说 ， 鲁西西 要 乖巧 许多 ， 但是 她 也 有 许多 惊奇 的 冒险 哦 ， 有些 还 背着 那个 古灵精怪 的 调皮 哥哥 偷偷地 进行 呢 。,人物关系/亲属关系/血亲/自然血亲/兄弟姐妹/哥哥
鲁西西,皮皮鲁,作品 中 的 人物 皮皮鲁 、 鲁西西 、 罗克 、 舒克和贝塔 已 成为 注册商标 。,人物关系/亲属关系/血亲/自然血亲/兄弟姐妹/哥哥
程万牛,程铁牛,程铁牛 、 程万牛 出场 ， 自然 是 当场出丑 。,人物关系/亲属关系/血亲/自然血亲/兄弟姐妹/哥哥
严舆,严白虎,2 人物传记 : 简明 历史 传记 : 严舆 ， 严白虎 之弟 ， 有 勇力 ， 受 兄长 派遣 与 孙策 讲 和 ， 在 席间 被 孙策 投掷 手戟 击中 而 死 。,人物关系/亲属关系/血亲/自然血亲/兄弟姐妹/哥哥
穆春,穆弘,人物 经历 : 人物 出身 : 穆春 是 江州 揭阳 镇 人氏 ， 出身 富户 ， 因其兄 穆弘 绰号 没 遮拦 ， 故 此人 称小 遮拦 。,人物关系/亲属关系/血亲/自然血亲/兄弟姐妹/哥哥
周武,周文,叔颖 ： 姬姓 ， 名颖 ， 周文 王姬 昌 第十九 子 ， 周武 王姬 发异 母弟 ， 周朝 诸侯国 赖国始 封君 、 赖姓 始祖 。,人物关系/亲属关系/血亲/自然血亲/兄弟姐妹/哥哥
庞林,庞统,习桢 有个 妹妹 嫁给 庞统 的 弟弟 庞林 为妻 。,人物关系/亲属关系/血亲/自然血亲/兄弟姐妹/哥哥
周恩寿,周恩来,周秉德 ， 原 国务院 总理 周恩来 三弟 周恩寿 之女 。,人物关系/亲属关系/血亲/自然血亲/兄弟姐妹/哥哥
李汉俊,李书城,7 月 ， 为 举办 传播 马克思主义 的 中国 积极分子 会议 ， 陈独秀 、 李汉俊 等 频繁 活动 于 李书城 寓所 。,人物关系/亲属关系/血亲/自然血亲/兄弟姐妹/哥哥
张顺,张横,揭阳 镇 的 李俊 、 李立 、 穆弘 、 穆春 、 张横 、 张顺 、 童威 、 童猛 ， 薛永 、 侯健 。,人物关系/亲属关系/血亲/自然血亲/兄弟姐妹/哥哥
曾国潢,曾国藩,曾国藩 的 四个 弟弟 弟 ： 曾国潢 （ 1820 — 1886 ， 派名 传晋 ， 原名 国英 ， 字澄侯 ）,人物关系/亲属关系/血亲/自然血亲/兄弟姐妹/哥哥
武修文,武敦儒,很多 人 觉得 与 杨过 对比 ， 武敦儒 、 武修文 更显 脓包 、 废物 。,人物关系/亲属关系/血亲/自然血亲/兄弟姐妹/哥哥
罗成,秦琼,第十四回 罗成 艺高 枪 挑 反叛 秦琼 马惊 认子 山林,人物关系/亲属关系/血亲/自然血亲/兄弟姐妹/哥哥
罗松,罗成,"隋唐演义 人物 姜松 ( 罗松 ) 字 永年 姜家 枪法 第一 绝 ( 罗家 枪 姜 家传 , 罗成 同父异母 的 哥哥 ) 隋唐演义 里 的 一绝 。",人物关系/亲属关系/血亲/自然血亲/兄弟姐妹/弟弟
刘星,夏雨,刘梅 的 儿子 刘星 座位 在 最后 一排 ， 夏雨 在 中间 ， 夏雪 的 座位 还算 靠 前 ， 但 老师 说 夏雪 成绩 不 稳定 ， 座位 要 跟着 成绩 随时 调整 。,人物关系/亲属关系/血亲/自然血亲/兄弟姐妹/弟弟
刘星,夏雨,不过 夏雪 拿不定 主意 要 拿出 什么 来 义卖 ， 刘星 和 夏雨 刺探 了 半天 也 没有 收获 。,人物关系/亲属关系/血亲/自然血亲/兄弟姐妹/弟弟
刘星,夏雨,家人 ： 夏东海 （ 丈夫 ） 、 刘星 、 夏雨 （ 儿子 ） 、 夏雪 （ 女儿 ） 、 胡一统 （ 前夫 ）,人物关系/亲属关系/血亲/自然血亲/兄弟姐妹/弟弟
罗松,罗成,他家 的 罗春 ， 在 《 说 唐 》 是 老家人 ， 在 曲艺 评书 《 兴唐 传 》 、 《 大 隋唐 》 、 《 瓦岗 英雄 》 罗春 与 罗松 都 是 罗成 的 兄弟 。,人物关系/亲属关系/血亲/自然血亲/兄弟姐妹/弟弟
武敦儒,武修文,武修文 是 金庸 小说 《 神雕侠侣 》 中 的 人物 ， 是 一灯大师 四大 弟子 “ 渔樵 耕读 ” 之一 耕夫 武三通 之子 ， 母亲 是 武三娘 ， 兄长 是 武敦儒 。,人物关系/亲属关系/血亲/自然血亲/兄弟姐妹/弟弟
杜纮,杜纯,到 贬 所 不久 ， 又 以 岳父 杜纯 弟 杜纮 知应 天府 兼 南京 留守 司 公事 ， 为 避亲 嫌 ， 改差 通判 亳州 （ 今 安徽 亳县 ） 。,人物关系/亲属关系/血亲/自然血亲/兄弟姐妹/弟弟
王中军,王中磊,企业 领袖 ： 柳传志 、 李彦宏 、 马化腾 、 牛根生 、 陈旭东 、 虞锋 、 王中军 、 王中磊 、 冯东明 、 于冬 、 邹其方 …,人物关系/亲属关系/血亲/自然血亲/兄弟姐妹/弟弟
武敦儒,武修文,郭靖 看来 ， 襄阳 的 未来 就 落 在 武敦儒 、 武修文 肩膀 上 。,人物关系/亲属关系/血亲/自然血亲/兄弟姐妹/弟弟
何冲,何超,何冲 家庭成员 : 何冲 的 胞弟 何超 ， 也 是 中国跳水队 的 队员 。,人物关系/亲属关系/血亲/自然血亲/兄弟姐妹/弟弟
刘星,夏雨,结果 刘星 夏雨 被 双双 关 了 禁闭 。,人物关系/亲属关系/血亲/自然血亲/兄弟姐妹/弟弟
王中军,王中磊,王元也 家人 : 王元也 父亲 王中磊 简介 : 父亲 王中磊 是 现任 华谊 兄弟 传媒 集团 的 执行 总裁 ， 金 王中军 与 王中磊 牌 制片人 。,人物关系/亲属关系/血亲/自然血亲/兄弟姐妹/弟弟
汤镇宗,汤镇业,《 乾隆 那些 事 》 饰演 蒋府 家人 （ 18 集 ） 狱卒 （ 27 集 ） 太和 楼 店小二 （ 21 集 ） 主要演员 ： 余少群 汤镇宗 汤镇业 郭珍霓 蒋林静 杨洋,人物关系/亲属关系/血亲/自然血亲/兄弟姐妹/弟弟
李瀚章,李鸿章,"出版 信息 : 作者 ： （ 清 ） 曾国藩 著 , （ 清 ） 李瀚章 编撰 , （ 清 ） 李鸿章 校刊",人物关系/亲属关系/血亲/自然血亲/兄弟姐妹/弟弟
汤镇宗,汤镇业,2013 年 电视剧 《 乾隆 那些 事 》 任 导演 主演 余少群 郭珍霓 汤镇业 汤镇宗,人物关系/亲属关系/血亲/自然血亲/兄弟姐妹/弟弟
柳承莞,柳承范,基本 信息 : 《 哭泣 的 拳头 》 是 由 柳承莞 编导 ， 崔岷植 、 柳承范 主演 的 动作 剧情片 。,人物关系/亲属关系/血亲/自然血亲/兄弟姐妹/弟弟
蔡夫人,蔡瑁,4 、 明 罗贯中 《 三国演义 》 第三十四回 《 蔡夫人 隔屏 听 密语 刘皇叔 跃马 过檀溪 》 蔡瑁 已 引军 赶到 溪边 ， 大叫 ： “ 使君 何故 逃席 而 去 ？ ”,人物关系/亲属关系/血亲/自然血亲/兄弟姐妹/弟弟
裘千丈,裘千仞,之后 铁掌 帮便 由 裘千仞 当 帮主 ， 至于 成员 有 裘千仞 双胞胎 大哥 裘千丈 、 妹妹 裘千尺 以及 完颜萍 。,人物关系/亲属关系/血亲/自然血亲/兄弟姐妹/弟弟
赵合德,赵飞燕,小说 人物 ： 汉成帝 ， 赵飞燕 ， 赵合德 ， 王太后 ， 班婕妤 ， 九 王爷,人物关系/亲属关系/血亲/自然血亲/兄弟姐妹/姐姐
欧阳娣娣,欧阳妮妮,2013 / 04 / 20 动力火车 、 欧阳龙 、 傅娟 、 欧阳娜娜 、 欧阳妮妮 、 欧阳娣娣 、 澎 恰恰 、 王予柔,人物关系/亲属关系/血亲/自然血亲/兄弟姐妹/姐姐
文姜,宣姜,姐妹 ： 鲁国 夫人 文姜 ， 卫国 夫人 宣姜,人物关系/亲属关系/血亲/自然血亲/兄弟姐妹/姐姐
蔡五熊,蔡云寒,金 时空 ： 雷婷 、 汪 天养 （ 刀 疯 ） 、 曾 美好 （ 刀 鬼 ） 、 蔡五熊 、 蔡云寒 、 登龙 （ 止水 ） 、 林晨 晞 （ 武屍 · 晞 ）,人物关系/亲属关系/血亲/自然血亲/兄弟姐妹/姐姐
陆无双,程英,杨过 为何 爱 小龙女 不爱 郭襄 、 郭 芙 、 程英 、 陆无双 、 公孙绿萼 、 耶律燕 ？,人物关系/亲属关系/血亲/自然血亲/兄弟姐妹/姐姐
凌音,凌波,凌音 回到 蜀山 时 ， 刚好 遇到 凌波 参与 盗鼎 事件 ， 震惊 的 凌音 始终 都 在 沉默 之中 。,人物关系/亲属关系/血亲/自然血亲/兄弟姐妹/姐姐
刘星,夏雪,东海 为 了解 夏雪 反常 行为 ， “ 雇佣 ” 刘星 跟踪 夏雪 ， 而 刘梅 发现 刘星 行动诡秘 ， 则 “ 收买 ” 了 夏雨来 跟踪 刘星 。,人物关系/亲属关系/血亲/自然血亲/兄弟姐妹/姐姐
陆无双,程英,那 【 程英 姑娘 】 ， 陆无双 姑娘 ， 也 都 是 【 品貌双全 】 、 重情 笃义 之 人 。,人物关系/亲属关系/血亲/自然血亲/兄弟姐妹/姐姐
欧阳娣娣,欧阳妮妮,父亲 为 台北市 议员 欧阳龙 ， 妈妈 是 演员 傅娟 ， 姐姐 是 欧阳妮妮 和 妹妹 是 欧阳娣娣 ， 姑姑 是 歌手 欧阳菲菲 。,人物关系/亲属关系/血亲/自然血亲/兄弟姐妹/姐姐
刘星,夏雪,《 青春 变奏曲 》 ： 夏雪 爱 打扮 了 ， 在 街上 遭到 小流氓 的 欺负 ， 刘星 拿 起 双节棍 去 与 小流氓 格斗 ， 为 姐姐 出气 ， 结果 被 打 得 鼻青脸肿 。,人物关系/亲属关系/血亲/自然血亲/兄弟姐妹/姐姐
蔡五熊,蔡云寒,"《 终极 一班 》 中 蔡云寒 ( 蔡函 岑饰 ) 和 蔡五熊 ( 蔡宜臻饰 ) 姐妹 , 扮演者 也 是 姐妹 .",人物关系/亲属关系/血亲/自然血亲/兄弟姐妹/姐姐
刘星,夏雪,家人 ： 夏东海 （ 丈夫 ） 、 刘星 、 夏雨 （ 儿子 ） 、 夏雪 （ 女儿 ） 、 胡一统 （ 前夫 ）,人物关系/亲属关系/血亲/自然血亲/兄弟姐妹/姐姐
陆无双,程英,后来 程英 、 杨过 、 陆无双 遭遇 李莫愁 ， 黄药师 便 帮助 解围 。,人物关系/亲属关系/血亲/自然血亲/兄弟姐妹/姐姐
尤二姐,尤氏,当 王熙凤 发现 贾琏 偷 娶 尤二姐 后 ， 大闹 宁国府 ， 尤氏 束手无策 ， 随 王熙凤 作践 ， 把 她 揉搓 成 一个 面团 儿 。,人物关系/亲属关系/血亲/自然血亲/兄弟姐妹/姐姐
凌音,凌波,铁笔 是 罡 斩 的 徒弟 ， 便 也 是 草谷 的 师侄 ； 后 凌波 、 罡 斩 长老 亡故 ， 铁笔 和 凌音 因锁 妖塔 等 原因 成为 蜀山 七圣 ， 辈分 上 变为 草谷 的 师弟妹 。,人物关系/亲属关系/血亲/自然血亲/兄弟姐妹/姐姐
何猷启,何超莲,何猷启 生于 1991 年 5 月 9 日 ， 是 赌王 何鸿燊 与 三 姨太 陈婉珍 的 儿子 ， 同胞 姐姐 为 何超莲 。,人物关系/亲属关系/血亲/自然血亲/兄弟姐妹/姐姐
池田菜沙,池田华菜,家庭成员 ： 父母 、 姐姐 池田华菜 、 三胞胎 的 姐姐 池田绯菜 、 池田菜沙,人物关系/亲属关系/血亲/自然血亲/兄弟姐妹/姐姐
张子静,张爱玲,《 我 的 姊妹 张爱玲 》 是 2000 年 文汇出版社 出版 的 图书 ， 作者 是 张子静 、 季季 。,人物关系/亲属关系/血亲/自然血亲/兄弟姐妹/姐姐
赵飞燕,赵合德,又 据 《 汉书 》 记载 ， 是 汉成帝 皇后 赵飞燕 之妹 美女 赵合德 所创 的 一种 眉型 ， 眉如 远山 含翠 ， 因 其 秀美 ， 世人 争相 效仿 。,人物关系/亲属关系/血亲/自然血亲/兄弟姐妹/妹妹
皮皮鲁,鲁西西,鲁西西 和 大 侦探 乔 麦皮 人物 介绍 : 皮皮鲁 他 学习成绩 不高 ， 不是 学校 老师 喜欢 的 那种 乖孩子 ， 但 他 心地善良 、 正义 勇敢 ， 身上 有 故事 。,人物关系/亲属关系/血亲/自然血亲/兄弟姐妹/妹妹
马冬晗,马冬昕,马冬昕 相关 报道 : 【 清华 】 2011 年 清华大学 特等 奖学金 答辩 — — 马冬晗 （ 姐姐 ） — 《 2011 清华大学 特等 奖学金 答辩 视频 集 》,人物关系/亲属关系/血亲/自然血亲/兄弟姐妹/妹妹
凌波,凌音,《 仙剑 奇侠传 五前 传 》 凌波 、 凌音 、 炎舞,人物关系/亲属关系/血亲/自然血亲/兄弟姐妹/妹妹
皮皮鲁,鲁西西,皮皮鲁 总动员 鲁西西 : 鲁西西 是 中国 童话 大王 郑渊洁 笔下 著名 的 人物 ， 诞生 于 1981 年 的 2 月 10 日 ， 也 是 农历 新年 的 正月初 六 。,人物关系/亲属关系/血亲/自然血亲/兄弟姐妹/妹妹
皮皮鲁,鲁西西,皮皮鲁 和 鲁西西 的 故事 作者简介 : 1955 年 郑渊洁 出生 在 河北省 石家庄市 ， 其父 原籍 山西 临汾 ， 其母 原籍 浙江 绍兴 。,人物关系/亲属关系/血亲/自然血亲/兄弟姐妹/妹妹
沈东篱,沈南枝,沈南枝 人物 简介 : 她 与 沈东篱 展开 一段 黯然神伤 的 苦恋 ， 在 后 传中 终成 眷侣 ， 亦 得 福报 。,人物关系/亲属关系/血亲/自然血亲/兄弟姐妹/妹妹
赵飞燕,赵合德,赵飞燕 、 赵合德 出世 : 赵飞燕 、 赵合德 是 一对 双胞胎 的 姐妹花 ， 出 生于 公元前 45 年 。,人物关系/亲属关系/血亲/自然血亲/兄弟姐妹/妹妹
楚寒镜,楚碧痕,楚寒镜 人物 简介 : 楚寒镜 是 炎帝 神农 洞 月 幽之境 中 守护 梭罗 仙树 的 梭罗树 仙 之一 ， 楚碧痕 的 孪生 姐姐 。,人物关系/亲属关系/血亲/自然血亲/兄弟姐妹/妹妹
尤二姐,尤三姐,实际上 ， 小说 已经 写明 ， 像 尤二姐 、 尤三姐 等 确实 是 受到 了 贾府 贾珍 、 贾琏 、 贾蓉 等 花花公子 的 攻击 。,人物关系/亲属关系/血亲/自然血亲/兄弟姐妹/妹妹
赵一楠,赵一涵,妻子 马丽娟 ， 辽宁省 戏校 教师 ， 育有 一对 龙凤 双胞胎 ： 赵一楠 和 赵一涵 。,人物关系/亲属关系/血亲/自然血亲/兄弟姐妹/妹妹
薛丁山,薛金莲,《 薛丁山 与 樊梨花 》 饰 薛金莲 杨丽花 终极 大战,人物关系/亲属关系/血亲/自然血亲/兄弟姐妹/妹妹
赵飞燕,赵合德,从 野史 记载 的 ， 赵飞燕 赵合德 姐妹俩 争 燕赤凤 最后 三个 人 一起 玩 双飞 ， 我 的 推断 应该 没错 。,人物关系/亲属关系/血亲/自然血亲/兄弟姐妹/妹妹
皮皮鲁,鲁西西,鲁西西 是 皮皮鲁 的 孪生 妹妹 ， 比起 她 令 老师 和 父母 头疼 的 哥哥 来 ， 她 是 家长 和 老师 们 眼中 的 优等生 ， 乖巧 懂事 ， 认真学习 ， 成绩 也 很 好 。,人物关系/亲属关系/血亲/自然血亲/兄弟姐妹/妹妹
程英,陆无双,神 ： 小龙女 ， 程英 ， 陆无双 ， 李莫愁 ， 刘瑛 ， 公孙绿萼,人物关系/亲属关系/血亲/自然血亲/兄弟姐妹/妹妹
皮皮鲁,鲁西西,2 生日 纪念 : 皮皮鲁 和 鲁西西 30 岁 生日 庆典 ( 17 张 ),人物关系/亲属关系/血亲/自然血亲/兄弟姐妹/妹妹
马冬晗,马冬昕,马冬晗 与 马冬昕 两姐妹 美貌 与 智慧 并重 ， 都 长得 非常 漂亮 。,人物关系/亲属关系/血亲/自然血亲/兄弟姐妹/妹妹
章子男,章子怡,章子怡 刚出道 时 经纪人 是 她 哥哥 章子男 。,人物关系/亲属关系/血亲/自然血亲/兄弟姐妹/妹妹
常书鸿,李承仙,李承仙 与 丈夫 常书鸿,NAN
田儋,田横,田横 客 详细 释义 : 田横 客典源 : 《 史记 》 卷 九 十四 《 田儋 列传 》,NAN
苏渊雷,仲翔,读史 举要 作者简介 : 苏渊雷 （ 1908 — 1995 ） ， 原名 中常 ， 字 仲翔 ， 晚署 钵 翁 ， 又 号 遁 圆 。,NAN
陈松年,陈独秀,（ 陈独秀 三子 ） : 陈松年 （ 1910 — 1990 ） ， 陈独秀 的 第三 子 。,人物关系/亲属关系/血亲/自然血亲/父母/生父
鲁元公主,刘邦,西汉 开国 皇帝 刘邦 和 皇后 吕雉 的 女儿 被 称为 鲁元公主 。,人物关系/亲属关系/血亲/自然血亲/父母/生父
白先勇,白崇禧,白先勇 ， 白崇禧 之子 ， 1937 年生 ， 广西 桂林人 。,人物关系/亲属关系/血亲/自然血亲/父母/生父
后稷,姜嫄,后稷 其母 台氏 之 女 姜嫄 ， 为 帝喾 元妃 。,人物关系/亲属关系/血亲/自然血亲/父母/生母
刘星,刘梅,刘梅 这才 恍然大悟 ， 原来 刘星 不是 出租 钢琴 ， 而是 花钱 雇人来 家里 弹琴 。,人物关系/亲属关系/血亲/自然血亲/父母/生母
后稷,姜嫄,相传 为 姜嫄 圣母 履巨 人迹 而孕 后稷 处 。,人物关系/亲属关系/血亲/自然血亲/父母/生母
刘崎,刘宽,刘宽 人物 生平 : 刘宽 学识渊博 : 刘宽 字文饶 ， 是 弘农华 阴人 ， 父亲 刘崎 ， 在 汉顺帝 时 曾任 司徒 。,人物关系/亲属关系/血亲/自然血亲/子女/儿子
刘备,刘禅,蜀汉 （ 221 - - 263 年 ） 始 于昭烈 帝 刘备 ， 终于 后主 刘禅 ， 共 2 帝 。,人物关系/亲属关系/血亲/自然血亲/子女/儿子
陈纪,陈群,曹操 打算 恢复 肉刑 ， 下令 说 ： “ 从前 ， 大鸿 胪 陈纪 认为 死刑 有 仁慈 的 一面 ， 御史中丞 陈群 ， 能 申说 你 父亲 的 理论 吗 ？ ”,人物关系/亲属关系/血亲/自然血亲/子女/儿子
谢培东,谢木兰,徐铁 英突 闯 金库 ， 指认 崔中 石 和 谢培东 都 是 共产党 ， 甚至 说 谢木兰 在 他 手上 ， 向 谢培东 逼要 账册 ， 反 被 谢培东 一道 锁 在 金库 。,人物关系/亲属关系/血亲/自然血亲/子女/女儿
岳不群,岳灵珊,书中 说 是 林平之 比较 像 岳不群 ， 岳灵珊 崇敬 她 父亲 ， 同样 稳重 ， 虚伪 ， 所以 移情别恋 。 ”,人物关系/亲属关系/血亲/自然血亲/子女/女儿
周天娜,周佳纳,周英华 甚少 在 公众 场合 表达 对 自己 家族 的 看法 ， 包括 爱女 周佳纳 的 母亲 周天娜 。,人物关系/亲属关系/血亲/自然血亲/子女/女儿
吴老狗,吴邪,吴老狗 ， 小说 《 盗墓 笔记 》 系列 中 的 人物 ， 主人公 吴邪 的 爷爷 和 吴三省 的 爸爸 ， 长沙 盗墓 老 九门 第五家 。,人物关系/亲属关系/血亲/自然血亲/孙子女/孙子
吴老狗,吴邪,吴老狗 ， 《 盗墓 笔记 》 中 的 人物 ， 主人公 吴邪 的 爷爷 ， 长沙 盗墓 老 九门 之一 ， 平 三门 ， 吴家 第一代 掌门人 。,人物关系/亲属关系/血亲/自然血亲/孙子女/孙子
耿仲明,耿精忠,耿精忠 人物 生平 : 耿精忠 袭承 王爵 : 耿精忠 为 耿仲明 之孙 、 耿继茂 的 长子 ， 清初 三 大汉 人 藩王 之一 。,人物关系/亲属关系/血亲/自然血亲/孙子女/孙子
霍仙姑,霍秀秀,霍仙姑 ： 霍秀秀 的 奶奶 ， 霍玲 的 母亲 。,人物关系/亲属关系/血亲/自然血亲/孙子女/孙女
刘咏尧,刘若英,刘若英 出身 军人 世家 ， 其 祖父 刘咏尧 毕业 于 黄埔军校 一期 ， 陆军 四星 上将 退役 ， 刘父 则 是 海军 舰长 退役 。,人物关系/亲属关系/血亲/自然血亲/孙子女/孙女
霍仙姑,霍秀秀,霍仙姑 地位 : 老 九门 第七家 ， 霍玲 的 妈妈 ， 霍秀秀 的 奶奶 。,人物关系/亲属关系/血亲/自然血亲/孙子女/孙女
祖丁,沃甲,祖丁 死后 ， 祖丁 叔父 商王 沃甲 之子 南庚 继承 王位 。,人物关系/亲属关系/血亲/自然血亲/叔伯姑舅姨/叔伯
曹安民,曹操,曹安民 历史 结局 : 曹安民 在 此次 战争 中 丧命 后 ， 曹操 并 没有 为 他 的 祭奠 大做文章 ， 而 在 祭奠 典韦 的 时候 却 大为 恸哭 。,人物关系/亲属关系/血亲/自然血亲/叔伯姑舅姨/叔伯
曹安民,曹操,曹操 的 爱将 典韦 ， 长子 曹昂 ， 侄子 曹安民 在 此次 战争 中 丧命 。,人物关系/亲属关系/血亲/自然血亲/叔伯姑舅姨/叔伯
羊欣,王献之,书法家 王献之 在 羊欣 的 新 白丝裙 上 作书 ， 羊欣 视为 珍宝 ， 学习 揣摩 ， 书法 大进 。,人物关系/亲属关系/血亲/自然血亲/叔伯姑舅姨/舅舅
欧阳建,石崇,赵王伦 下令 捉拿 石崇 、 潘岳 、 欧阳建 。,人物关系/亲属关系/血亲/自然血亲/叔伯姑舅姨/舅舅
欧阳建,石崇,崇有 爱妾 名 绿珠 ， 孙秀 派 索求 ， 石崇 不 与 ， 孙秀 大怒 ， 劝 赵王伦 趁机 杀 石崇 与 欧阳建 。,人物关系/亲属关系/血亲/自然血亲/叔伯姑舅姨/舅舅
董重,董太后,董重 自杀 ， 董太后 随之 忧惧 而 死 。,人物关系/亲属关系/血亲/自然血亲/叔伯姑舅姨/姑妈
董重,董太后,次日 设朝 ， 董太后 降旨 ， 封 皇子 协为 陈留王 ， 董重 为 骠骑 将军 ， 张让 等 共预 朝政 。,人物关系/亲属关系/血亲/自然血亲/叔伯姑舅姨/姑妈
霍秀秀,霍玲,霍仙姑 地位 : 老 九门 第七家 ， 霍锦惜 的 侄女 ， 霍玲 的 妈妈 ， 霍秀秀 的 奶奶 。,人物关系/亲属关系/血亲/自然血亲/叔伯姑舅姨/姑妈
毛亨,毛苌,一说 ， 大 毛公 是 毛亨 ， 小毛 公是 毛苌 。,人物关系/亲属关系/血亲/自然血亲/侄甥/侄子
毛亨,毛苌,32 ． 《 毛诗 的 传承者 — — 毛亨 毛苌 》 （ 第一 作者 ） ， 收入 《 影响 中国 历史进程 的 河北 文化名人 》 ， 河北大学 出版社 2006 年 12 月,人物关系/亲属关系/血亲/自然血亲/侄甥/侄子
毛亨,毛苌,至于 现在 流传 的 诗经 ， 则 是 毛公 （ 大 毛公 ： 毛亨 ， 小毛 公 ： 毛苌 ） 所传 的 毛诗 。,人物关系/亲属关系/血亲/自然血亲/侄甥/侄子
韩北旷,韩菱纱,韩北旷 人物 对话 : 韩菱纱 ： … …,人物关系/亲属关系/血亲/自然血亲/侄甥/侄女
邢德全,邢岫烟,抄家 之后 ， 贾珍 、 尤氏 、 邢岫烟 、 贾赦 、 邢德全 被 发配 。,人物关系/亲属关系/血亲/自然血亲/侄甥/侄女
白浅,凤九,"于 狐狸 洞 服侍 白浅 , 曾 暗恋 凤九 。",人物关系/亲属关系/血亲/自然血亲/侄甥/侄女
陆乘风,程瑶迦,陆冠英 是 金庸 小说 《 射雕 英雄传 》 和 《 神雕侠侣 》 中 的 人物 ， 归云庄 的 少 庄主 ， 黄药师 弟子 陆乘风 的 独生子 ， 后来 与 程瑶迦 结为 夫妻 。,人物关系/亲属关系/姻亲/血亲的配偶/子女的配偶/儿媳
陆乘风,程瑶迦,有 一子 陆冠英 ， 娶 全真 派 孙不二 之徒 程瑶迦 为妻 ， 武学 师从 父亲 陆乘风 ， 善 腿法 。,人物关系/亲属关系/姻亲/血亲的配偶/子女的配偶/儿媳
萧玉翎,花晓霜,此后 ， 萧冷 为了 让 萧玉翎 还俗 ， 设计 掳来 梁萧 ， 花晓霜 。,人物关系/亲属关系/姻亲/血亲的配偶/子女的配偶/儿媳
任我行,令狐冲,平一指 ： 庸医 一个 ， 令狐冲 ， 任我行 内伤 治不好 ， 三尸 脑神 丹毒 解 不了 。,人物关系/亲属关系/姻亲/血亲的配偶/子女的配偶/女婿
任我行,令狐冲,"徐克 让 任我行 对 令狐冲 说 ： 人心 就是 江湖 ， 你 怎么 退出 ？ """,人物关系/亲属关系/姻亲/血亲的配偶/子女的配偶/女婿
曹豹,吕布,吕布 利用 张飞 和 曹豹 的 矛盾 ， 出兵 占领 徐州 ， 反客为主 。,人物关系/亲属关系/姻亲/血亲的配偶/子女的配偶/女婿
莫小贝,佟湘玉,朋友 ： 佟湘玉 白展堂 莫小贝 郭芙蓉 吕轻侯 祝无双 燕小六 李大嘴 还有 一群 酒肉朋友,人物关系/亲属关系/姻亲/血亲的配偶/兄弟姐妹的配偶/嫂子
薛金莲,樊梨花,《 薛丁山 与 樊梨花 》 饰 窦一虎 ， 搭档 ： 薛金莲 （ 青蓉饰 ） ， 杨丽花 饰 薛丁山 ， 许秀年 饰 樊梨花 。,人物关系/亲属关系/姻亲/血亲的配偶/兄弟姐妹的配偶/嫂子
石无痕,苏幻儿,在 一番 命运 的 考验 以及 苏幻儿 的 戏点 鸳鸯 下 ， 最后 终与 石无痕 喜结良缘 。,人物关系/亲属关系/姻亲/血亲的配偶/兄弟姐妹的配偶/嫂子
黄睿靓,陈水扁,黄睿靓 愚弄 公众 : 陈致中 、 黄睿靓 夫妇 回 台湾 ， 陈水扁 总统 确定 不会 当 美国 人 的 阿公 ， 让 朝野 全 傻了眼 ， 媒体 更 像 被 掴 了 一巴掌 。,人物关系/亲属关系/姻亲/配偶的血亲/配偶的父母/公公
谢月镜,王恭,王愔 之 ， 王恭 子 ， 娶 谢重 女 谢月镜,人物关系/亲属关系/姻亲/配偶的血亲/配偶的父母/公公
乐颜,宁昊天,剧中 由 李易 峰 饰演 宁府 大少爷 宁致远 ， 与 乐颜 （ 唐嫣饰 ） 相爱 ， 是 宁昊天 （ 张智尧 饰 ） 的 儿子 。,人物关系/亲属关系/姻亲/配偶的血亲/配偶的父母/公公
郭靖,黄药师,后来 郭靖 遇上 江南七怪 ， 提起 华筝 亲事 ， 得知 黄蓉 为 黄药师 之女 骂 其 为 妖女 ， 这时 黄蓉 骑 郭靖 小红马 带走 了 郭靖 。,人物关系/亲属关系/姻亲/配偶的血亲/配偶的父母/岳父
殷梨亭,杨逍,"当初 纪晓芙 和 殷梨亭 先有 婚约 , 后 遇上 杨逍 , 纪晓芙 被 杨逍 拘禁 而强 使 她 怀孕 , 只得 暗中 生 下 杨不悔 。",人物关系/亲属关系/姻亲/配偶的血亲/配偶的父母/岳父
高则,夏侯杰,回到 真 定县 的 子龙到 李全 的 坟 前 进行 祭拜 ， 却 遇到 了 听信 高则 谗言 ， 在 坟 前 守株待兔 的 夏侯杰 。,人物关系/亲属关系/姻亲/配偶的血亲/配偶的父母/岳父
苏蓉蓉,楚留香,楚留香 瞧 了 瞧 苏蓉蓉 ， 道 ： 「 跟你走 ？,人物关系/社交关系/友谊关系/朋友
孙策,周瑜,孙策 自己 纳大乔 ， 周瑜 纳小乔 。,人物关系/社交关系/友谊关系/朋友
孙策,周瑜,一句 话 逗 得 众人 哄堂大笑 ， 孙策 倒 没 感到 怎样 ， 周瑜 却 颇为 尴尬 。,人物关系/社交关系/友谊关系/朋友
段承轩,苏橙,2015 年 07 月 上旬 ， 星娱 总裁 段承轩 为 其 成立 苏橙 工作室 ， 为 应付 繁多 绯闻 。,人物关系/社交关系/感情关系/喜欢
方如沁,欧阳少恭,另外 ， 欧阳少恭 与 蓬莱 国 公主 巽芳 以及 方如沁 之间 ， 也 有着 错综复杂 的 感情纠葛 。,人物关系/社交关系/感情关系/喜欢
林朝英,王重阳,最终 林朝英 和 王重阳 打赌 ， 石头 上刻 几个 字 ， 如 胜过 王重阳 ， 逼 他 在 出家 为 道士 与 跟 她 一起 在 古墓 中 长相 厮守 之间 作一 选择 。,人物关系/社交关系/感情关系/喜欢
方达生,陈白露,然而 ， 方达生 的 劝说 ， 对 陈白露 毕竟 还是 有所 触动 。,人物关系/社交关系/感情关系/恋人
高俅,宋江,蔡京 、 童贯 、 高俅 、 杨戬 4 大 奸臣 待 宋江 等 封官 之后 ， 他们 设计 用 水银 害 了 卢俊义 ， 用 毒药 掺入 御 酒药 毒死 了 宋江 和 李逵 。,人物关系/社交关系/感情关系/恋人
唐雨柔,姜云凡,二十年 后 ， 唐雨柔 在 上苍 木山 摘 凤鸣 草时 遇到 魔猿 袭击 ， 恰巧 被 姜云凡 所救 。,人物关系/社交关系/感情关系/恋人
袁家骝,袁世凯,5 家庭成员 : 父亲 吴仲裔 ， 其 丈夫 是 华裔 美国 物理学家 袁家骝 ， 袁世凯 次子 袁克文 的 儿子 。,人物关系/亲属关系/血亲/自然血亲/祖父母/爷爷
孙治平,孙中山,孙国雄 名人 简介 : 孙国雄 ， 1943 年出 生于 美国 ， 孙中山 家族 世系表 曾祖父 孙中山 ， 祖父 孙科 ， 父亲 孙治平 。,人物关系/亲属关系/血亲/自然血亲/祖父母/爷爷
曹琬,曹操,除 袭爵 的 曹抗 外 ， 曹均 还有 一 子 曹琬 ， 出继 曹操 的 长子 曹昂 。,人物关系/亲属关系/血亲/自然血亲/祖父母/爷爷
贾元春,贾母,/ 5121 . 贾元春 判词 中 的 不解之谜 / 5222 . 贾母 在 贾府中 占有 什么样 的 地位 ？,人物关系/亲属关系/血亲/自然血亲/祖父母/奶奶
白阿绣,史小翠,随后 众人 离开 后 石破天 也 找 不到 史小翠 、 白阿绣 ， 便 也 乘船 离开 紫烟 岛 。,人物关系/亲属关系/血亲/自然血亲/祖父母/奶奶
白阿绣,史小翠,石中玉 强奸 白阿绣 未遂 事件 爆发 后 ， 史小翠 和 白自在 发生 口角 ， 史小翠 被 打 了 一记 耳光 ， 愤怒 离去 ， 在 雪山 下 救起 自杀未遂 的 白阿绣 。,人物关系/亲属关系/血亲/自然血亲/祖父母/奶奶
罗茜茜,毕大千,“ 虎妈 ” 毕胜男 延续 了 他 父亲 的 “ 优良传统 ” ， 对 女儿 罗茜茜 同样 也 采取 了 严苛 的 教育 ， 而 在 毕胜男 实施 育女 计划 的 背后 ， 时常 能 看到 父亲 毕大千 的 影子 。,人物关系/亲属关系/血亲/自然血亲/外祖父母/外公
李坏,上官金虹,原名 李善 ， 因为 他 命运 实在 太坏 了 ， 所以 叫 李坏 ， 是 小 李飞 刀 的 传人 ， 李寻 欢 的 孙儿 ， 为 李曼青 与 上官金虹 女儿 的 私生子 。,人物关系/亲属关系/血亲/自然血亲/外祖父母/外公
宋一国,金斗汉,金斗汉 [ 1 - 2 ] 的 外孙 、 也 就是 金乙东 的 儿子 ， 就是 韩国 当红 艺人 宋一国 。,人物关系/亲属关系/血亲/自然血亲/外祖父母/外公
