罗成,秦琼,秦琼 别传 06 心 计数 罗成,人物关系/亲属关系/血亲/自然血亲/兄弟姐妹/哥哥
伍天锡,伍云召,后来 ， 在 江南 四明山 ， 与 雄阔海 、 伍云召 、 伍天锡 大战 ， 破 之 ； 再 与 裴元庆 大战 ， 因 力竭 而败 。,人物关系/亲属关系/血亲/自然血亲/兄弟姐妹/哥哥
艾欧里亚,艾俄洛斯,除 水神 猎神组 （ 封印 的 伊立安 ） 为 强制 撒加 、 加隆 、 艾俄洛斯 、 艾欧里亚 上场 战斗 ， 其余 均 可 自由 组队 。,人物关系/亲属关系/血亲/自然血亲/兄弟姐妹/哥哥
曾国潢,曾国藩,曾国藩 咸丰 十年 十二月 二十四日 写给 四弟 曾国潢 的 家书,人物关系/亲属关系/血亲/自然血亲/兄弟姐妹/哥哥
周武,周文,1 人物 生平 : 早年 经历 : 管叔鲜 是 周文 王姬 昌 第五 子 ， 周武 王姬 发 的 同母 弟弟 。,人物关系/亲属关系/血亲/自然血亲/兄弟姐妹/哥哥
程万牛,程铁牛,罗通 扫北 程万牛 和 程铁牛 同 为 先锋 ， 征东 又 参加 了 二路 讨伐 军 ， 一直 没有 立 什么 功劳 。,人物关系/亲属关系/血亲/自然血亲/兄弟姐妹/哥哥
毛泽民,毛泽东,但 毛泽东 常年 在外 ， 小弟 毛泽覃 也 在 长沙 求学 ， 毛泽民 便成 了 事实上 的 户主 。,人物关系/亲属关系/血亲/自然血亲/兄弟姐妹/哥哥
武修文,武敦儒,第一章 介绍 ： 那 摔破 额角 的 叫做 武敦儒 ， 是 哥哥 ， 弟弟 叫做 武修文 。,人物关系/亲属关系/血亲/自然血亲/兄弟姐妹/哥哥
鲁西西,皮皮鲁,在 中国 大陆 ， 30 岁 以下 的 人 不 知道 皮皮鲁 、 鲁西西 、 舒克和贝塔 的 已经 不 多 。,人物关系/亲属关系/血亲/自然血亲/兄弟姐妹/哥哥
汤镇业,汤镇宗,《 王者 清风 》 主演 ： 何晟铭 蒋梦婕 汤镇宗 汤镇业 导演 ： 何澍培,人物关系/亲属关系/血亲/自然血亲/兄弟姐妹/哥哥
周武,周文,薛仁贵 化装 成 樵夫 ， 混入 摩天岭 ， 策反 了 前山 守 将 周文 周武 兄弟 ， 杀 上山 去 。,人物关系/亲属关系/血亲/自然血亲/兄弟姐妹/哥哥
周武,周文,10 . 周公 ： 姓姬 ， 名旦 ， 周文 王之子 ， 周武 王之弟 ， 西周 初 政治家 ， 相传 周朝 的 典章制度 都 是 他 制定 的 。,人物关系/亲属关系/血亲/自然血亲/兄弟姐妹/哥哥
王缙,王维,唐代宗 曾誉 之 为 “ 天下 文宗 ” （ 《 答 王缙 进 王维 集表 诏 》 ） 。,人物关系/亲属关系/血亲/自然血亲/兄弟姐妹/哥哥
周武,周文,周文 王 享年 九 十七岁 、 周武 王 享年 九十三岁 ， 周穆王 在位 一百年 ， 此时 佛法 也 没有 传入 中国 。,人物关系/亲属关系/血亲/自然血亲/兄弟姐妹/哥哥
张学思,张学良,"张学铭 ( 左 ) 和 张学良 ( 中 ) , 张学思 ( 右 )",人物关系/亲属关系/血亲/自然血亲/兄弟姐妹/哥哥
洪敬尧,洪荣宏,《 爱 常常 喜乐 》 演唱 ： 洪荣宏 ． 洪敬尧 ． 王力宏 ． 周华健 ． 伍思凯,人物关系/亲属关系/血亲/自然血亲/兄弟姐妹/哥哥
孙家碧,马元贽,遭遇 ： 多年 后 ， 万 将军 已贵 为 马元贽 的 得力助手 ， 更 因功 携妻 孙家碧 入宫 受赏 。,人物关系/亲属关系/血亲/自然血亲/兄弟姐妹/哥哥
罗成,秦琼,徐茂 公派 王伯党 ， 谢映 登 ， 任 警司 ， 铁子 健带 着 徐和 秦琼 的 书信 去 北平 府 请 罗成 。,人物关系/亲属关系/血亲/自然血亲/兄弟姐妹/哥哥
孟优,孟获,孟优 ： 孟获 弟弟 ， 可以 与 战马 融为一体 。,人物关系/亲属关系/血亲/自然血亲/兄弟姐妹/哥哥
龙幽,龙溟,官方 宣传 · 龙幽 小蛮 篇 截图 龙溟 （ 老哥 ）,人物关系/亲属关系/血亲/自然血亲/兄弟姐妹/哥哥
罗成,秦琼,姜桂芝 一度 灰心 ， 只 当作 罗艺 已经 不 在 人世 ， 她 哪里 知道 ， 群雄 聚义 的 瓦岗寨 上 ， 罗艺 已经 娶 了 秦琼 的 姑姑 ， 生下 了 罗成 。,人物关系/亲属关系/血亲/自然血亲/兄弟姐妹/哥哥
鲁西西,皮皮鲁,1 内容梗概 : 皮皮鲁 、 鲁西西 和 舒克 贝塔 打扑克 的 时候 发现 少 了 一张 红桃 K 。,人物关系/亲属关系/血亲/自然血亲/兄弟姐妹/哥哥
毛岸龙,毛岸青,当时 与 他 同住 在 这里 的 有 他 的 夫人 杨开慧 及 儿子 毛岸英 、 毛岸青 、 毛岸龙 。,人物关系/亲属关系/血亲/自然血亲/兄弟姐妹/哥哥
蔡壎,蔡瑁,蔡瑁 令弟 蔡壎 前进 。,人物关系/亲属关系/血亲/自然血亲/兄弟姐妹/哥哥
毛泽民,毛泽东,周彬 就是 这种 人 ， 他 是 毛泽东 的 弟弟 毛泽民 。 ”,人物关系/亲属关系/血亲/自然血亲/兄弟姐妹/哥哥
李蔡,李广,李妍 觉得 李敢 是 一步 好棋 ， 因为 “ 李氏家族 从 汉高祖 时代 就是 朝廷 重臣 ， 早有 名将 广武君 李左车 ， 今有 安乐 侯 李蔡 和 飞将军 李广 ” 。,人物关系/亲属关系/血亲/自然血亲/兄弟姐妹/哥哥
毛泽建,毛泽东,“ 不 革命 就 没有 别的 路可 走 ” — — 毛泽东 与 毛泽建,人物关系/亲属关系/血亲/自然血亲/兄弟姐妹/哥哥
唐继虞,唐继尧,此外 ， 唐继尧 、 唐继虞 兄弟 对 国民政府 的 反抗 态度 也 加剧 了 不满 。,人物关系/亲属关系/血亲/自然血亲/兄弟姐妹/哥哥
周武,周文,人物 生平 : 早年 经历 : 管叔鲜 是 周文 王姬 昌 第五 子 ， 周武 王姬 发 的 同母 弟弟 。,人物关系/亲属关系/血亲/自然血亲/兄弟姐妹/哥哥
张顺,张横,三 阮 、 张顺 救 张横 ， 阮小七 中伏 被俘 。,人物关系/亲属关系/血亲/自然血亲/兄弟姐妹/哥哥
李偲菘,李伟菘,此张 专辑 是 由 包小柏 、 李偲菘 、 李伟菘 、 陈伟 、 陈子鸿 ， 共同完成 的 。,人物关系/亲属关系/血亲/自然血亲/兄弟姐妹/哥哥
金敬姬,金正日,小池 百合 子 写道 ： “ 金正日 对 唯一 胞妹 金敬姬 信任 有加 。,人物关系/亲属关系/血亲/自然血亲/兄弟姐妹/哥哥
罗成,秦琼,"王世充 传旨 将 金亭馆 改为 三贤 馆 , 让 秦琼 、 罗成 、 程咬金 及其 家眷 住 下 , 每日 里 殷勤 招待 , 奉 为 贵宾 。",人物关系/亲属关系/血亲/自然血亲/兄弟姐妹/哥哥
李偲菘,李伟菘,作曲 ： 李伟菘 、 李偲菘 演唱 ： 萧 骊珠 绝代 双雄 片尾曲 : 萧 孋 珠 - 独上 西楼,人物关系/亲属关系/血亲/自然血亲/兄弟姐妹/哥哥
王缙,王维,同 王昌龄 裴迪 游 青龙寺 昙 壁上 人兄院 集 和 兄维 作者简介 : 王缙 （ 702 年 — 781 年 ） ， 字夏卿 ， 与 兄 王维 早 以 文翰 著名 。,人物关系/亲属关系/血亲/自然血亲/兄弟姐妹/哥哥
冯永祥,冯永发,先读 于 冯永祥 左一 ， 冯永发 右一 香港大学 ， 后 赴 加拿大 留学 深造 。,人物关系/亲属关系/血亲/自然血亲/兄弟姐妹/哥哥
伍天锡,伍云召,实力 在 伍天锡 之下 罗成 之上 ） （ 韩擒虎 能 挡 伍云召 十余 合 ， 与 魏文通 相当 ）,人物关系/亲属关系/血亲/自然血亲/兄弟姐妹/哥哥
鲁西西,皮皮鲁,其 代表作 有 《 童话 大王 》 《 舒克和贝塔 》 《 皮皮鲁 和 鲁西西 》 《 魔方 大厦 》,人物关系/亲属关系/血亲/自然血亲/兄弟姐妹/哥哥
杨婵,杨戬,中国 古代 神话 中 的 瑶姬 与 杨戬 、 杨婵 、 杨天佑 、 杨蛟 等 无关 ， 上述 身份 为 电视剧 篡改 。,人物关系/亲属关系/血亲/自然血亲/兄弟姐妹/哥哥
毛泽民,毛泽东,在 享受 伯父 毛泽东 慈父 般 关爱 的 同时 ， 毛远志 无时 不 在 思念 自己 的 父亲 毛泽民 ： 父亲 走得 太早 了 ， 女儿 希望 能 了解 他 。,人物关系/亲属关系/血亲/自然血亲/兄弟姐妹/哥哥
鲁西西,皮皮鲁,他 笔下 的 皮皮鲁 、 鲁西西 和 罗克 ， 舒克 贝塔 影响 了 中国 三代 的 孩子 。,人物关系/亲属关系/血亲/自然血亲/兄弟姐妹/哥哥
张顺,张横,天色已晚 ， 张顺送 了 鱼 ， 宋江 取出 张横 书 付与 张顺 ， 相 别去了 、 宋江 又 取出 五十两一锭 付与 李逵 ， 道 ： “ 兄弟 ， 你 将 去 使用 。 ”,人物关系/亲属关系/血亲/自然血亲/兄弟姐妹/哥哥
罗成,秦琼,罗成 角色 经历 : 罗成 秦琼 和 罗成 : 秦琼 不 喜欢 罗成 ， 不是 因为 嫉妒 罗成 的 才能 。,人物关系/亲属关系/血亲/自然血亲/兄弟姐妹/哥哥
周瑾,周瑜,周瑾 人物 介绍 : 周瑜 妹妹 ， 因想 为 哥哥 负担 起 家族 重任 而 使用 留青 梳 变成 男儿身 ， 一直 瑾 与 策 ( 4 张 ),人物关系/亲属关系/血亲/自然血亲/兄弟姐妹/哥哥
刘晴,刘醒,刘醒 因此 寄情 白鸽 标 ， 希望 中得 大 悬彩 可以 医好 刘晴 ， 赢回 冬妮 的 欢心 。,人物关系/亲属关系/血亲/自然血亲/兄弟姐妹/哥哥
李偲菘,李伟菘,2012 年 李偲菘 、 李伟菘 《 我们 的 故事 》 音乐 分享 会 演唱 嘉宾 。,人物关系/亲属关系/血亲/自然血亲/兄弟姐妹/哥哥
平和岛幽,平和岛静雄,平和岛幽 人物 设定 : 平和岛静雄 的 弟弟 。,人物关系/亲属关系/血亲/自然血亲/兄弟姐妹/哥哥
吕祖俭,吕祖谦,至 淳熙 八年 （ 1181 ） 8 月 ， 吕祖谦 谢世 ， 丽泽书堂 便 由其弟 吕祖俭 主持 。,人物关系/亲属关系/血亲/自然血亲/兄弟姐妹/哥哥
平阳君,赵惠文王,赵惠文王 ( 赵何 ) 安阳 君 ( 赵章 ) 平阳君 ( 赵豹 ) 平原君 ( 赵胜 ) … … … … … … … … … … …,人物关系/亲属关系/血亲/自然血亲/兄弟姐妹/哥哥
王缙,王维,李邕 集评 : 李邕 唐 宋时 期 : 唐 窦蒙 ： 时议 云 ： “ 论诗 则 曰 王维 、 崔颢 ； 论笔 则 王缙 李邕 端州 石室 记 、 李邕 ； 祖咏 、 张 说不得 预焉 。 ”,人物关系/亲属关系/血亲/自然血亲/兄弟姐妹/哥哥
冯国纶,冯国经,冯国纶 冯国经,人物关系/亲属关系/血亲/自然血亲/兄弟姐妹/哥哥
周武,周文,1 人物 生平 : 兄弟 十人 : 曹叔振铎 曹叔振铎 ， 姬姓 ， 名振铎 ， 是 周文 王姬 昌 第六 子 ， 周武 王姬 发 的 同母 弟弟 。,人物关系/亲属关系/血亲/自然血亲/兄弟姐妹/哥哥
贾源,贾演,( 注释 ： 贾演 、 贾源 之 父 ， 书中 未 交代 其名 ， 今以 “ 贾 太公 ” 代之 ， 不 称呼 他 为 “ 贾公 ” ， 是因为 贾母 的 丈夫 贾代善 世称 “ 贾公 ” ),人物关系/亲属关系/血亲/自然血亲/兄弟姐妹/哥哥
张顺,张横,揭阳 镇 的 李俊 、 李立 、 穆弘 、 穆春 、 张横 、 张顺 、 童威 、 童猛 ， 薛永 、 侯健 。,人物关系/亲属关系/血亲/自然血亲/兄弟姐妹/哥哥
武修文,武敦儒,武敦儒 、 武修文 二人 在 个性 上 没有 太多 的 亮点 。,人物关系/亲属关系/血亲/自然血亲/兄弟姐妹/哥哥
杨婵,杨戬,2 后事 : 只有 二 儿子 杨戬 带 着 妹妹 杨婵 九死一生 ， 逃 了 出来 。,人物关系/亲属关系/血亲/自然血亲/兄弟姐妹/哥哥
鲁西西,皮皮鲁,鲁西西 和 大 侦探 乔 麦皮 人物 介绍 : 皮皮鲁 他 学习成绩 不高 ， 不是 学校 老师 喜欢 的 那种 乖孩子 ， 但 他 心地善良 、 正义 勇敢 ， 身上 有 故事 。,人物关系/亲属关系/血亲/自然血亲/兄弟姐妹/哥哥
杨志刚,郭靖宇,郭靖宇 还是 演员 杨志刚 的 哥哥 ， 亲哥哥 。,人物关系/亲属关系/血亲/自然血亲/兄弟姐妹/哥哥
严舆,严白虎,严白虎 等 人 听说 以 勇力 闻名 的 严舆 被 孙策 杀死 ， 非常 惊恐 。,人物关系/亲属关系/血亲/自然血亲/兄弟姐妹/哥哥
张顺,张横,张顺 幽魂不散 ， 杭州 城破时 缠住 方天定 ， 一直 跟 到 五云 山脚下 ， 正好 遇到 张横 。,人物关系/亲属关系/血亲/自然血亲/兄弟姐妹/哥哥
武敦儒,武修文,杨过 ： 仅限于 与 对付 李莫愁 时 亲友 : 徒孙 ： 傻姑 （ 亲传 ） 武敦儒 、 武修文 、 陆冠英 、 郭 芙 、 郭襄 、 郭破虏 、 东邪 药师 派 门人,人物关系/亲属关系/血亲/自然血亲/兄弟姐妹/弟弟
柳承莞,柳承范,柳承范 会 出现 在 主演 名单 里 当然 不需 讶异 ， 作为 导演 的 兄弟 ， 他 已 是 柳承莞 作品 的 固定 班底 。,人物关系/亲属关系/血亲/自然血亲/兄弟姐妹/弟弟
武敦儒,武修文,武敦儒 、 武修文 的 名字 就 跟 “ 花铁干 ” 一样 ， 名字 不错 ， 可是 与 姓氏 冲突 。,人物关系/亲属关系/血亲/自然血亲/兄弟姐妹/弟弟
南宫敬叔,孟懿子,故 孟懿子 与 南宫敬叔 师事 仲尼 。,人物关系/亲属关系/血亲/自然血亲/兄弟姐妹/弟弟
贾元春,贾宝玉,第九十七回 贾宝玉 奉命 出远门 贾元春 赐 诏 结姻 眷,人物关系/亲属关系/血亲/自然血亲/兄弟姐妹/弟弟
南宫敬叔,孟懿子,与 泉 丘人 之 女生 孟懿子 和 南宫敬叔 。,人物关系/亲属关系/血亲/自然血亲/兄弟姐妹/弟弟
刘星,夏雨,《 拯救 精灵 》 夏雨 和 刘星 为了 把 流浪狗 养在 家里 ， 竟然 把 狗叫 说 咸是 自己 在 练 节目 ， 后来 流浪狗 造成 的 危害 ， 使 一家人 苦不堪言 。,人物关系/亲属关系/血亲/自然血亲/兄弟姐妹/弟弟
贾演,贾源,贾演 、 贾源 是 一母 同胞 弟兄 两个 。,人物关系/亲属关系/血亲/自然血亲/兄弟姐妹/弟弟
李瀚章,李鸿章,王徒心 《 续 汉口 丝谈 》 上 记载 ： “ 光绪 初 ， 合肥 李瀚章 （ 李鸿章 之兄 ） 督 湖广 ， 酷 嗜 此品 （ 按 ： 指 洪山 菜苔 ） ， 觅 种植 于 乡 ， 则 远 不及 。,人物关系/亲属关系/血亲/自然血亲/兄弟姐妹/弟弟
王中军,王中磊,制片人 ： 王中磊 出品人 ： 王中军,人物关系/亲属关系/血亲/自然血亲/兄弟姐妹/弟弟
刘星,夏雨,在 父亲 的 教育 下 ， 夏雪 、 刘星 、 夏雨 一起 认真 给 母亲 刘梅 洗 了 一回 脚 。,人物关系/亲属关系/血亲/自然血亲/兄弟姐妹/弟弟
蔡夫人,蔡瑁,刘表 个 蔡夫人 打算 将 刘琮 立 为 继承人 ， 而 蔡瑁 、 张允 则 为 其 党羽 。,人物关系/亲属关系/血亲/自然血亲/兄弟姐妹/弟弟
文媚儿,文韬,文韬 回去 将 一切 禀告 父亲 和 姐姐 ， 文章 和 文媚儿 大喜 。,人物关系/亲属关系/血亲/自然血亲/兄弟姐妹/弟弟
刘星,夏雨,夏雨 身份 ： 夏东海 的 小儿子 ， 夏雪 ， 刘星 之弟 。,人物关系/亲属关系/血亲/自然血亲/兄弟姐妹/弟弟
武敦儒,武修文,武修文 人物 评价 : 第一章 介绍 ： 那 摔破 额角 的 叫做 武敦儒 ， 是 哥哥 ， 弟弟 叫做 武修文 。,人物关系/亲属关系/血亲/自然血亲/兄弟姐妹/弟弟
李瀚章,李鸿章,李鸿章 做 湖广 总督 ， 不满 一年 ， 就 调任 直隶 总督 ， 接任 湖广 总督 的 是 他 的 哥哥 李瀚章 。,人物关系/亲属关系/血亲/自然血亲/兄弟姐妹/弟弟
刘星,夏雨,夏雨 把 半杯 牛奶 倒进 了 刘星 的 足球鞋 ， 刘星 回来 说 他 穿 了 那 有 牛奶 味 的 足球鞋 ， 把 自己 当成 了 贝克汉姆 ， 一人 独进 三球 ， 大胜 对方 。,人物关系/亲属关系/血亲/自然血亲/兄弟姐妹/弟弟
贾元春,贾宝玉,贾宝玉 原本 取意 院中 种有 海棠 和 芭蕉 ， 题 “ 红香绿 玉 ” ， 后 贾元春 省亲 时 ， 改作 “ 怡红 快绿 ” 。,人物关系/亲属关系/血亲/自然血亲/兄弟姐妹/弟弟
李瀚章,李鸿章,光绪 五年 （ 1879 ） ， 也 就是 曾国藩 死后 7 年 ， 传忠 书局 刻印 了 由 李瀚章 、 李鸿章 编校 的 《 曾文正公 家书 》 。,人物关系/亲属关系/血亲/自然血亲/兄弟姐妹/弟弟
南宫敬叔,孟懿子,34 岁 ： 公元前 518 年 （ 鲁昭公 二十四年 ） 孟懿子 和 南宫敬叔 学礼于 孔子 。,人物关系/亲属关系/血亲/自然血亲/兄弟姐妹/弟弟
梁麟,梁钟铭,2001 年 6 月 22 日 ， 梁麟 胞弟 、 龙昌 董事 经理 梁钟铭 。,人物关系/亲属关系/血亲/自然血亲/兄弟姐妹/弟弟
李瀚章,李鸿章,著名 洋务派 重臣 李鸿章 的 大哥 李瀚章 还 上演 了 一场 “ 刮地皮 ” 的 闹剧 。,人物关系/亲属关系/血亲/自然血亲/兄弟姐妹/弟弟
柳承莞,柳承范,导演 柳承莞 ， 演员 柳承范 ， 这 对 “ 兄弟 双星 ” 在 忠 武路 的 名堂 越 打 越响 ， 而且 风格 各有千秋 ， 两人 的 前途 被 圈内 的 人士 普遍 看好 。,人物关系/亲属关系/血亲/自然血亲/兄弟姐妹/弟弟
武敦儒,武修文,大武 是 指 武敦儒 ， 小武 是 指 武修文 。,人物关系/亲属关系/血亲/自然血亲/兄弟姐妹/弟弟
季布,季心,季布 的 弟弟 季心 也好 任侠 ， 方圆 千里 的士 争着 为 他 而 死 ， 当地 的 少年 经常 借 他 的 名义 行侠 ， 在 当时 ， 季心 以勇 ， 季布 以诺 闻名 关中 。,人物关系/亲属关系/血亲/自然血亲/兄弟姐妹/弟弟
叶志成,叶子轩,为 叶容 先生 女儿 、 叶志成 先生 及 叶子轩 先生 之 姊妹 。,人物关系/亲属关系/血亲/自然血亲/兄弟姐妹/弟弟
蔡夫人,蔡瑁,本集 叙 荆州 刘表 死后 ， 蔡夫人 与 蔡瑁 伪造 遗嘱 ， 立 了 次 子刘琮 继任 荆州 太守 ， 曹操 大军 进攻 荆州 ， 蔡夫人 献城 投降 。,人物关系/亲属关系/血亲/自然血亲/兄弟姐妹/弟弟
李瀚章,李鸿章,上方 高悬 着 五方 横匾 ， 正中 匾额 上 的 “ 色正芒 寒 ” 四个 大字 ， 为 李鸿章 之兄 李瀚章 所题 。,人物关系/亲属关系/血亲/自然血亲/兄弟姐妹/弟弟
汤镇宗,汤镇业,丹南 除了 与 众多 知名 影星 如 钟丽缇 、 汤灿 、 汤镇宗 、 汤镇业 等 合作 外 ， 也 同 众多 优秀 的 制片人 、 导演 如 刘桐生 、 蔡德成 有着 密切 的 合作 。,人物关系/亲属关系/血亲/自然血亲/兄弟姐妹/弟弟
习乾平,习近平,习乾平 ， 女 ， 是 无产阶级 革命家 、 政治家 、 原 党和国家 领导人 习仲勋 之女 ， 是 党和国家 最高 领导人 习近平 的 同父异母 的 姐姐 。,人物关系/亲属关系/血亲/自然血亲/兄弟姐妹/弟弟
华莲青,华罗庚,与 弟弟 华罗庚 相比 ， 华莲青 的 一生 谈不上 成就 ， 但 能够 像 她 那样 ， 为了 弟弟 的 事业 付出 那么 多 ， 也 是 一个 值得 怀念 的 人 。,人物关系/亲属关系/血亲/自然血亲/兄弟姐妹/弟弟
南宫敬叔,孟懿子,等到 孟厘子 死 后 ， 孟懿子 和 鲁国 人 南宫敬叔 便 前往 孔子 处学礼 。,人物关系/亲属关系/血亲/自然血亲/兄弟姐妹/弟弟
严贡生,严监生,"《 严监生 和 严贡生 》 ： “ 知县 准 了 状子 , 发房 出 了 差 来到 严家 。 ”",人物关系/亲属关系/血亲/自然血亲/兄弟姐妹/弟弟
常赫志,常伯志,《 飞狐 外传 》 中有 双生 兄弟 三对 ： 倪不大 、 倪不小 ， 常赫志 、 常伯志 ， 马春花 和 福康安 所生 的 一对 双生子 。,人物关系/亲属关系/血亲/自然血亲/兄弟姐妹/弟弟
田猛,田虎,蚩尤 堂堂 主 田虎 为 人 冲动 ， 一 见到 兄长 田猛 的 尸身 便 断定 是 出现 在 现场 又 急忙 逃走 的 盖聂 、 卫庄 所 为 ， 欲集 农家 上下 之力 杀死 二人 。,人物关系/亲属关系/血亲/自然血亲/兄弟姐妹/弟弟
李瀚章,李鸿章,李瀚章 怂恿 张荫桓 出面 ， 打着 繁荣 芜湖 商埠 的 旗号 ， 向 李鸿章 献策 ， 依靠 朝廷 的 力量 ， 令 镇江 米市 迁至 芜湖 。,人物关系/亲属关系/血亲/自然血亲/兄弟姐妹/弟弟
武敦儒,武修文,有二子 武敦儒 、 武修文 ， 妻子 武三娘 ， 义女 何沅君 。,人物关系/亲属关系/血亲/自然血亲/兄弟姐妹/弟弟
陆展元,陆立鼎,” 两 人均 想 ， 陆立鼎 虽然 籍 籍无名 ， 他 兄长 陆展元 、 何沅君 夫妇 却侠 名震于 江湖 ， 嘉兴 陆家庄 的 名头 在 武林中 向来 无人 小觑 。,人物关系/亲属关系/血亲/自然血亲/兄弟姐妹/弟弟
武敦儒,武修文,1237 年 二十九岁 靖 、 蓉 为 寻找 黄药师 ， 巧遇 武三通 之子 武敦儒 、 武修文 、 杨康之 子 杨过 。,人物关系/亲属关系/血亲/自然血亲/兄弟姐妹/弟弟
陆展元,陆立鼎,电视剧 版 的 陆展元 前期 经历 纯属虚构 ， 后期 经历 、 武功 等 都 是 按照 原著 中其弟 陆立鼎 来 改编 的 ， 并且 此处 严重 不 符合 逻辑 。,人物关系/亲属关系/血亲/自然血亲/兄弟姐妹/弟弟
张忠仁,张忠义,连体 双胞胎 切割 案例 : 1979 年 9 月 10 日 08 : 30 ， 台大医院 开始 进行 男性 三腿 坐骨 连体 双胞胎 张忠仁 、 张忠义 的 分割 手术 。,人物关系/亲属关系/血亲/自然血亲/兄弟姐妹/弟弟
张苞,张绍,因 张飞 的 长子 张苞 早夭 ， 爵位 由 其次 子 张绍 继承 。,人物关系/亲属关系/血亲/自然血亲/兄弟姐妹/弟弟
黄文烨,黄文炳,黄文炳 贴着 城住 ， 黄文烨 近 着 大街 。,人物关系/亲属关系/血亲/自然血亲/兄弟姐妹/弟弟
陈澄,陈清,陈澄 名著 《 西游记 》 中 的 人物 ， 车迟 国元 会县 陈家庄 人士 ， 有 一弟 陈清 。,人物关系/亲属关系/血亲/自然血亲/兄弟姐妹/弟弟
贾演,贾源,红楼 话 美食 序言 : 宁荣二 府 是 宁国公 贾演 和 荣国公 贾源 开创 的 基业 ， 至 贾宝玉 这 一代 已 历经 四世 。,人物关系/亲属关系/血亲/自然血亲/兄弟姐妹/弟弟
贾元春,贾宝玉,就 连 贾元春 一手 抚养 的 亲 弟弟 贾宝玉 ， 一个 未成年 的 孩子 ， 贾元春 没有 传命 ， 他 也 只能 站 在 室外 ， 所谓 “ 无谕 ， 外 男 不敢 擅入 ” 。,人物关系/亲属关系/血亲/自然血亲/兄弟姐妹/弟弟
张崇基,张崇德,香港 版本 ： 龙珠 （ 主唱 ： 张崇基 张崇德 ）,人物关系/亲属关系/血亲/自然血亲/兄弟姐妹/弟弟
李瀚章,李鸿章,还有 李鸿章 写 的 “ 春晖 永报 ” ， 李瀚章 写 的 “ 椿萱 永寿 ” 匾额 。,人物关系/亲属关系/血亲/自然血亲/兄弟姐妹/弟弟
李三思,李三省,李三思 与 一 富家 小姐 相恋 ， 为求 师父 为 其 提亲 ， 四处 盗宝 ， 其弟 李三省 则 与 铁掌 门 的 铁掌 飞凤 孙岚 在 余杭 成婚 。,人物关系/亲属关系/血亲/自然血亲/兄弟姐妹/弟弟
南宫敬叔,孟懿子,故 孟懿子 与 南宫敬叔 师事 仲尼 。 ）,人物关系/亲属关系/血亲/自然血亲/兄弟姐妹/弟弟
卫少儿,卫青,霍去病 的 母亲 是 卫青 的 姐姐 卫少儿 。,人物关系/亲属关系/血亲/自然血亲/兄弟姐妹/弟弟
张忠仁,张忠义,1 个人经历 : 1979 年 ， 连体婴 张忠仁 、 张忠义 兄弟 接受 分割 手术 重获 新生 ， 成为 亚洲 首例 。,人物关系/亲属关系/血亲/自然血亲/兄弟姐妹/弟弟
汤镇宗,汤镇业,伴 我 俪 人 演职员 表 : 伴 我 俪 人 演员表 : ◆ 主演 : 邱玉茹 汤镇宗 童玲 汤镇业 狄威 张国强 黄伟良 伴 我 俪 人 职员表 : ◆ 制片 : 赖汶星,人物关系/亲属关系/血亲/自然血亲/兄弟姐妹/弟弟
武敦儒,武修文,第一章 介绍 ： 那 摔破 额角 的 叫做 武敦儒 ， 是 哥哥 ， 弟弟 叫做 武修文 。,人物关系/亲属关系/血亲/自然血亲/兄弟姐妹/弟弟
季布,季心,本传除 记述 季布 、 栾布 二人 的 生平事迹 外 ， 还 记载 了 季心 和 丁公 的 事迹 。,人物关系/亲属关系/血亲/自然血亲/兄弟姐妹/弟弟
张豪龙,张柏文,跟 张仁勇 再 婚后 ， 育有 张柏芝 和 两个 弟弟 ： 张豪龙 与 张柏文 ， 之后 与 张仁勇 离婚 。,人物关系/亲属关系/血亲/自然血亲/兄弟姐妹/弟弟
常赫志,常伯志,常赫志 、 常伯志 在 天下 掌门人 大会 中 救人 ， 倏来 倏去 ， 神出鬼没 ， 在 《 书剑 》 中 就 没有 这样 精彩 片段 。,人物关系/亲属关系/血亲/自然血亲/兄弟姐妹/弟弟
汤镇宗,汤镇业,《 极致 情感 》 主演 丁宁 合作 演员 电视剧 《 福星 临门 》 饰演 虎子 剧照 韩会亮 汤镇宗 、 汤镇业 合作 导演 蒋少华,人物关系/亲属关系/血亲/自然血亲/兄弟姐妹/弟弟
石无痕,石无介,"在 苏幻儿 惊世骇俗 的 撮合 戏点 下 , 梁玉石 与 石无痕 渐生 情愫 , 而 色艺双绝 的 青楼女子 秦雨 秋 也 与 石无介 定情 一生 … …",人物关系/亲属关系/血亲/自然血亲/兄弟姐妹/弟弟
张崇基,张崇德,香港 曾于 1995 年 6 月 22 日 在 无线电视 翡翠台 《 闪电 传真机 》 节目 时段 内 首播 ， 粤语 主题曲 由 张崇基 、 张崇德 演唱 。,人物关系/亲属关系/血亲/自然血亲/兄弟姐妹/弟弟
陆无双,程英,杨过 等 人 来到 谷中后 ， 见到 被 程英 和 陆无双 与 李莫愁 正在 动手 ， 杨过 为 救 她们 又 中情 花毒 。,人物关系/亲属关系/血亲/自然血亲/兄弟姐妹/姐姐
俞明颐,俞明诗,俞明颐 的 大哥 是 俞明震 ， 姐姐 俞明诗 ( 1865 ～ 1923 ) ， 字麟洲 ， 自号 “ 神雪 馆主 ” 。,人物关系/亲属关系/血亲/自然血亲/兄弟姐妹/姐姐
西门雁,西门云,西门雁 到 咸阳 寻找 她 的 孪生 姐姐 西门云 ， 可 没想到 ， 被 册封 为 美人 的 姐姐 仅仅 因为 没有 按时 叫醒 秦始皇 就 被 赐死 。,人物关系/亲属关系/血亲/自然血亲/兄弟姐妹/姐姐
张豪龙,张柏芝,原来 ， 这位 名叫 张豪龙 的 香港 选手 ， 正是 在 香港 演艺圈 内 大名鼎鼎 的 张柏芝 的 弟弟 。,人物关系/亲属关系/血亲/自然血亲/兄弟姐妹/姐姐
文姜,宣姜,— — 春秋 之 宣姜 、 文姜,人物关系/亲属关系/血亲/自然血亲/兄弟姐妹/姐姐
赵合德,赵飞燕,公元前 45 年 赵飞燕 、 赵合德 出世 : 赵飞燕 、 赵合德 是 一对 双胞胎 的 姐妹花 ， 出 生于 公元前 45 年 。,人物关系/亲属关系/血亲/自然血亲/兄弟姐妹/姐姐
赵合德,赵飞燕,后来 听说 她 还有 一个 妹妹 赵合德 ， 长得 非常 漂亮 ， 又 温柔 多情 ， 连 赵飞燕 也 自愧不如 ， 便 下令 招入 宫中 ， 姐妹 “ 俱为 婕妤 ， 贵倾 后宫 ” 。,人物关系/亲属关系/血亲/自然血亲/兄弟姐妹/姐姐
陆无双,程英,性情 内敛 ， 武功 中 上 ， 表妹 陆无双 武功 低微 ， 牙 尖嘴利 ， 往往 因 自不量力 而 惹事生非 ， 得罪人 后 多 由 程英 替 她 收场 。,人物关系/亲属关系/血亲/自然血亲/兄弟姐妹/姐姐
贾午,贾南风,521 董承 522 董旻 523 董昭 524 董厥 525 董衡 526 董袭 527 虞翻 528 贾午 529 贾充 530 贾南风,人物关系/亲属关系/血亲/自然血亲/兄弟姐妹/姐姐
赵合德,赵飞燕,基本 信息 : 汉 赵飞燕 妹合德 ， 为 薄眉 ， 号 “ 远山 黛 ” ， 见伶玄 《 赵飞燕 外传 》 赵合德 。,人物关系/亲属关系/血亲/自然血亲/兄弟姐妹/姐姐
裴元庆,裴翠云,裴翠云 人物 经历 : 裴翠云 独身 进瓦岗 ， 要求 瓦岗 之 人为 裴元庆 治 好 眼睛 。,人物关系/亲属关系/血亲/自然血亲/兄弟姐妹/姐姐
赵合德,赵飞燕,永始 元年 （ 前 16 年 ） ， 汉成帝 立 赵飞燕 为 皇后 ， 同时 晋 赵合德 为昭仪 ， 又 把 昭阳 殿 赐给 赵合德 一人 居住 。,人物关系/亲属关系/血亲/自然血亲/兄弟姐妹/姐姐
陆无双,程英,两口 只 相差 半载 年纪 ， 可是 程英 【 秀雅 文静 】 ， 陆无双 却是 十分 的 活泼 ， 两个 儿 性格 截然不同 。,人物关系/亲属关系/血亲/自然血亲/兄弟姐妹/姐姐
刘星,夏雪,后来 夏雪 认识 到 自己 的 错误 ， 将 化学 复习 要 目送 给 刘星 ， 还 拿出 自己 的 鞋 让 刘星 穿 。,人物关系/亲属关系/血亲/自然血亲/兄弟姐妹/姐姐
刘星,夏雪,《 小汇报 》 ： 夏雨 无意 中 把 刘星 和 夏雪 的 秘密 透露 给 了 父母 ， 得到 了 奖励 。,人物关系/亲属关系/血亲/自然血亲/兄弟姐妹/姐姐
萧明月,萧玉人,萧明月 小说 《 最大 帝 》 人物 : 萧明月 ， 字子朗 ， 兰陵 人 ， 成刚 小说 《 再 扶汉室 》 续集 《 最大 帝 》 人物 之一 ， 是 萧玉人 的 弟弟 。,人物关系/亲属关系/血亲/自然血亲/兄弟姐妹/姐姐
牧野枣,牧野遥,牧野遥 相关 人物 : 妹妹 们 ： 牧野枣 、 牧野晶 、 牧野冬,人物关系/亲属关系/血亲/自然血亲/兄弟姐妹/姐姐
和硕敦恪公主,和硕温恪公主,他们 是 ： 怡 亲王 胤 祥 、 和硕温恪公主 、 和硕敦恪公主 。,人物关系/亲属关系/血亲/自然血亲/兄弟姐妹/姐姐
花雄,花木兰,花雄 简介 : 花雄 ， 男 ， 花家 的 唯一 男丁 ， 是 花木兰 的 的 弟弟 。,人物关系/亲属关系/血亲/自然血亲/兄弟姐妹/姐姐
陆无双,程英,黄蓉 一看 便 知 程英 “ 外 和 内刚 ” ， “ 外刚内柔 ” 的 陆无双 ， 有 了 这位 守护 天使 ， 以后 都 不会 受人 欺侮 了 。,人物关系/亲属关系/血亲/自然血亲/兄弟姐妹/姐姐
张子静,张爱玲,孙宝琦 的 七 女儿 孙用 番 嫁给 了 张廷重 （ 既 张佩纶 的 儿子 ， 张爱玲 和 张子静 的 父亲 。 ）,人物关系/亲属关系/血亲/自然血亲/兄弟姐妹/姐姐
邢德全,邢夫人,《 红楼梦 》 第七 五 回 ： “ 近日 邢夫人 的 胞弟 邢德全 也 酷好 如此 ， 所以 也 在 其中 。 ”,人物关系/亲属关系/血亲/自然血亲/兄弟姐妹/姐姐
牧野枣,牧野遥,2 家庭 人物 : 女儿 （ 四姐妹 ） ： 牧野遥 、 牧野枣 、 牧野晶 、 牧野冬,人物关系/亲属关系/血亲/自然血亲/兄弟姐妹/姐姐
和硕敦恪公主,和硕温恪公主,康熙 二十五年 生皇 十三 子怡贤亲 王允祥 ， 二十六年 生皇 十三 女 和硕温恪公主 ， 三十年 生皇 十五 女 和硕敦恪公主 。,人物关系/亲属关系/血亲/自然血亲/兄弟姐妹/姐姐
尤二姐,尤氏,2 尤三姐 : 人物 介绍 : 尤三姐 ， 《 红楼梦 》 中 人物 ， 是 尤氏 继母 带来 的 女儿 ， 尤二姐 的 妹妹 。,人物关系/亲属关系/血亲/自然血亲/兄弟姐妹/姐姐
张子静,张爱玲,1996 年 出版 传记 《 我 的 姊姊 张爱玲 》 （ 与 张子静 合著 ） 。,人物关系/亲属关系/血亲/自然血亲/兄弟姐妹/姐姐
赵合德,赵飞燕,《 飞燕 外传 》 其实 不能 称作 书 ， 它 只有 廖 廖 数千 字 ， 以 性行为 中心 ， 叙说 赵飞燕 、 赵合德 姊妹 与 汉成帝 之间 的 恩怨 纠葛 。,人物关系/亲属关系/血亲/自然血亲/兄弟姐妹/姐姐
刘星,夏雪,夏雪 在 体育课 上 扭伤 了 脚 ， 刘星 不 愿意 道歉 。,人物关系/亲属关系/血亲/自然血亲/兄弟姐妹/姐姐
赵合德,赵飞燕,1996 年 执导 古装 宫斗剧 《 汉宫 飞燕 》 ， 该剧 描述 西汉时期 美女 赵飞燕 及其 妹妹 赵合德 传奇一生 故事 。,人物关系/亲属关系/血亲/自然血亲/兄弟姐妹/姐姐
赵合德,赵飞燕,后 汉成帝 宠爱 赵飞燕 、 赵合德 姐妹 ， 许皇后 、 班婕妤 相继 失宠 ， 许皇后 废入 长定 宫 ， 班婕妤 前去 侍奉 太后 。,人物关系/亲属关系/血亲/自然血亲/兄弟姐妹/姐姐
方兰生,方如沁,方如沁 ， 女 ， 23 岁 ， 是 国产 RPG 游戏 《 古剑 奇谭 ： 琴心 剑魄 今何在 》 中 的 配角 ， 方兰生 的 二姐 。,人物关系/亲属关系/血亲/自然血亲/兄弟姐妹/姐姐
和政公主,宁国公主,和政公主 便 毅然 将 自己 的 三个 孩子 寄居 在 亲戚家 ， 自己 和 丈夫 一起 赶到 宁国公主 那里 ， 将 宁国公主 从 沦陷 的 京城 里 救 了 出来 。,人物关系/亲属关系/血亲/自然血亲/兄弟姐妹/姐姐
苗飞飞,苗蜜,苗蜜 ( 蜂族 ) 、 苗飞飞 ( 蜂族 ) 、 嘎库 喽契 、 哥库 喽 契人族 : 湛江云 、 浪 千山 、 岳驼 、 晏河 、 莫修 、 霍真 、 石 雷鸣 、 项 殷风,人物关系/亲属关系/血亲/自然血亲/兄弟姐妹/姐姐
何猷启,何超莲,何猷启 生于 1991 年 5 月 9 日 ， 是 赌王 何鸿燊 与 三 姨太 陈婉珍 的 儿子 ， 同胞 姐姐 为 何超莲 。,人物关系/亲属关系/血亲/自然血亲/兄弟姐妹/姐姐
贾午,贾南风,郭槐 临终 ， 人之将死 ， 其言也善 ， 她 一直 谆谆嘱咐 女儿 贾南风 要 对 太子 慈爱 ， 不可 听从 贾午 、 贾谧 的话 。,人物关系/亲属关系/血亲/自然血亲/兄弟姐妹/姐姐
吕素,吕雉,吕素 人物 设定 : 《 神话 》 中 的 吕素 吕素 电视剧 《 神话 》 中以 历史 上 吕雉 之妹 吕 媭 为 原型 而 改造 的 女性 角色 。,人物关系/亲属关系/血亲/自然血亲/兄弟姐妹/姐姐
赵合德,赵飞燕,远离 长安 的 傅昭 仪在 回 定陶 的 路上 收养 了 赵氏 姐妹 （ 即 后来 的 赵飞燕 和 赵合德 ） ， 尽心 培养 成为 棋子 。,人物关系/亲属关系/血亲/自然血亲/兄弟姐妹/姐姐
凌音,凌波,在 《 仙剑 五前 传 》 中 ， 凌音 活泼 ， 与其 姐姐 凌波 一样 为 蜀山 弟子 ， 经常 与 师兄 铁笔 一起 外出 共事 ； 经历 凌波 参与 盗鼎 事件 后 ， 变为 冷淡 。,人物关系/亲属关系/血亲/自然血亲/兄弟姐妹/姐姐
欧阳娣娣,欧阳妮妮,爸爸 回家 做 功课 作者简介 : 欧阳龙 ， 深情 顾家 的 天蝎座 ， 欧阳妮妮 ( 11 岁 ) 、 欧阳娜娜 ( 9 岁 ) 、 欧阳娣娣 ( 3 岁 ) 的 爸爸 。,人物关系/亲属关系/血亲/自然血亲/兄弟姐妹/姐姐
何猷启,何超莲,曾 被 何猷启 取笑 观音 兵 众多 的 何超莲 ， 年初 自爆 跟 留有 长发 的 初恋 男友 徐钰恒 （ Tim ） 分手 。,人物关系/亲属关系/血亲/自然血亲/兄弟姐妹/姐姐
陆无双,程英,"于是 少年 发誓 , 决计 不会 让 姑姑 独守 十六年 寂寞 , 不 在 让 李莫愁 闲身 空恨 , 不会 再 让 程英 与 陆无双 苦熬 年华 。",人物关系/亲属关系/血亲/自然血亲/兄弟姐妹/姐姐
刘星,夏雪,刘星 自知 无法 和 夏雪 、 夏雨 竞争 ， 采取 了 将 对方 成绩 拉 下来 的 做法 。,人物关系/亲属关系/血亲/自然血亲/兄弟姐妹/姐姐
陆无双,程英,一直 到 《 神雕侠侣 》 ， 杨过 、 程英 、 陆无双 等 人 被 「 赤练 仙子 」 李莫愁 追赶 至 北方 之 时 ， 冯默风 才 正式 登场 。,人物关系/亲属关系/血亲/自然血亲/兄弟姐妹/姐姐
贾午,贾南风,之后 将 她 到 金墉城 ， 又 废 她 为 庶人 ， 后 又 收捕 贾南风 的 党羽 如 赵粲 、 贾午 、 程据 等 。,人物关系/亲属关系/血亲/自然血亲/兄弟姐妹/姐姐
和政公主,宁国公主,逃离 京城 的 路上 ， 和政公主 又 把 仅 有 的 一匹 马 让给 了 宁国公主 骑 ， 自己 和 丈夫 跟着 马 步行 ， 每日 长途跋涉 ， 但 从不 叫 一声 苦和累 。,人物关系/亲属关系/血亲/自然血亲/兄弟姐妹/姐姐
欧阳娣娣,欧阳妮妮,2014 / 01 / 18 萧煌奇 、 欧阳龙 、 傅娟 、 欧阳妮妮 、 欧阳娜娜 、 欧阳娣娣 、 曾心梅 、 林俊吉 、 马世莉 、 杨绣惠,人物关系/亲属关系/血亲/自然血亲/兄弟姐妹/姐姐
赵合德,赵飞燕,古代 女人 的 发型 变化多端 ， 如直发 （ 张丽华 ） 、 短发 （ 梁 绿珠 ） 、 卷发 （ 赵合德 ） 、 束发 （ 赵飞燕 ） 、 盘发 （ 甄妃 ） 等 。,人物关系/亲属关系/血亲/自然血亲/兄弟姐妹/姐姐
刘星,夏雪,身份 ： 某 医院 的 护士长 ， 刘星 的 生母 ， 夏雪 和 夏雨 的 继母 。,人物关系/亲属关系/血亲/自然血亲/兄弟姐妹/姐姐
刘星,夏雪,刘星 向 夏雪 借鞋 不成 偷 穿 了 去 。,人物关系/亲属关系/血亲/自然血亲/兄弟姐妹/姐姐
赵合德,赵飞燕,《 昭阳 趣史 》 中 赵氏 姐妹 则 有 了 神话 色彩 ， 赵飞燕 前生 为青 邱山 燕子 精 ， 赵合德 前生 为 松果 山 九尾 野 狐狸精 。,人物关系/亲属关系/血亲/自然血亲/兄弟姐妹/姐姐
何猷启,何超莲,何猷启 成人礼 : 赌王 的 一对 龙凤胎 何超莲 及 何猷启 ， 不但 懂得 打扮 ， 且 每次 去 派对 都 会 成为 焦点 。,人物关系/亲属关系/血亲/自然血亲/兄弟姐妹/姐姐
赵合德,赵飞燕,远山 眉 基本 信息 : 汉 赵飞燕 妹合德 ， 为 薄眉 ， 号 “ 远山 黛 ” ， 见伶玄 《 赵飞燕 外传 》 赵合德 。,人物关系/亲属关系/血亲/自然血亲/兄弟姐妹/姐姐
刘星,夏雪,心虚 的 刘星 和 夏雪 利诱 小雨 当 了 替罪羊 。,人物关系/亲属关系/血亲/自然血亲/兄弟姐妹/姐姐
贾午,贾南风,然而 郭槐 过世 后 ， 贾南风 仍然 宠信 贾午 与 赵粲 ， 三人 并且 计划 废杀 司马遹 。,人物关系/亲属关系/血亲/自然血亲/兄弟姐妹/姐姐
赵合德,赵飞燕,她 竟 穿越 到 了 汉朝 成 了 臭名昭著 的 祸水 — 赵合德 ， 和 姐姐 赵飞燕 争抢 同一个 男人 ， 究竟 发生 了 什么 ？,人物关系/亲属关系/血亲/自然血亲/兄弟姐妹/姐姐
陆无双,程英,杨过 评价 程英 “ 极 美的 姑娘 ” ， 陆无双 评价 “ 是 个 美人儿 ， 比 郭 芙 美丽 ” ， 大 武小武 两 兄弟 初见 程英 ： “ 墙头 那 男孩 摘 了 一朵花 。,人物关系/亲属关系/血亲/自然血亲/兄弟姐妹/姐姐
文姜,宣姜,9 . 从 宣姜 到 文姜,人物关系/亲属关系/血亲/自然血亲/兄弟姐妹/姐姐
刘星,夏雪,两个 小孩子 和 好 了 ， 可是 刘星 和 夏雪 却成 了 冤家对头 ， 争斗 逐步 升级 。,人物关系/亲属关系/血亲/自然血亲/兄弟姐妹/姐姐
尹澄,尹夏沫,（ 出自 泡沫 之夏 Ⅰ ） 喜欢 尹夏沫 泡沫 之夏 尹澄 : 姓名 ： 尹澄,人物关系/亲属关系/血亲/自然血亲/兄弟姐妹/姐姐
薛洋,薛之荔,晚上 薛之荔 和 薛洋 聊 了 起来 ， 他们 一起 玩起 了 游戏 。,人物关系/亲属关系/血亲/自然血亲/兄弟姐妹/姐姐
李国豪,李香凝,主演 ： 王玫 、 李香凝 、 李国豪,人物关系/亲属关系/血亲/自然血亲/兄弟姐妹/妹妹
贾珍,贾惜春,贾惜春 ， 贾珍 的 妹妹 。,人物关系/亲属关系/血亲/自然血亲/兄弟姐妹/妹妹
沙条爱歌,沙条绫香,沙条 广树 （ 沙条爱歌 与 沙条绫香 的 父亲 ） ： 东地宏树,人物关系/亲属关系/血亲/自然血亲/兄弟姐妹/妹妹
皮皮鲁,鲁西西,皮皮鲁 和 鲁西西 都 感受 到 了 从未有过 的 亲情 的 温暖 。,人物关系/亲属关系/血亲/自然血亲/兄弟姐妹/妹妹
宋师道,宋玉致,宋玉致 有 一 兄长 宋师道 ， 个性 单纯 而 鲁钝 ， 毫无 大志 野心 ， 虽担 着 少主之名 ， 却 无少主 之 实力 和 霸气 。,人物关系/亲属关系/血亲/自然血亲/兄弟姐妹/妹妹
赵飞燕,赵合德,赵飞燕 如愿 成为 皇后 ， 赵合德 也 被 封为 昭仪 ， 位比 亲王 。,人物关系/亲属关系/血亲/自然血亲/兄弟姐妹/妹妹
尤二姐,尤三姐,第六十五回 贾二舍 偷 娶 尤二姐 / 尤三姐 思嫁 柳 二郎,人物关系/亲属关系/血亲/自然血亲/兄弟姐妹/妹妹
赵一楠,赵一涵,妻子 马丽娟 ， 辽宁省 戏校 教师 ， 育有 一对 龙凤 双胞胎 ： 赵一楠 和 赵一涵 。,人物关系/亲属关系/血亲/自然血亲/兄弟姐妹/妹妹
皮皮鲁,鲁西西,其 笔下 的 皮皮鲁 、 鲁西西 、 舒克 、 贝塔 和 罗克 在 中国 拥有 亿万 读者 ， 其 童话 被誉为 “ 适合 全家 所有人 阅读 ” 。,人物关系/亲属关系/血亲/自然血亲/兄弟姐妹/妹妹
程英,陆无双,后来 程英 、 杨过 、 陆无双 遭遇 李莫愁 ， 黄药师 便 帮助 解围 。,人物关系/亲属关系/血亲/自然血亲/兄弟姐妹/妹妹
赵飞燕,赵合德,该剧 描述 西汉时期 著名 美女 赵飞燕 及其 妹妹 赵合德 传奇一生 故事 的 古装 电视剧 ， 于 1998 年 正式 发行 。,人物关系/亲属关系/血亲/自然血亲/兄弟姐妹/妹妹
赵飞燕,赵合德,在 汉朝 ， 有 赵飞燕 和 赵合德 两姐妹 ， 她们 一同 嫁给 了 西汉 王朝 的 第十二任 皇帝 汉成帝 刘骜 。,人物关系/亲属关系/血亲/自然血亲/兄弟姐妹/妹妹
尤二姐,尤三姐,影片 讲述 了 尤二姐 、 尤三姐 的 悲剧 故事 。,人物关系/亲属关系/血亲/自然血亲/兄弟姐妹/妹妹
凌波,凌音,《 仙剑 奇侠传 五前 传 》 凌波 、 凌音 、 炎舞,人物关系/亲属关系/血亲/自然血亲/兄弟姐妹/妹妹
皮皮鲁,鲁西西,3 人物 简介 : 皮皮鲁 和 鲁西西 是 中国 童话 大王 郑渊洁 笔下 的 一对 双胞胎 兄妹 ， 他们 在 中国 的 孩子 中是 几乎 无人不晓 的 传奇人物 。,人物关系/亲属关系/血亲/自然血亲/兄弟姐妹/妹妹
李易霏,李昂融,姐姐 ： 李易霏 （ 朵朵 ） 妹妹 ： 李昂融 （ 果果 ）,人物关系/亲属关系/血亲/自然血亲/兄弟姐妹/妹妹
范子妤,洪美雪,张一健 （ 马国明 饰 ） 、 范子妤 （ 杨怡 饰 ） 、 洪美雪 （ 黄智雯 饰 ）,人物关系/亲属关系/血亲/自然血亲/兄弟姐妹/妹妹
程英,陆无双,他 不想 改变 什么 ， 然而 就是 因为 他 ， 南帝 变 了 ， 东邪 变 了 ， 郭靖 变 了 ， 黄蓉变 了 ， 杨过 变 了 ， 小龙女 变 了 ， 程英 变 了 ， 陆无双 变 了 … …,人物关系/亲属关系/血亲/自然血亲/兄弟姐妹/妹妹
皮皮鲁,鲁西西,为 上海 美术电影 厂 、 中央电视台 设计 动画片 《 老鼠 嫁女 》 ， 《 金元国 历险记 》 ， 《 皮皮鲁 和 鲁西西 》 的 人物造型 。,人物关系/亲属关系/血亲/自然血亲/兄弟姐妹/妹妹
孟凡,孟芙,"= 孟凡 心机 小马 子 远离 孟凡 = 孟凡 将 妹妹 坟墓 移入 皇宫 , 请 唐玄宗 封 孟芙 为兰妃 。",人物关系/亲属关系/血亲/自然血亲/兄弟姐妹/妹妹
皮皮鲁,鲁西西,皮皮鲁 和 鲁西西 带 罐头 小人 一起 上学 ， 其 经历 让 人 忍俊不禁 。,人物关系/亲属关系/血亲/自然血亲/兄弟姐妹/妹妹
文媚儿,文蔷,文蔷 和 司徒剑南 如遭 晴天霹雳 ， 文蔷 百般 恳求 ， 文章 与 文媚儿 就是 不 同意 延迟 婚期 。,人物关系/亲属关系/血亲/自然血亲/兄弟姐妹/妹妹
梅小青,梅小惠,《 梦想成真 》 是 梅小青 执导 的 时装 喜剧 ， 由 宣萱 、 吕颂贤 、 吕方 、 梅小惠 等 人 主演 。,人物关系/亲属关系/血亲/自然血亲/兄弟姐妹/妹妹
程英,陆无双,杨过 在 告别 陆无双 与 程英 后于 山岭 间 信步而行 时 无意 中 遇到 了 金轮法王 师徒 一行 ， 在 帮 其 疗伤 后 杨过 要求 国师 帮 自己 报仇 。,人物关系/亲属关系/血亲/自然血亲/兄弟姐妹/妹妹
程英,陆无双,神 ： 小龙女 ， 程英 ， 陆无双 ， 李莫愁 ， 刘瑛 ， 公孙绿萼,人物关系/亲属关系/血亲/自然血亲/兄弟姐妹/妹妹
薛丁山,薛金莲,李玉芝 饰 全部 薛金莲 ， 徐和 才饰 前部 薛丁山 ， 李和曾 饰 后部 薛丁山,人物关系/亲属关系/血亲/自然血亲/兄弟姐妹/妹妹
钱婆婆,汤婆婆,到 钱婆婆 那 的 时候 ， 不同 与 汤婆婆 的 油屋 那般 豪华 ， 反而 是 截然不同 的 朴实 。,人物关系/亲属关系/血亲/自然血亲/兄弟姐妹/妹妹
尤二姐,尤三姐,贾珍 荒淫 : 贾珍 不仅 爬灰 ， 贾琏 偷 娶 了 尤二姐 之后 ， 贾珍 又 打 尤三姐 的 主意 。,人物关系/亲属关系/血亲/自然血亲/兄弟姐妹/妹妹
薛丁山,薛金莲,《 薛丁山 救五美 》 饰 薛金莲,人物关系/亲属关系/血亲/自然血亲/兄弟姐妹/妹妹
王银钏,王宝钏,王银钏 电视剧 : 电视剧 《 薛平贵 与 王宝钏 》 王银钏 〔 陈怡真 饰 〕,人物关系/亲属关系/血亲/自然血亲/兄弟姐妹/妹妹
皮皮鲁,鲁西西,今天 ， 在 中国 大陆 ， 20 岁 上下 的 人 很少 有 不 知道 他 笔下 的 皮皮鲁 、 鲁西西 、 舒克和贝塔 的 。,人物关系/亲属关系/血亲/自然血亲/兄弟姐妹/妹妹
尤二姐,尤三姐,贾珍 处心积虑 地 调戏 尤三姐 ， 心知肚明 的 尤二姐 不能不 担心 三妹 了 。,人物关系/亲属关系/血亲/自然血亲/兄弟姐妹/妹妹
程英,陆无双,九岁 时 ， 程英 的 好多 在 对待 陆无双 上 。,人物关系/亲属关系/血亲/自然血亲/兄弟姐妹/妹妹
赵飞燕,赵合德,远离 长安 的 傅昭 仪在 回 定陶 的 路上 收养 了 赵氏 姐妹 （ 即 后来 的 赵飞燕 和 赵合德 ） ， 尽心 培养 成为 棋子 。,人物关系/亲属关系/血亲/自然血亲/兄弟姐妹/妹妹
陈青云,陈青莲,陈青云 的 妻子 因 痛失 儿子 投塘 自尽 ， 陈青云 把 她 埋葬 在 荷花 塘边 ， 却 以 陈青莲 的 名义 立 了 墓碑 ， 以绝 皇宫 无尽 的 追杀 。,人物关系/亲属关系/血亲/自然血亲/兄弟姐妹/妹妹
皮皮鲁,鲁西西,他们 在 瓜国里 没有 找 鲁西西 的 笑容 ， 皮皮鲁 却 帮助 笑 不出 声儿 的 瓜民们 恢复 了 笑声 。,人物关系/亲属关系/血亲/自然血亲/兄弟姐妹/妹妹
皮皮鲁,鲁西西,2 内容简介 : 皮皮鲁 和 鲁西西 是 双胞胎 兄妹 ， 他们 在 中国 的 孩子 中是 几乎 无人不晓 的 传奇人物 。,人物关系/亲属关系/血亲/自然血亲/兄弟姐妹/妹妹
皮皮鲁,鲁西西,蜘蛛 表是 皮皮鲁 送给 鲁西西 的 礼物 ， 戴着 这块 表 蚊子 都 不敢 靠近 鲁西西 了 。,人物关系/亲属关系/血亲/自然血亲/兄弟姐妹/妹妹
章子男,章子怡,章子男 ， 章子怡 的 哥哥 ， 中国 内地 经纪人 。,人物关系/亲属关系/血亲/自然血亲/兄弟姐妹/妹妹
张无忌,殷离,万安 寺 中 ， 她 临危受命 ， 答应 灭绝师太 接任 掌门 ， 同时 在 荒岛 使计害 殷离 ， 嫁祸 赵敏 ， 拿走 屠龙刀 、 倚天剑 ， 并 与 张无忌 订立 婚约 。,人物关系/亲属关系/血亲/自然血亲/兄弟姐妹/妹妹
石原京介,石原浪花,动漫 《 我 的 妹妹 是 “ 大阪 大妈 ” 》 中 的 角色 ， 石原京介 的 妹妹 石原浪花 ， 是 一个 外貌 相当 可爱 的 高中 一年级 学生 。,人物关系/亲属关系/血亲/自然血亲/兄弟姐妹/妹妹
程英,陆无双,不 等 武三娘 答话 ， 黄影 闪动 ， 已 窜入 庄中 ， 前后 搜寻 ， 竟 无 程英 与 陆无双 的 人影 。,人物关系/亲属关系/血亲/自然血亲/兄弟姐妹/妹妹
尤二姐,尤三姐,金陵 十二钗 副册 尤三姐 （ 情刚 ） : 尤三姐 ， 尤氏 继母 带来 的 女儿 ， 尤二姐 的 妹妹 。,人物关系/亲属关系/血亲/自然血亲/兄弟姐妹/妹妹
尤尼卡,尤米娜,2 简介 : 吉瓦 ： 吉瓦 是 长期 居住 在 恶魔 漩涡 的 精灵 ， 曾经 对于 尤米娜 哥哥 尤尼卡 的 过去 有 一定 了解 。,人物关系/亲属关系/血亲/自然血亲/兄弟姐妹/妹妹
贾珍,贾惜春,贾惜春 : 贾惜春 ， 金陵 十二钗 之一 ， 贾珍 的 妹妹 。,人物关系/亲属关系/血亲/自然血亲/兄弟姐妹/妹妹
尤二姐,尤三姐,尤二姐 和 尤三姐 是 宁府 尤氏 继母 的 女儿 ， 因 贾敬 暴死 ． 尤氏 料理 丧事 ， 不能 回家 。,人物关系/亲属关系/血亲/自然血亲/兄弟姐妹/妹妹
薛丁山,薛金莲,薛丁山 之妹 、 军中 粮官 薛金莲 到 寒江关 请 梨花 不成 ， 邀其母 柳春 英 请来 梨花 。,人物关系/亲属关系/血亲/自然血亲/兄弟姐妹/妹妹
胡青牛,胡青羊,胡青羊 容貌 秀丽 ， 武功 不高 ， 她 是 蝶 谷医仙 胡青牛 的 妹妹 。,人物关系/亲属关系/血亲/自然血亲/兄弟姐妹/妹妹
皮皮鲁,鲁西西,皮皮鲁 逃往 雅典娜 内容梗概 : 皮皮鲁 和 鲁西西 在 家里 发现 了 一个 暗室 ， 暗室 里面 有 四扇 门 ， 分别 是 金门 、 银门 、 铜门 和 铁门 。,人物关系/亲属关系/血亲/自然血亲/兄弟姐妹/妹妹
扈成,扈三娘,说 到 扈家庄 时 ， 便 说 庄主 扈太公 有 一个 儿子 飞天 虎 扈成 ， 和 一个 女儿 一丈 青 扈三娘 ， 使 两口 日月 双刀 ， 并称 她 “ 最 英雄 ” 。,人物关系/亲属关系/血亲/自然血亲/兄弟姐妹/妹妹
皮皮鲁,鲁西西,医生 同 皮皮鲁 的 爸爸 和 妈妈 商量 了 一下 ， 把 皮皮鲁 的 胆 给 了 鲁西西 一点 。,人物关系/亲属关系/血亲/自然血亲/兄弟姐妹/妹妹
扈成,扈三娘,事成 后 ， 李逵 起到 扈家庄 ， 扈家庄 无防备 ， 竟 被 灭门 ， 唯 扈成 逃脱 ， 后 扈三娘 由 宋江 做主 ， 嫁给 矮脚 虎 王英 。,人物关系/亲属关系/血亲/自然血亲/兄弟姐妹/妹妹
程英,陆无双,陆无双 改为 陆展元 与 何沅君 之女 ， 且 与 程英 并非 表姊妹 。,人物关系/亲属关系/血亲/自然血亲/兄弟姐妹/妹妹
郭芙蓉,郭蔷薇,克星 ： 邢育森 、 七舅 姥爷 、 郭芙蓉 、 郭蔷薇 （ 郭芙蓉 的 堂妹 ）,人物关系/亲属关系/血亲/自然血亲/兄弟姐妹/妹妹
刘至翰,刘致妤,刘至翰 、 刘致妤,人物关系/亲属关系/血亲/自然血亲/兄弟姐妹/妹妹
皮皮鲁,鲁西西,时间 一分一秒 流逝 ， 如果 再 不 打开 那 把 锁 ， 不仅 鲁西西 的 笑容 永远 找 不 回来 了 ， 连 皮皮鲁 和 他 的 朋友 们 也 将 永远 被 锁 在 锁国 里 。,人物关系/亲属关系/血亲/自然血亲/兄弟姐妹/妹妹
赵飞燕,赵合德,从 野史 记载 的 ， 赵飞燕 赵合德 姐妹俩 争 燕赤凤 最后 三个 人 一起 玩 双飞 ， 我 的 推断 应该 没错 。,人物关系/亲属关系/血亲/自然血亲/兄弟姐妹/妹妹
汪绿萍,汪紫菱,剧情 围绕 汪家 两姐妹 汪绿萍 和 汪紫菱 展开 ， 二人 同时 爱上 了 楚家 的 长子 楚濂 。,人物关系/亲属关系/血亲/自然血亲/兄弟姐妹/妹妹
皮皮鲁,鲁西西,皮皮鲁 、 鲁西西 、 罗克 、 舒克和贝塔 已 在 国家工商局 注册 ， 成为 受 法律 保护 的 注册商标 。,人物关系/亲属关系/血亲/自然血亲/兄弟姐妹/妹妹
赵飞燕,赵合德,班婕妤 为 汉成帝 妃 ， 被 赵飞燕 与 赵合德 谗害 ， 退居 冷宫 ， 后 有 诗 《 怨 歌行 》 ， 以 秋扇 为喻 抒发 被弃 之 怨情 。,人物关系/亲属关系/血亲/自然血亲/兄弟姐妹/妹妹
国宁,苏宁,商场 ： 苏宁 电器 、 中 电 数码城 、 下渡路 市场 、 国宁 购物广场 、 国美 电器,NAN
张发奎,汪精卫,受骗上当 张发奎 绝情 汪精卫,NAN
韦丛,元稹,元稹 和 韦丛 ： 此情 不 待 伤心 追忆,人物关系/亲属关系/配偶/丈夫/现夫
孙尚香,刘备,刘备 ： 【 真 黄龙 剑 】 战场 ： 【 夷陵 之战 ： 蜀军 】 条件 ： 由 玩家 （ 刘备 ） 击倒 孙尚香 、 甘宁 、 凌统 、 陆逊 。,人物关系/亲属关系/配偶/丈夫/现夫
杨承信,杨光远,鲁国公 杨信 : 杨信 （ 杨承信 ） ， 杨光远 之子 ， 北宋 名将 杨业之 父 。,人物关系/亲属关系/血亲/自然血亲/父母/生父
关平,关羽,关羽 ： 【 黄龙 偃月 刀 】 战场 ： 【 樊城 之战 ： 蜀军 】 条件 ： 帮助 关平 尽快 击败 曹仁 配下 的 武将 ： 牛金 、 乐进 和 于禁 。,人物关系/亲属关系/血亲/自然血亲/父母/生父
李令月,武则天,"其中 首充 其位 的 是 女皇 武则天 , 其次 就是 她 的 小女儿 — — 太平公主 李令月 。",人物关系/亲属关系/血亲/自然血亲/父母/生母
后稷,姜嫄,后稷 其母 台氏 之 女 姜嫄 ， 为 帝喾 元妃 。,人物关系/亲属关系/血亲/自然血亲/父母/生母
邓曼,楚文王,邓在 今 湖北 襄樊市 北 ， 是 楚文王 的 母舅 之 国 （ 楚武王 夫人 邓曼 是 邓人 。 ）,人物关系/亲属关系/血亲/自然血亲/子女/儿子
贾敬,贾珍,尤氏心 头 有着 贾敬 的 生日 ， 早早 请示 贾珍 “ 后 日 是 太爷 的 生日 ， 到底 怎么 个 办法 ？ ”,人物关系/亲属关系/血亲/自然血亲/子女/儿子
李逍遥,李忆如,八年 后 李逍遥 被 孔璘 抓入 幻魅 画轴 ， 逍遥 和 灵儿 之 女 李忆如 去 找 天鬼皇 帮忙 。,人物关系/亲属关系/血亲/自然血亲/子女/女儿
田灵儿,齐小萱,师侄 ： 齐小萱 （ 齐昊 与 田灵儿 之女 ） 、 张小鼎 （ 张小凡 与 陆雪琪 之子 ）,人物关系/亲属关系/血亲/自然血亲/子女/女儿
吴老狗,吴邪,《 盗墓 笔记 》 中 的 三叔 : 身世 ： 长沙 有名 的 土 夫子 九门提督 中 吴老狗 的 三 儿子 ， 吴邪 的 三叔,人物关系/亲属关系/血亲/自然血亲/孙子女/孙子
吴老狗,吴邪,盗墓 笔记 - 吴老狗 / 吴邪 / 张起灵,人物关系/亲属关系/血亲/自然血亲/孙子女/孙子
刘咏尧,刘若英,刘若英 出身 军人 世家 ， 其 祖父 刘咏尧 毕业 于 黄埔军校 一期 ， 陆军 四星 上将 退役 ， 刘父 则 是 海军 舰长 退役 。,人物关系/亲属关系/血亲/自然血亲/孙子女/孙女
霍仙姑,霍秀秀,霍仙姑 : 人称 七 姑娘 ， 霍秀秀 的 奶奶 。,人物关系/亲属关系/血亲/自然血亲/孙子女/孙女
傅明宪,叶剑波,尽管 傅明宪 对 爱犬 的 溺爱 已远超 一般 人 ， 但 叶剑波 也 从不 介怀 ， 只在乎 太太 开心 与否 ， 不会 跟 狗 计较 。,人物关系/亲属关系/配偶/丈夫/前夫
何超琼,许晋亨,对于 这样 的 传闻 ， 陈子聪 连忙 解释 ： “ 其实 这是 岳父 的 幽默 ， 当年 大姐 何超琼 和 许晋亨 在 举行 婚礼 时 ， 赌王 也 已经 说 过 。 ”,人物关系/亲属关系/配偶/丈夫/前夫
祖丁,沃甲,自此 “ 祖辛 — 祖丁 — 阳甲 ” 一 系 代替 “ 沃甲 — 南庚 ” 一系 为 直系 ， 南庚 在位 时间 较 短 ， 可能 是 逊 位于 阳甲 ， 或是 阳甲 夺位 。,人物关系/亲属关系/血亲/自然血亲/叔伯姑舅姨/叔伯
祖丁,沃甲,邢台 经 祖乙 、 祖辛 、 沃甲 、 祖丁 、 南庚 ， 至南庚 迁 奄 （ 约 前 1302 年 ） ， 约 为 商都 136 年 ；,人物关系/亲属关系/血亲/自然血亲/叔伯姑舅姨/叔伯
羊欣,王献之,刬 袜步 香阶 ， 手提 金缕 鞋 ” 等 句 的 意境 ； “ 题裙 ” 句 ， 用 王献之 书 羊欣 白练 裙 典故 。,人物关系/亲属关系/血亲/自然血亲/叔伯姑舅姨/舅舅
欧阳建,石崇,"永康 元年 ， 赵王伦 擅政 ， 中书令 孙秀 诬 潘岳 、 石崇 、 欧阳建 等 阴谋 ， 淮南 王允 、 齐王乱 , 被 杀 于 洛阳 。",人物关系/亲属关系/血亲/自然血亲/叔伯姑舅姨/舅舅
霍秀秀,霍玲,霍玲 ： 霍秀秀 的 姑姑 。,人物关系/亲属关系/血亲/自然血亲/叔伯姑舅姨/姑妈
董重,董太后,当夜 ， 便 把 哥哥 何进 召 进宫 中 ， 商量 怎样 除掉 董太后 及 董重 。,人物关系/亲属关系/血亲/自然血亲/叔伯姑舅姨/姑妈
袁守诚,袁天罡,袁守诚 ， 唐代 著名 的 术士 ， 袁天罡 的 叔叔 ， 西游记 中 描述 袁守诚 生 得 “ 相貌 稀奇 ， 仪容 秀丽 ， ” 他 能 知 前后 ， 善断 阴阳 。,人物关系/亲属关系/血亲/自然血亲/侄甥/侄子
毛亨,毛苌,明 张岱 《 夜航 船 · 文学部 · 毛诗 》 ： “ 荀卿 授 汉人 鲁国 毛亨 作 训诂 传 ， 以授 赵国 毛苌 。,人物关系/亲属关系/血亲/自然血亲/侄甥/侄子
白浅,凤九,常用 称呼 ： 四哥 （ 白浅 ） ， 真真 （ 折颜 ） ， 四 殿下 ， 四舅 （ 阿离 ） ， 四叔 或 小叔 （ 凤九 ）,人物关系/亲属关系/血亲/自然血亲/侄甥/侄女
王子腾,王熙凤,显然 ， 王熙凤 是 凭借 其 家族 的 势力 与 节度使 云光 打交道 的 ， 说 具体 点 ， 就是 依仗 王子腾 的 势力 与 官府 打交道 。,人物关系/亲属关系/血亲/自然血亲/侄甥/侄女
古三通,云罗郡主,是 不败 顽童 古三通 和 素心 的 儿子 ， 和 云罗郡主 初是 斗气 冤家 ， 后 则 真心 相爱 ， 还 成为 郡 马爷 。,人物关系/亲属关系/姻亲/血亲的配偶/子女的配偶/儿媳
余嘉碧,张茜,余嘉碧 群星 祝福 : 张卫健 与 太太 张茜 借助 网络 的 力量 ， 在 微博 呼吁 大家 为 其母 祈祷 。,人物关系/亲属关系/姻亲/血亲的配偶/子女的配偶/儿媳
詹敏利,周滨,去年 中 石油 系列 腐败案 爆发 之后 ， 周滨 和 其 岳母 詹敏利 马上 隐退 。,人物关系/亲属关系/姻亲/血亲的配偶/子女的配偶/女婿
任我行,令狐冲,少林 三 战时 ， 冲虚道长 曾经 挑战 向问天 ， 但 任我行 安排 令狐冲 出战 。,人物关系/亲属关系/姻亲/血亲的配偶/子女的配偶/女婿
薛金莲,樊梨花,"樊梨花 率兵 来到 麒麟山 , 刁月娥 、 薛金莲 带领 女兵 施展 美人计 , 终于 使 麒麟山 守 将 蛮子 牙 、 蛮子 海上 钩 。",人物关系/亲属关系/姻亲/血亲的配偶/兄弟姐妹的配偶/嫂子
莫小贝,佟湘玉,朋友 ： 佟湘玉 白展堂 莫小贝 郭芙蓉 吕轻侯 祝无双 燕小六 李大嘴 还有 一群 酒肉朋友,人物关系/亲属关系/姻亲/血亲的配偶/兄弟姐妹的配偶/嫂子
黄睿靓,陈水扁,陈水扁 儿子 陈致中 被判 一年 零 二个月 ， 黄睿靓 缓刑 4 年缴 一千万 。,人物关系/亲属关系/姻亲/配偶的血亲/配偶的父母/公公
杜金娥,杨业,杜金娥 人际关系 : 夫君 ： 杨延嗣 （ 小说 《 杨家将 》 中 金刀 老令公 杨业 的 第七 子 ， 名 杨希 ， 字延嗣 ， 人称 “ 杨七郎 ” ）,人物关系/亲属关系/姻亲/配偶的血亲/配偶的父母/公公
郭靖,黄药师,这 一册 主要 讲 郭靖 为 赴 十八年 前 比武 之约 来到 中原 ， 结识 了 东邪 黄药师 之女 黄蓉 。,人物关系/亲属关系/姻亲/配偶的血亲/配偶的父母/岳父
夏侯陟,刘弘,夏侯陟 是 刘弘 的 女婿 ， 刘弘 因此 上表 认为 不 应该 任人唯亲 ， 还是 推荐 皮 初任 襄阳 太守 。,人物关系/亲属关系/姻亲/配偶的血亲/配偶的父母/岳父
尤三姐,柳湘莲,柳湘莲 角色 剧情 : 尤三姐 说出 她择 柳湘莲 为夫后 ， 贾琏 巧遇 柳湘莲 ， 遂 定下 婚事 ， 柳湘莲 赠 “ 鸳鸯 剑 ” 为 定礼 。,人物关系/亲属关系/配偶/丈夫/未婚夫
严英云,徐良,严英云 （ 二 ） 人物 故事 : 剧中 的 严英云 出身 于 阔气 人家 ， 从小 就 与 徐良 指腹为婚 。,人物关系/亲属关系/配偶/丈夫/未婚夫
西门吹雪,陆小凤,小说 关键字 ： 西门吹雪 无限 流 金庸 古龙 陆小凤 叶孤城 重生 穿越 作品 相关 : 叶孤城,人物关系/社交关系/友谊关系/朋友
墨鸦,白凤,白凤 从小 就 被 “ 百鸟 ” 首领 之一 墨鸦 带入 “ 夜幕 ” 。,人物关系/社交关系/友谊关系/朋友
袁紫衣,胡斐,1964 年 ， 制片方 ： 峨嵋 电影 公司 ， 主演 ： 江汉 饰 胡一刀 / 胡斐 ， 欧嘉慧饰 袁紫衣 ， 上官玉 饰 程灵素,人物关系/社交关系/感情关系/喜欢
程灵素,胡斐,按理说 ， 胡斐 在 遇到 苗若兰 时 ， 必定会 想到 袁紫衣 和 程灵素 。,人物关系/社交关系/感情关系/喜欢
叶开,丁灵琳,叶开 与 丁灵琳 ， 是 古龙 笔下 一对 携手 闯江湖 的 知心 爱侣 。,人物关系/社交关系/感情关系/恋人
萧秋水,唐方,唐方 要 报仇 ， 她 信任 萧秋水 ， 因为 她 的 柔弟 肯为 之 献出 自己 年轻 的 生命 。,人物关系/社交关系/感情关系/恋人
颜回,孔子,一会儿 ， 饭熟 了 ， 颜回 请 孔子 吃饭 。,人物关系/师生关系/老师
刘伟,马季,第三场 由 马季 先生 和 他 的 搭档 刘伟 合说 一段 《 找 名牌 》 。,人物关系/师生关系/老师
胡青牛,张无忌,胡青牛 说 这番话 时 ， 那 满脸 皱纹 、 泪光 莹莹 的 哀伤 情状 ， 曾令 张无忌 心中 大是 难过 。,人物关系/师生关系/学生
吕洞宾,韩湘子,韩湘子 后 传说 跟 吕洞宾 学 道 。,人物关系/师生关系/学生
张翠山,殷素素,对此 懵然 不知 的 武当 五侠 张翠山 与 殷素素 婚后 十年 方知 此事 ， 愧怒 之余 ， 自刎 于 群雄 面前 。,人物关系/亲属关系/配偶/妻子/现妻
沈浪,朱七七,白飞飞 甘作 丫环 ， 与 沈浪 、 金无望 、 朱七七 同行 。,人物关系/亲属关系/配偶/妻子/现妻
许晋亨,何超琼,许晋亨 先生 = = 何超琼 女士 （ 离婚 ） 、 李嘉欣,人物关系/亲属关系/配偶/妻子/前妻
张承中,任家萱,2016 年 4 月 27 日 ， 张承中 与 任家萱 办理 离婚 手续 。,人物关系/亲属关系/配偶/妻子/前妻
水若寒,陆剑萍,对 水若寒 有 强烈 的 占有欲 ， 雪子 对 陆剑萍 充满 敌意 ， 想尽办法 要 除掉 她 ， 只 因 她 发现 了 水若寒 隐藏 的 感情 … …,人物关系/亲属关系/配偶/妻子/未婚妻
司波达也,司波深雪,司波深雪 和 司波达也 极度 兄控 ， 兄妹俩 的 恩爱 场景 已经 得到 朋友 们 的 默认 ， 被 称为 最强 兄控娘 ， 喜欢 被 达 也 摸头 。,人物关系/亲属关系/配偶/妻子/未婚妻
宋庭芬,宋之问,其父 宋庭芬 ， 为 初唐 诗人 宋之问 后裔 ， 生一男 五女 ， 男独愚 不可教 ， 而五女 皆 警慧 ， 善属文 。,人物关系/亲属关系/血亲/自然血亲/祖父母/爷爷
苏我赤兄,苏我马子,表弟 ： 苏 我 仓麻 吕 （ 苏我马子 之子 ， 苏我石川麻吕 、 苏我赤兄 、 苏我连子 之 父 ）,人物关系/亲属关系/血亲/自然血亲/祖父母/爷爷
贾琏,贾母,贾琏 为 应付 节庆 红 白礼 ， 急需 二 三千两 银子 ， 但公账 上 却 无 银可支 ， 只好 求助 鸳鸯 帮着 偷出 贾母 的 一箱 东西 典当 。,人物关系/亲属关系/血亲/自然血亲/祖父母/奶奶
贾琏,贾母,8 、 王熙凤 ， 贾琏 之妻 ， 精明强干 ， 深得 贾母 和 王夫人 的 信任 ， 是 贾府 的 实际 大管家 。,人物关系/亲属关系/血亲/自然血亲/祖父母/奶奶
宋一国,金斗汉,金斗汉 [ 1 - 2 ] 的 外孙 、 也 就是 金乙东 的 儿子 ， 就是 韩国 当红 艺人 宋一国 。,人物关系/亲属关系/血亲/自然血亲/外祖父母/外公
宋一国,金斗汉,宋一国 的 外公 金斗汉 是 军界 要 人 ， 是 韩国 的 抗日 英雄 ， 事迹 曾 被 拍成 韩剧 《 野人 时代 》 ， 父亲 从政 ， 母亲 金乙东 是 韩国 知名演员 。,人物关系/亲属关系/血亲/自然血亲/外祖父母/外公
