颜回,孔子,这里 ， 孔子 说 颜回 “ 非助 我者 ” ， 并 不是 责备 颜回 ， 而是 在 得意 地 赞许 他 。,人物关系/师生关系/老师
汤潮,赵本山,节目 录制 现场 还 首次 曝光 了 2010 年 汤潮 演唱会 的 现场 视频 ， 赵本山 不仅 自己 亲自 登台 做 嘉宾 ， 还 带 去 了 汤潮 的 师弟 小 沈阳 。,人物关系/师生关系/老师
洪凌波,李莫愁,但久 在 李莫愁 的 熏陶 下 下手 有时 也 不免 狠 了 些 ， 但 从 一些 侧面 描写 中 可见 洪凌波 并 不 像 李莫愁 那样 在外 惹是生非 。,人物关系/师生关系/老师
颜回,孔子,【 出处 】 《 孔子 家语 · 颜回 》 ： “ 公闻 之 ， 越席 而 起 。 ”,人物关系/师生关系/老师
莫声谷,张三丰,张三丰 共收 有 七名 弟子 ： 宋远桥 、 俞莲舟 、 俞岱岩 、 张松溪 、 张翠山 、 殷梨亭 、 莫声谷 ， 合称 「 武当七侠 」 。,人物关系/师生关系/老师
颜回,孔子,《 索引 》 ： “ 苍蝇附骥 尾而致 千里 ， 以 譬 颜回 因 孔子 而 名彰 也 。 ”,人物关系/师生关系/老师
杨班侯,杨露禅,张策 是 继行 意拳 的 李洛能 、 郭云深 、 孙禄堂 ， 八卦掌 的 董海川 ， 太极拳 的 杨露禅 、 杨班侯 、 杨健候 之后 ， 又 一大 重要 拳种 创始人 。,人物关系/师生关系/老师
洪凌波,李莫愁,曾斗 之 人 ： 李莫愁 ， 郭 芙 ， 金轮法王 ， 洪凌波 ， 公孙止 ， 姬清虚 ， 申志凡 ， 皮清玄,人物关系/师生关系/老师
姜昆,马季,面对 这位 “ 中国 新 相声 的 开路人 ” ， 马季 、 姜昆 、 冯巩 、 牛群 等 众多 相声 名家 无不 为之动容 。,人物关系/师生关系/老师
宋小宝,赵本山,2014 - 02 - 27 ： 老兵 「 赵本山 ， 小 沈阳 ， 宋小宝 ， 毕畅 」,人物关系/师生关系/老师
颜回,孔子,他 的 学生 颜回 称其 “ 威而 不 猛 ” ， 且 孔子 身材 魁伟 ， 当时 被 称为 “ 长人 ” 。,人物关系/师生关系/老师
陈真,霍元甲,精武 风云 · 陈真 电影 剧情 : 陈真 （ 甄子丹 饰 ） 当年 为报 日本 人 杀师 （ 霍元甲 ） 之仇 ， 独闯 虹口 道场 精武 风云 的 壁纸 ( 6 张 ),人物关系/师生关系/老师
刘伟,马季,《 五官 争功 》 表演者 ： 马季 、 赵炎 、 刘伟 、 王金宝 、 冯巩,人物关系/师生关系/老师
宋小宝,赵本山,2014 - 02 - 27 ： 老兵 （ 66 集 ） 「 赵本山 ， 宋小宝 ， 小 沈阳 ， 李立群 」,人物关系/师生关系/老师
仲由,孔子,孝 的 故事 百里 负米 : 仲由 ， 字 子路 、 季路 ， 春秋时期 鲁国 人 ， 孔子 的 得意 弟子 ， 性格 直率 勇敢 ， 十分 孝顺 。,人物关系/师生关系/老师
颜回,孔子,复 圣堂 ： 孔子 的 弟子 颜回 ， 春秋 时鲁国 人 ， 勤俭 好学 ， 乐道安贫 。,人物关系/师生关系/老师
贾廷聚,唐喜成,唐喜成 感动 于 贾廷聚 的 刻苦 执着 ， 爱惜 这个 身形 高大 的 年轻人 。,人物关系/师生关系/老师
林平之,岳不群,（ 别说 岳不群 不是 林平之 的 仇人 只是 觊觎 他家 剑谱 而已 ， 福州 小 酒店 见死不救 怎么 说 ？,人物关系/师生关系/老师
沈春阳,赵本山,其中 ， 汤潮 与 小 沈阳 、 沈春阳 、 丫蛋 、 王金龙 等 打造 音乐 小品 《 真的 想 回家 》 惹 观众 洒泪 ， 值得一提的是 ， 该 作品 由 赵本山 亲自 把关 。,人物关系/师生关系/老师
殷梨亭,张三丰,张三丰 百岁 生日 那天 ， 纪晓芙 一 露面 ， 殷梨亭 不但 脸红 ， 竟然 连 招呼 都 不敢 上去 打 一声 。,人物关系/师生关系/老师
颜回,孔子,任泉 ( 电影 《 孔子 》 中 饰演 颜回 ),人物关系/师生关系/老师
南宫敬叔,孔子,他 让 两个 儿子 孟懿子 （ 何忌 ） 与 南宫敬叔 （ 说 ） 拜 孔子 为师 ， 学习 礼仪 。,人物关系/师生关系/老师
颜回,孔子,安贫乐道 成语 典故 : 传说 ， 孔子 有 学生 3000 余人 ， 其中 最 出名 的 有 72 人 ， 而 颜回 又 是 孔子 最 得意 的 门生 之一 。,人物关系/师生关系/老师
颜回,孔子,正中 为 大成 至圣先师 孔子 ， 左为 复圣 颜回 ， 述 圣 孔伋 ， 右为 宗圣 曾 参 ， 亚圣 孟轲 。,人物关系/师生关系/老师
岳云鹏,郭德纲,郭德纲 弟子 岳云鹏 在 微博上 上传 了 一张 经过 网友 PS 的 图片 ， 狠狠 地 恶搞 了 一把 郭德纲 。,人物关系/师生关系/老师
颜回,孔子,《 孔子 家语 · 颜回 》 ： “ 颜回 问 於 孔子 曰 ： ‘ 小人 之言有 同乎 君子 者 ， 不可不 察 也 ！,人物关系/师生关系/老师
马季,侯宝林,1951 年 调入 中国 广播 说唱团 工作 ， 先后 与 侯宝林 、 刘宝瑞 、 马季 、 郝爱民 等 合作 表演 相声 。,人物关系/师生关系/老师
颜回,孔子,同样 ， 孔子 也 非常 赏识 和 信任 颜回 ， 当 子贡 怀疑 颜回 偷吃 米饭 时 ， 孔子 坚信 颜回 不会 这样 做 ， 并用 巧妙 的 方法 解除 了 别人 的 疑问 。,人物关系/师生关系/老师
颜回,孔子,后来 妻子 劝夫 说 ： 你 听 过 古时 孔子 考验 颜回 的 故事 吗 ？,人物关系/师生关系/老师
颜回,孔子,颜回 死 ， 享年 四十一岁 ， 孔子 哭 之 恸 ， 曰 ： “ 噫 ！,人物关系/师生关系/老师
韩非,荀子,韩非 还 继承 了 老师 荀子 的 人性 恶 学说 ， 主张 治理 国家 必须 实行 刑赏 。,人物关系/师生关系/老师
白兔公子,彭祖,彭祖 有 8 大 弟子 ： 青衣 乌公 、 黑穴公 、 秀眉 公 、 白兔公子 、 离患公 、 太足君 、 高丘子 、 不肯 来 。,人物关系/师生关系/老师
岳云鹏,郭德纲,教室 Style 主演 简介 : 岳云鹏 ， 自幼 喜爱 相声 艺术 ， 2004 年 跟随 郭德纲 老师 学习 ， 主攻 相声 、 太平 歌词 、 竹板书 。,人物关系/师生关系/老师
颜回,孔子,司马贞 索隐 ： “ 苍蝇附骥 尾而致 千里 ， 以喻 颜回 因 孔子 而 名彰 。 ”,人物关系/师生关系/老师
汤潮,赵本山,2008 年 创作 和 演唱 的 歌曲 《 好男儿 》 被 选 做 赵本山 新剧 《 关东 大 先生 》 汤潮 的 照片 的 主题歌 。,人物关系/师生关系/老师
陈九公,赵公明,关于 横财 神 : 姚少司 是 峨眉山 罗浮洞 赵公明 的 弟子 ， 与 陈九公 是 同门 师兄弟 ， 是 截教 门人 。,人物关系/师生关系/老师
公孙胜,罗真人,5 、 明 施耐庵 《 水浒 》 第五十三回 《 戴宗 二取 公孙胜 李逵 独劈 罗真人 》 我 想 公孙胜 是 个 学道 的 人 ， 必然 在 个 名山大川 ， 洞 天真 境 居住 。,人物关系/师生关系/老师
洪凌波,李莫愁,洪凌波 角色 能力 : 洪凌波 得 李莫愁 真传 ， 而 李莫愁 的 古墓 剑法 精妙 无比 ， 故 洪凌波 的 剑法 也 是 凌厉 。,人物关系/师生关系/老师
薛谭,秦青,薛谭 师从 著名 歌唱家 秦青 学习 技艺 ， 薛谭 非常 聪明 、 好学 ， 嗓音 又 格外 甜美 。,人物关系/师生关系/老师
陈靖仇,陈辅,陈靖仇 是 陈国 后裔 ， 在 襁褓 时代 隋朝 四处 搜捕 陈国 遗族 时 ， 他 的 师父 陈辅 牺牲 了 自己 的 孙儿 ， 冒险 将 陈靖仇 替代 救出 。,人物关系/师生关系/老师
樊迟,孔子,战国 《 论语 · 子路 》 记载 ， 有 一次 樊迟 向 孔子 请教 稼圃 之事 ， 待 樊迟 出 ， 孔子 便 讥讽 他 ： “ 小人 哉 ， 樊须 也 。 ”,人物关系/师生关系/老师
陈真,霍元甲,武学 宗师 霍元甲 （ 高雄饰 ） 在 上海 设馆 授徒 ， 机缘巧合 下 解救 是 得 初入 黑帮 的 陈真 （ 甄子丹 饰 ）,人物关系/师生关系/老师
姜子牙,元始天尊,姜子牙 字 飞熊 ， 师从 元始天尊 修道 。,人物关系/师生关系/老师
张翠山,张三丰,"这时候 , 身为 张三丰 徒弟 张翠山 第 40 代 嫡传 子孙 的 张雨辰 基因 觉醒 !",人物关系/师生关系/老师
颜回,孔子,颜回 颜回 不仕 : 孔子 对 颜回 说 ： “ 颜回 ， 你 过来 ！,人物关系/师生关系/老师
宋小宝,赵本山,宋小宝 当时 就 好像 在 梦里 一样 ， 而 等到 他 醒过来 时 ， 已经 成 了 赵本山 的 徒弟 。,人物关系/师生关系/老师
宋小宝,赵本山,赵本山 、 宋小宝 、 赵海燕 、 孙丽荣,人物关系/师生关系/老师
樊迟,孔子,孔子 力倡 爱人 ： 樊迟 问 仁 ， 孔子 回答 爱人 （ 《 论语 · 颜渊 》 ） 。,人物关系/师生关系/老师
颜回,孔子,颜回 和 子路 都 是 孔子 的 学生 。,人物关系/师生关系/老师
全真七子,王重阳,《 神雕侠侣 》 — 甄志丙 、 王重阳 、 全真七子 、 忽必烈 、 周伯通,人物关系/师生关系/老师
颜回,孔子,这 “ 七十二 贤士 ” 中 ， 又数 颜回 是 孔子 最爱 的 弟子 。,人物关系/师生关系/老师
俞莲舟,张三丰,武当七侠 ， 各有所长 ， 但 张三丰 却 独对 张翠山 另加 青眼 ， 寄予厚望 ， 其 原因 ， 俞莲舟 说 是因为 张翠山 悟性 最高 ， 可 作 张三丰 的 衣钵传人 。,人物关系/师生关系/老师
马季,侯宝林,当时 领导 确定 侯宝林 、 刘宝瑞 、 郭启儒 、 郭全宝 都 是 马季 的 老师 ， 侯宝林 为 责任 老师 。,人物关系/师生关系/老师
颜回,孔子,铸颜 词语 解释 : 谓 孔子 培养 其 弟子 颜渊 ( 颜回 ) 成才 。,人物关系/师生关系/老师
王小虎,赵本山,王小虎 ： （ 朝 赵本山 ） 师傅 ， 太 对不起 了 ， 你 那 忽悠 智商 太低 了 ， 跟 你 也 学不着 啥 玩意儿 ！,人物关系/师生关系/老师
岳云鹏,郭德纲,郭德纲 得意门生 、 被 岳云鹏 粉丝 们 戏称 为 五环 教主 的 德云社 新秀 岳云鹏 ， 要 来 石家庄 开 相声 专场 演出 了 。,人物关系/师生关系/老师
颜回,孔子,《 孔子 家语 · 颜回 》 ： “ 达 於 情性 之理 ， 通 於 物类 之变 ， 知 幽明 之故 ， 覩 游气 之原 ， 若此 可谓 成人 矣 。 ”,人物关系/师生关系/老师
李昌镐,曹薰铉,第三轮 ： 李昌镐 1 : 0 刘小光 赵治勋 1 : 0 聂卫平 马晓春 1 : 0 小林觉 曹薰铉 1 : 0 片冈聪,人物关系/师生关系/老师
杨长在,杨志光,杨志光 - - 杨长在 、 张国庆,人物关系/师生关系/老师
林逸,杨明,王笑 嫣 林逸 的 师娘 之一 ， 杨 七七 的 母亲 ， 杨明 的 妻子 之一 。,人物关系/师生关系/老师
颜回,孔子,孔子 哭 得 哀痛 之 至 ， 说 ： “ 自从 我 有 了 颜回 这个 学生 ， 学生 们 就 更加 亲近 我 。 ”,人物关系/师生关系/老师
卓凤鸣,吕洞宾,直到 卓凤鸣 十五岁 时 ， 吕洞宾 仙游 至此 ， 来卓府 作客 ， 却 发现 一派 书香 的 庭院 中有 一个 人高马大 的 男孩子 扛着 一块 青石板 罚站 。,人物关系/师生关系/老师
颜回,孔子,其它 相关 : 原来 的 孔庙 内 ， 孔 圣殿 供奉 着 孔子 塑像 ， 东西 两 庑 供奉 孟子 、 曾子 、 颜回 等 人 。,人物关系/师生关系/老师
颜回,孔子,第七个 渊源 : 源于 姬姓 ， 出自 春秋时期 孔子 弟子 颜回 ， 属于 以 先祖 名字 为氏 。,人物关系/师生关系/老师
沙悟净,唐僧,"孙悟空 、 唐僧 、 沙悟净 轮番上阵 , 陌 小珠 … …",人物关系/师生关系/老师
颜回,孔子,在 孔门 弟子 中 ， 子夏 并 不象 颜回 、 曾 参辈 那样 恪守 孔子 之道 。,人物关系/师生关系/老师
张翠山,张三丰,张翠山 善良 厚道 善恶 分明 ， 自幼 拜 张三丰 为师 ； 师徒 情如 父子 ， 师兄弟 情如 手足 。,人物关系/师生关系/老师
宋小宝,赵本山,赵本山 带领 弟子 宋小宝 、 赵海燕 联袂 出演 的 小品 《 相亲 》 ， 引来 全场 千余名 观众 的 阵阵 爆 笑声 。,人物关系/师生关系/老师
颜回,孔子,2009 年 参演 电视剧 《 孔子 》 饰演 孔子 门生 颜回,人物关系/师生关系/老师
杨锐,张之洞,张之洞 、 杨锐 与 豁蒙楼,人物关系/师生关系/老师
陈靖仇,陈辅,5 . 公元 601 年 ， 陈国镇 国之宝 ， 由 陈辅 交由 陈国 少主 陈靖仇 手中 。,人物关系/师生关系/老师
颜回,孔子,庙 内 正中 祀 孔子 塑像 ， 两旁 为 四配 （ 颜回 、 曾 参 、 孔及 、 孟轲 ） 。,人物关系/师生关系/老师
汤潮,赵本山,《 好男儿 》 ( 赵本山 导演 电视剧 《 关东 大 先生 》 主题曲 ) 小 沈阳 、 汤潮 演唱 ( 担任 ： 说唱 ),人物关系/师生关系/老师
公孙胜,罗真人,孙安 道 ： “ 则 他 便是 罗真人 徒弟 ， 叫做 公孙胜 ， 宋 先锋 的 副 军师 。,人物关系/师生关系/老师
陈靖仇,陈辅,"陈辅 将 自己 复国 的 愿望 , 全落 在 幼小 的 陈靖仇 身上 ( 陈靖仇 之名 , 即 是 “ 靖北虏 , 复国 仇 ” 的 意思 ) 。",人物关系/师生关系/老师
薛谭,秦青,薛谭 于是 向 秦青 道歉 ， 想要 回来 继续 学习 。,人物关系/师生关系/老师
颜回,孔子,4 第四 部分 : 原文 : 子夏问 孔子 曰 ： “ 颜回 ① 之为 人 奚若 ？ ”,人物关系/师生关系/老师
颜回,孔子,也就是说 ， 对于 孔子 、 颜回 这样 品德高尚 的 人 来说 ， 快乐 不 在于 物质享受 ， 而 在于 精神 情操 的 追求 。,人物关系/师生关系/老师
颜回,孔子,孔子 的 弟子 颜回 ， 可谓 仁者 也 。,人物关系/师生关系/老师
梁守忠,万籁声,万籁声 又 传洪正福 、 周铨 、 刘家 填 、 陈训 德 、 秦腊生 、 梁守忠 等 。,人物关系/师生关系/老师
颜回,孔子,颜渊 ： 即 颜回 ， 是 孔子 得意 的 学生 ， 孔子 常常 称赏 其 品质 。,人物关系/师生关系/老师
颜回,孔子,颜回 出去 后 ， 孔子 环顾 了 一下 身边 的 弟子 说 ： 我 相信 颜回 不是 从 今天 开始 的 。,人物关系/师生关系/老师
沙悟净,唐僧,悟空 去求 观音 ， 观音 派木叉 前往 ， 木叉 叫 出 妖怪 ， 让 他 拜 唐僧 为师 ， 这 就是 沙悟净 沙和尚 ， 又称 沙僧 。,人物关系/师生关系/老师
颜回,孔子,颜回 卫国之 行 : 颜子 颜回 与 子路 随 孔子 进入 卫国 后 ， 二人 先至卫 都 帝丘 （ 在 今 河南 濮阳 西南 ） 颜浊 邹家 。,人物关系/师生关系/老师
宋小宝,赵本山,于震 宇 演艺 经历 : 说起 赵本山 徒弟 ， 多数 人会 想到 小 沈阳 、 宋小宝 … …,人物关系/师生关系/老师
赵姝,孙悦,2008 年 10 月 被 孙悦 授予 首徒 赵姝 新专辑 《 大无畏 》 制作 人,人物关系/师生关系/老师
颜回,孔子,( 6 ) 四友 ： 孔子 的 学生 颜回 、 子贡 、 子路 、 子张 ， 为 孔子 四友 。,人物关系/师生关系/老师
薛谭,秦青,第十一部分 : 原文 : 薛谭 学 讴于 秦青 ① ， 未穷 青之技 ， 自谓 尽 之 ， 遂 辞 归 。,人物关系/师生关系/老师
卓凤鸣,吕洞宾,大 师兄 谢云流 叛出 师门 后 ， 吕洞宾 一直 郁郁寡欢 ， 卓凤鸣 觉得 纯阳 内乱 是 朝廷 权力斗争 造成 的 ， 一直 对此 心怀 愤恨 。,人物关系/师生关系/老师
仲由,孔子,这场 政变 中 ， 孔子 著名 子弟 仲由 被 杀 。,人物关系/师生关系/老师
李昌镐,曹薰铉,本届 杯赛 刘昌赫 第一个 出场 ， 先后 战胜 了 曹薰铉 、 李世石 等 高手 一路 连胜 ， 已 实现 了 13 连胜 ， 正在 向 李昌镐 的 纪录 逼近 。,人物关系/师生关系/老师
汤潮,赵本山,赵本山 是 中国 的 小品 王 ， 而 汤潮 是 靠 唱 网络 歌曲 起家 的 歌手 ， 这 两个 风马牛不相及 的 人 为什么 能 成为 师徒 ？,人物关系/师生关系/老师
颜回,孔子,列子 黄帝 注释 : ( 1 ) 颜回 — — 字子渊 ， 鲁国 人 ， 孔子 弟子 。,人物关系/师生关系/老师
沙悟净,唐僧,"最后 , 在 菩萨 的 指示 下 , 另 赐 法名 为 沙悟净 , 得以 追随 唐僧 等 人西去 取经 。",人物关系/师生关系/老师
刘伟,马季,表演者 ： 马季 、 赵炎 、 冯巩 、 刘伟 、 王金宝 、 王谦祥 、 李增瑞 、 戴志诚 、 郑健,人物关系/师生关系/老师
李胜素,梅葆玖,《 大唐 贵妃 》 （ 史依弘 、 李胜素 、 梅葆玖 分饰 杨贵妃 ， 李军 、 于魁智 、 张学津 分饰 李隆基 ）,人物关系/师生关系/老师
仲由,孔子,仲由 经常 批评 孔子 ， 孔子 也 常 批评 他 ， 仲由 闻过则喜 ， 能 虚心接受 。,人物关系/师生关系/老师
仲由,孔子,子路 ： 孔子 的 弟子 仲由 。,人物关系/师生关系/老师
姜昆,马季,相声 ： 姜昆 、 赵炎 、 李文华 （ 已故 ） 、 马季 （ 已故 ） 等 。,人物关系/师生关系/老师
颜回,孔子,孔子 颜氏 弟子 知名 的 有 八人 ， 是否 为 颜回 学派 ， 学界 存疑 ） 。,人物关系/师生关系/老师
曹薰铉,李昌镐,第三轮 ： 徐奉洙 1 : 0 曹薰铉 张文东 1 : 0 俞斌 李昌镐 1 : 0 梁宰豪 金熙中 1 : 0 刘小光,人物关系/师生关系/学生
卫夫人,王羲之,崔瑗 张芝 张昶 锺 繇 锺 会 韦诞 皇象 嵇康 卫瓘 卫夫人 索靖 谢安 王导 王敦 王廙 王洽 王珉 王羲之 王献之,人物关系/师生关系/学生
曹薰铉,李昌镐,李昌镐 现象 的 深思 （ 代序 ） 第一章 师 出名门 ― ― 师徒 大战 第一节 谢师礼 ― ― 第一个 冠军 第二节 冲击 曹薰铉 时代 … …,人物关系/师生关系/学生
曹薰铉,李昌镐,韩国 外卡 队 ： 曹薰铉 九段 、 刘昌赫 九段 、 李昌镐 九段,人物关系/师生关系/学生
曹薰铉,李昌镐,李昌镐 运动 生涯 : 1984 年 9 月 ， 9 岁 的 李昌镐 正式 拜 曹薰铉 为师 ， 成 了 曹薰铉 的 内 弟子 。,人物关系/师生关系/学生
步鹰,燕双鹰,在 师徒 二人 的 最后 较量 中 ， 燕双鹰 一招 飞刀 射进 了 步鹰 的 喉咙 ， 步鹰 彻底 死亡 。,人物关系/师生关系/学生
步鹰,燕双鹰,当 燕双鹰 率队 攻破 山寨 时 ， 他 竟然 又 看到 了 师父 步鹰 那张 熟悉 的 面孔 ......,人物关系/师生关系/学生
吕洞宾,韩湘子,八仙过海 剧情简介 : 古代 神话 中有 八位 神仙 ： 铁拐李 、 汉 钟离 、 张果老 、 蓝采和 、 吕洞宾 、 韩湘子 、 何仙姑 和 曹国舅 ， 人们 并 称为 八仙 。,人物关系/师生关系/学生
吕洞宾,韩湘子,行会 供奉 的 祖师 是 吕洞宾 和 韩湘子 ， 各行 会 每年 三月 举行 一次 祖师 祭拜 活动 。,人物关系/师生关系/学生
陈辅,陈靖仇,符鬼 来源 : 陈辅 曾 给 徒儿 陈靖仇 一个 “ 符鬼 之符 ” ， 说 以后 若 一个 人有 困难 就 把 它 打开 。,人物关系/师生关系/学生
陈辅,陈靖仇,帮助 陈靖仇 营救 陈辅 并 封印 饕餮 ， 引导 于 小雪 自身 女娲 石 力量 逐渐 觉醒 ， 再度 步入 红尘 挽救 神州 天劫 。,人物关系/师生关系/学生
曹薰铉,李昌镐,第三轮 ： 李昌镐 1 : 0 刘小光 赵治勋 1 : 0 聂卫平 马晓春 1 : 0 小林觉 曹薰铉 1 : 0 片冈聪,人物关系/师生关系/学生
吕洞宾,韩湘子,韩湘子 ， 字 清夫 ， 是 古代 汉族 民间传说 故事 中 的 八仙 之一 ， 擅吹 洞箫 ， 拜 吕洞宾 为 师学道 。,人物关系/师生关系/学生
王重阳,全真七子,第一节 全真七子 拜师 王重阳,人物关系/师生关系/学生
曹薰铉,李昌镐,因 李昌镐 是 曹薰铉 的 内 弟子 ， 这种 情分 远远 超过 了 单纯 的 老师 的 概念 。,人物关系/师生关系/学生
马枪月,谷本夏,其兄 是 擅长 八卦掌 的 马枪月 ， 所以 与 谷本夏 是 ” 师 叔侄 “ 的 关系 ；,人物关系/师生关系/学生
陈辅,陈靖仇,陈靖仇 是 陈国 后裔 ， 在 襁褓 时 .. 代 隋朝 四处 搜捕 陈国 遗族 时 ， 他 的 师父 陈辅 牺牲 了 自己 的 孙儿 ， 冒险 将 陈靖仇 替代 救出 。,人物关系/师生关系/学生
吕洞宾,韩湘子,八仙 一般 是 指 铁拐李 、 汉锺离 、 蓝采和 、 张果老 、 何仙姑 、 吕洞宾 、 韩湘子 、 曹国舅 ， 这 八位 神仙 人物 。,人物关系/师生关系/学生
胡青牛,张无忌,后来 ， 张无忌 在 与 胡青牛 的 ” 问答 “ 中 ， 找到 了 救助 这群人 的 方法 ， 开始 救治 这些 人 ， 受伤 的 人 病情 开始 好转 。,人物关系/师生关系/学生
吕洞宾,韩湘子,后经 钟汉 离 、 吕洞宾 搭救 ， 把 “ 鹤儿 ” 送 去 “ 官宦 人家 为子 ” ， 这样 仙鹤 才 转世 ， “ 这 便是 八仙 中 的 韩湘子 ” 。,人物关系/师生关系/学生
卫夫人,王羲之,王羲之 少时 学 卫夫人 书法 ， 后来 得到 叔父 王虞 的 指导 。,人物关系/师生关系/学生
文殊广法天尊,金吒,门内 ： 金吒 黄飞虎 殷郊 殷洪 文殊广法天尊,人物关系/师生关系/学生
曹薰铉,李昌镐,围棋 定式 韩国 著名 高手 : 韩国 四老 天王 ： 李昌镐 、 曹薰铉 、 徐奉洙 、 刘昌赫,人物关系/师生关系/学生
曹薰铉,李昌镐,第三轮 ： 李昌镐 1 : 0 刘昌赫 曹薰铉 1 : 0 马晓春 赵治勋 1 : 0 金秀壮 聂卫平 1 : 0 林海峰,人物关系/师生关系/学生
曹薰铉,李昌镐,半决赛 ： 李昌镐 2 : 1 曹薰铉 林海峰 2 : 0 赵治勋,人物关系/师生关系/学生
曹薰铉,李昌镐,他 与 李昌镐 、 曹薰铉 、 刘昌赫 合称 “ 韩国 棋坛 四大 金刚 ” 。,人物关系/师生关系/学生
吕洞宾,韩湘子,八仙 即 人们 常说 的 ： 铁拐李 ， 汉 钟离 ， 张果老 ， 何仙姑 ， 兰采 和 ， 吕洞宾 ， 韩湘子 ， 曹国舅 ， 八仙 面取 “ 八仙 庆寿 ” 之意 。,人物关系/师生关系/学生
王重阳,全真七子,全真教 全真七子 : 道教 全真道 创始人 王重阳 的 七位 嫡传 弟子 。,人物关系/师生关系/学生
曹薰铉,李昌镐,李昌镐 围棋 生涯 中 的 另 一个 重要 人物 是 韩国 围棋 国手 曹薰铉 。,人物关系/师生关系/学生
吕洞宾,韩湘子,老寿星 南极 仙翁 过寿 ， 八大 仙人 （ 即 道家 汉 钟离 、 张果老 、 韩湘子 、 铁拐李 、 曹国舅 、 吕洞宾 、 兰采 和 、 何仙姑 ） 齐来 祝寿 。,人物关系/师生关系/学生
王重阳,全真七子,由此 ， 追随 王重阳 在 创派 时 的 七个 胶东 道人 ， 被 称为 “ 全真七子 ” 。,人物关系/师生关系/学生
单联全,冯一非,随后 ， 冯一非 与 单联全 推出 的 《 我 的 老爹 》 ， 同样 社会 反响强烈 ， 赞誉声 不绝于耳 。,人物关系/师生关系/学生
胡青牛,张无忌,后来 常遇春 又 告诉 他 张无忌 是 天鹰 教 殷白眉 的 外孙 之后 ， 胡青牛 有意 为 他 治病 ， 但 要求 张无忌 许偌 以后 投身 天鹰 教 ， 不再 做 武当 弟子 。,人物关系/师生关系/学生
卫夫人,王羲之,中国 字 书法家 : 魏晋 南北朝 : 曹操 钟繇 王羲之 王献之 王徽之 索靖 卫恒 卫夫人 谢安 王珣 薄绍之 萧思话 萧衍 王荟 王僧虔 王志 王慈 羊欣,人物关系/师生关系/学生
曹薰铉,李昌镐,依田纪基 拿到 五 连胜 ， 但 韩国 徐奉洙 也 取得 四 连胜 佳绩 ， 虽然 武宫正树 赢下 曹薰铉 ， 但 还是 未能 过 李昌镐 这 最后 一关 。,人物关系/师生关系/学生
曹薰铉,李昌镐,曹薰铉 获 冠军 ， 李昌镐 获 亚军,人物关系/师生关系/学生
卫夫人,王羲之,除 卫夫人 是 王羲之 的 书法 启蒙 师 以外 ， 卫夫人 还 可能 是 王羲之 的 姨母 。,人物关系/师生关系/学生
范遥,赵敏,赵敏 才能 : 范遥 哈哈 一笑 ， 说道 ： “ 教主 这 几句 言语 ， 正 说出 了 属下 的 心事 。,人物关系/师生关系/学生
吕洞宾,韩湘子,八仙 即 铁拐李 、 汉 钟离 、 吕洞宾 、 张果老 、 曹国舅 、 韩湘子 、 蓝采和 、 何仙姑 八人 ， 道教 援引 而 改造 之 ， 成 一组 上仙 。,人物关系/师生关系/学生
吕洞宾,韩湘子,龙 家 父子 于是 先 勒令 校长 开除 吕洞宾 和 韩湘子 ， 再 把 众人 逐出 文武庙 。,人物关系/师生关系/学生
王重阳,全真七子,万寿宫 为 主体 建筑 ， 宫内 塑有 全真道 祖 王重阳 及 全真七子 像 。,人物关系/师生关系/学生
王重阳,全真七子,相关 传说 : 相传 王重阳 在 此 闭关 成功 ， 继而 发展 处 全真教 ， 出现 全真七子 。,人物关系/师生关系/学生
曹薰铉,李昌镐,但是 当时 ， 曹薰铉 刚 夺取 了 应氏杯 ， 如日中天 ， 曹薰铉 以三比 一封 杀 了 自己 的 弟子 ， 李昌镐 第一次 吞下 了 大赛 失利 的 苦果 。,人物关系/师生关系/学生
吕洞宾,韩湘子,八仙 吕洞宾 、 韩湘子 、 蓝采和 、 李铁拐 、 张果老 、 何仙姑 、 曹国舅 和 汉 钟离 也 相继 赶到 ， 和 圣母 共赴 白云 盛会 。,人物关系/师生关系/学生
卫夫人,王羲之,在 一定 程度 上 可以 讲 ， 没有 卫夫人 的 启蒙教育 ， 也 就 没有 后来 的 书圣 王羲之 。,人物关系/师生关系/学生
吕洞宾,韩湘子,但据 《 辞海 》 记载 ： 八仙 是 指 铁拐李 、 汉 钟离 、 张果老 、 何仙姑 、 蓝采和 、 吕洞宾 、 韩湘子 、 曹国舅 八位 神仙 。,人物关系/师生关系/学生
单联全,冯一非,单联全 、 冯一非 、 江宏恩,人物关系/师生关系/学生
吕洞宾,韩湘子,共七男 一女 ， 即汉 钟离 （ 钟离权 ） 、 张果老 、 韩湘子 、 铁拐李 、 曹国舅 、 吕洞宾 、 蓝采和 及 何仙姑 。,人物关系/师生关系/学生
王重阳,全真七子,王重阳 在 陕西 修道 后 赴 山东 宁海 传道 ， 收 全真七子 。,人物关系/师生关系/学生
曹薰铉,李昌镐,韩国 著名 高手 : 韩国 四老 天王 ： 李昌镐 、 曹薰铉 、 徐奉洙 、 刘昌赫,人物关系/师生关系/学生
胡青牛,张无忌,倚 ： 胡青牛 、 王难姑 （ 正 ） 张无忌 、 小昭 （ 邪 ） 朱九真 、 宋青书,人物关系/师生关系/学生
吕洞宾,韩湘子,八仙 铁拐李 、 汉 钟离 、 吕洞宾 、 何仙姑 、 蓝采和 、 韩湘子 、 曹国舅 、 张果老,人物关系/师生关系/学生
单联全,冯一非,2007 年 冯一非 和 单联全 一起 创作 了 家庭 情感 剧 《 我 的 丑娘 》 的 剧本 ， 并 在 剧中 饰演 丑娘 的 媳妇 赵小旭 。,人物关系/师生关系/学生
卫夫人,王羲之,王羲之 奋发向上 ， 游学 归来 书艺 猛进 ， 感动 了 爱才惜 才 的 郗 太尉 ， 最后 在 老师 卫夫人 的 撮合 下 ， 有情人终成眷属 。,人物关系/师生关系/学生
吕洞宾,韩湘子,新 八仙 传奇 内容提要 : 本剧 讲述 了 李玄 、 吕洞宾 、 铁拐李 、 韩湘子 、 何仙姑 等 八人 得道成仙 的 传奇 故事 。,人物关系/师生关系/学生
胡青牛,张无忌,张无忌 悟性 : 胡青牛 见 他 悟性 奇高 … …,人物关系/师生关系/学生
万剑一,林惊羽,真法 剑诀 四 式 剑诀 : 真法 剑诀 斩 鬼神 真诀 : 斩 鬼神 是 青云 门 掌门 道 玄 真人 的 师弟 万剑一 的 绝学 ， 后 林惊羽 在 祖师 斩 鬼神 精通 者 ( 2 张 ),人物关系/师生关系/学生
曹薰铉,李昌镐,在 国际 赛场 上 先后 战胜 曹薰铉 、 李昌镐 、 李世石 等 韩国 超一流 棋手 的 他 ， 被 媒体 称为 “ 中华 英雄 ” 。,人物关系/师生关系/学生
曹薰铉,李昌镐,作为 曹薰铉 的 内 弟子 ， 李昌镐 住 在 老师 家 ， 当 他 第一次 战胜 老师 的 时候 ， 曹薰铉 整夜未归 ， 而 李昌镐 依然 平心静气 地 在 楼上 打 棋谱 。,人物关系/师生关系/学生
王重阳,全真七子,孙不二 （ 1119 — 1182 ） 法名 不二 ， 号 清净 散人 ， 或 王重阳 与 全真七子 称 孙仙姑 。,人物关系/师生关系/学生
吕洞宾,韩湘子,26 . 神话 八仙 ： 铁拐李 汉 钟离 张果老 何仙姑 蓝采和 吕洞宾 韩湘子 曹国舅,人物关系/师生关系/学生
应天文,韩慕侠,韩慕侠 学拳 于 应天文 ， 同是 毕澄霞 门下 ， 两人 相互 印证 ， 认可 双方 皆 属 同门 ， 于是 自称为 广华派 八卦掌 。,人物关系/师生关系/学生
万剑一,林惊羽,林惊羽 则 偶然 得到 了 藏身 在 祖师 祠堂 中 的 上代 青云 最出色 的 人物 万剑一 的 教诲 ， 修为 也 大有 长进 。,人物关系/师生关系/学生
胡青牛,张无忌,在 被 张无忌 救活 以后 ， 胡青牛 夫妇 决定 驾车 离开 蝴蝶谷 。,人物关系/师生关系/学生
王重阳,全真七子,王重阳 去世 后 ， 全真七子 在 广为 传道 的 同时 ， 还 说服 成吉思汗 罢兵 止 杀 ， 挽救 苍生 于 危难 ， 使得 全真 派 更加 风行 天下 。,人物关系/师生关系/学生
吕洞宾,韩湘子,3 ） 蓬莱 八仙 ： 张果老 、 汉 钟离 、 吕洞宾 、 蓝采和 、 韩湘子 、 何仙姑 、 曹国舅 、 铁拐李 。,人物关系/师生关系/学生
卫夫人,王羲之,卫夫人 看到 王羲之 着急 的 样子 ， 既 可爱 ， 又 可笑 ， 便 说 ： “ 孩子 ， 不要 太急 了 ， 我 先 给 你 讲个 墨池 的 故事 吧 ！,人物关系/师生关系/学生
文殊广法天尊,金吒,李靖 ： “ 大儿子 叫 金吒 ， 拜 在 文殊广法天尊 门下 ； 二儿 名 木吒 ， 拜 普贤 真人 为师 。,人物关系/师生关系/学生
曾书书,王细雨,欧阳剑 秋 ： 年轻 一辈 弟子 ， 曾书书 徒弟 ， 爱慕 王细雨 ， 后 不幸 被 杀 。,人物关系/师生关系/学生
吕洞宾,韩湘子,"新论 依据 : 新近 发现 的 吕 氏族谱 、 蓝 氏族谱 以及 其他 考古 新 发现 , 记述 吕洞宾 、 蓝采和 、 韩湘子 等 人 的 生平事迹 … …",人物关系/师生关系/学生
吕洞宾,韩湘子,仙人 韩湘子 、 吕洞宾 分别 化 变成 和尚 、 道士 ， 私下 凡尘 ， 肆意 戏弄 牡丹 ， 看其 是否 诚心 修炼 ， 谁知 讨个 没趣,人物关系/师生关系/学生
曹薰铉,李昌镐,刘昌赫 、 李世石 、 李昌镐 、 朴永训 、 曹薰铉 等 。,人物关系/师生关系/学生
吕洞宾,韩湘子,从 “ 八仙 ” 故事 来 印证 ， 铁拐李 、 汉 钟离 、 蓝采和 、 张果老 、 何仙姑 、 吕洞宾 、 韩湘子 、 曹国舅 。,人物关系/师生关系/学生
吕洞宾,韩湘子,汉族 民间传说 中 的 八仙 分别 是 ： 铁拐李 、 钟离权 、 张果老 、 吕洞宾 、 何仙姑 、 蓝采和 、 韩湘子 、 曹国舅 。,人物关系/师生关系/学生
吕洞宾,韩湘子,中国 民间 流传 的 八位 仙人 ， 道教 援引 改造 之 ， 成 一组 上仙 ， 即 铁拐李 、 钟离权 、 吕洞宾 、 张果老 、 曹国舅 、 韩湘子 、 蓝采和 、 何仙姑 。,人物关系/师生关系/学生
卫夫人,王羲之,出自 晋 · 王羲之 《 题 卫夫人 笔阵 图后 》 。,人物关系/师生关系/学生
卫夫人,王羲之,二 、 玄 的 心灵 状态 ： 卫夫人 、 王羲之 书论,人物关系/师生关系/学生
曹薰铉,李昌镐,1998 年 第 4 届 三星 杯 第一轮 胜 金东烨 ； 16 强胜 曹薰铉 ； 8 强负 李昌镐,人物关系/师生关系/学生
卫夫人,王羲之,蔡邕 受于 神人 ， 而传 与 崔瑗 及 女 文姬 ， 文姬 传之 钟繇 ， 钟繇 传之 卫夫人 ， 卫夫人 传之 王羲之 ， 王羲之 传之 王献之 。,人物关系/师生关系/学生
包道乙,郑彪,方腊 派出 “ 灵应 天师 ” 包道乙 和 他 的 徒弟 “ 郑魔君 ” 郑彪 ， 以及 猎户 出身 的 将领 夏侯成 去 救应 。,人物关系/师生关系/学生
王重阳,全真七子,七子 全真七子 : 全真七子 ： 指 马钰 、 谭处端 、 刘处玄 、 丘处机 、 王处一 、 郝大通 、 孙不二 ， 为 道教 全真道 创始人 王重阳 的 七位 嫡传 弟子 。,人物关系/师生关系/学生
步鹰,燕双鹰,并 为了 步鹰 那 不可告人 的 目的 收燕家 唯一 的 幸存者 、 燕彪 的 小儿子 燕双鹰 为 徒弟 ， 训练 了 燕双鹰 很多 超人 本领 。,人物关系/师生关系/学生
吕洞宾,韩湘子,大家 都 知道 ， 民间传说 中 的 八仙 分别 是 ： 铁拐李 、 钟离权 、 张果老 、 吕洞宾 、 何仙姑 、 蓝采和 、 韩湘子 、 曹国舅 。,人物关系/师生关系/学生
于海,李连杰,《 少林寺 》 让 观众 着迷 的 是 ， 李连杰 的 一招一式 刚柔相济 ， 于海 的 螳螂拳 出神入化 ， 胡坚强 的 地趟 拳腾落 舒展 ， 于承惠 的 醉 剑 游龙 似凤 。,人物关系/师生关系/学生
吕洞宾,韩湘子,国舅 偕 兄弟二人 赶到 朱 县令 家 ， 老二 将 手 一举 ， 点金 棒 飞回 他 手中 ， 立即 变成 一只 神箫 ， 兄弟二人 恢复 了 吕洞宾 和 韩湘子 的 本相 。,人物关系/师生关系/学生
吕洞宾,韩湘子,第二层 北门 ， 自 西向东 共 八幅 勺 “ 仙 醉酒 ” 画面 ， 依次 仍为 钟离权 、 张果老 、 吕洞宾 、 曹国舅 、 铁拐李 、 蓝采和 、 韩湘子 和 何仙姑 。,人物关系/师生关系/学生
吕洞宾,韩湘子,八仙洞 ， 因 吕洞宾 游此 而 名 ， 洞内塑 道家 八仙 ， 即汉 钟离 、 曹国舅 、 韩湘子 、 李铁拐 、 张果老 、 吕洞宾 、 何仙姑 、 蓝彩 和 等 。,人物关系/师生关系/学生
陈辅,陈靖仇,"陈辅 将 自己 复国 的 愿望 , 全落 在 幼小 的 陈靖仇 身上 ( 陈靖仇 之名 , 即 是 “ 靖北虏 , 复国 仇 ” 的 意思 ) 。",人物关系/师生关系/学生
云中子,雷震子,云中子 作罢 诗 ， 命 雷震子 ； “ 随 我 进洞 来 。 ”,人物关系/师生关系/学生
曹薰铉,李昌镐,同年 弟子 李昌镐 夺走 其 最后 一个 国内 头衔 大王 战 ， 从此 韩国 棋坛 结束 长达 19 年 的 曹薰铉 时代 。,人物关系/师生关系/学生
陈辅,陈靖仇,不久 ， 陈国 后裔 陈靖仇 在 想 办法 救 师父 陈辅 之 时 ， 在 月 河村 认识 被 村人 歧视 的 白发 少女 于 小雪 ， 于 黑 山镇 结识 拓跋 部落 二 小姐 拓跋 玉儿 。,人物关系/师生关系/学生
卫夫人,王羲之,一说 为 卫铄 ， 即 卫夫人 ， 王羲之 的 老师 。,人物关系/师生关系/学生
吕洞宾,韩湘子,八洞 神仙 道教 八仙 : 今天 人们 熟知 的 道教 八仙 ， 是 指 张果老 、 铁拐李 、 汉 钟离 、 吕洞宾 、 韩湘子 、 何仙姑 、 蓝采和 与 曹国舅 。,人物关系/师生关系/学生
曹薰铉,李昌镐,副帅 之战 ， 常昊 力挫 韩国 围棋 皇帝 曹薰铉 ， 直奔 韩国 的 农心杯 定海神针 李昌镐 阵前 。,人物关系/师生关系/学生
吕洞宾,韩湘子,八仙 ： 铁拐李 、 汉 钟离 、 吕洞宾 、 何仙姑 、 蓝采和 、 韩湘子 、 曹国舅 、 张果老,人物关系/师生关系/学生
曹薰铉,李昌镐,第 3 局 模仿 之战 黑方 曹薰铉 白方 李昌镐,人物关系/师生关系/学生
吕洞宾,韩湘子,八仙 即 汉族 民间传说 中 的 李铁拐 、 汉 钟离 、 张果老 、 何仙姑 、 蓝采和 、 吕洞宾 、 韩湘子 、 曹国舅 八位 神仙 。,人物关系/师生关系/学生
吕洞宾,韩湘子,2 . 该法 因其 假托 汉 钟离 、 吕洞宾 、 韩湘子 、 曹国舅 、 何仙姑 、 蓝 采荷 、 张果老 、 铁拐李 八仙 诸形 （ 态 ） 演之 ， 故 名 。,人物关系/师生关系/学生
曹薰铉,李昌镐,韩国队 李昌镐 领衔 ， 曹薰铉 、 刘昌赫 、 睦镇硕 、 崔圭丙 、 洪钟贤 、 郑寿铉 参赛 。,人物关系/师生关系/学生
卫夫人,王羲之,③ 卫氏 夫人 ： 卫夫人 是 运城 夏县 人 ， 曾任 王羲之 的 老师 。,人物关系/师生关系/学生
李蒙,骆家辉,1997 年 3 月 9 日 ， 李蒙 为 骆家辉 诞下 一名 重 5 磅 9 安士 （ 5 斤 2 两 ） 的 女儿 ， 并 给 她 取名 叫 EmilyNicoleLocke 。,NAN
王晓玉,刘晓庆,感情生活 : 王晓玉 与 他 的 妻子 刘晓庆 ( 3 张 ),NAN
史文恭,宋江,宋江 将 曾升 斩首 ， 杀 尽 曾家 满门 ， 押 着 史文恭 回军 梁山 。,NAN
王熙凤,贾琏,第二十回 王熙凤 正言弹 妒意 林黛玉 俏语 谑 娇音 第三辑 目录 : 第二十一回 贤袭 人 娇嗔 箴 宝玉 俏 平儿 软语 救 贾琏,人物关系/亲属关系/配偶/丈夫/现夫
苏蕙,窦滔,“ 璇玑 图 ” 织好 后 ， 苏蕙 派 人 送往 襄阳 交给 窦滔 。,人物关系/亲属关系/配偶/丈夫/现夫
何泽慧,钱三强,何泽慧 感情生活 : 钱三强 是 一代 国学大师 钱玄同 的 儿子 ， 天性 聪敏 ， 勤奋好学 。,人物关系/亲属关系/配偶/丈夫/现夫
罗通,罗成,唐王 李世民 亲封 忠良 罗成 之子 ， 15 岁 的 罗通 为 扫北 大元帅 ， 令其 平灭 反贼 。,人物关系/亲属关系/血亲/自然血亲/父母/生父
扶苏,秦始皇,秦始皇 死后 ， 他 与 赵高 定谋 ， 改 遗诏 ， 杀 始皇 长子 扶苏 ， 立少子 胡亥 为帝 。,人物关系/亲属关系/血亲/自然血亲/父母/生父
毛岸青,毛泽东,毛泽东 的 次子 毛岸青 经常 受到 罗荣桓 的 接济 。,人物关系/亲属关系/血亲/自然血亲/父母/生父
白敬祺,佟湘玉,恋人 / 青梅竹马 ： 白敬祺 （ 佟湘玉 与 白展堂 之子 ）,人物关系/亲属关系/血亲/自然血亲/父母/生母
刘英娥,袁齐妫,后来 袁齐妫 嫁给 宜都 王 刘义隆 ， 成为 宜都 王妃 ， 并 为 刘义隆 生 下 儿子 刘劭 和 女儿 东阳 献 公主 刘英娥 。,人物关系/亲属关系/血亲/自然血亲/父母/生母
杨不悔,纪晓芙,梁少霞 电视剧 配音 : 梁少霞 1994 : （ 倚天 屠龙记 ） 纪晓芙 、 杨不悔 梁少霞 1995 : （ 同一 屋檐下 / 同一 屋檐下 II ） 柏木 小梅,人物关系/亲属关系/血亲/自然血亲/父母/生母
钱基博,钱钟书,华中师大 是 钱钟书 的 尊人 钱基博 的 终老 之地 ， 华中师大 领导 决定 于 1987 年 钱基博 的 百年诞辰 时开个 隆重 的 纪念会 。,人物关系/亲属关系/血亲/自然血亲/子女/儿子
江别鹤,江玉郎,虽然 生性 淫邪 阴毒 ， 可 平生 最 看不上 伪君子 ， 直指 江别鹤 与 江玉郎 都 非 善类 ， 乃 伪善 之 辈 。,人物关系/亲属关系/血亲/自然血亲/子女/儿子
谭江柏,谭咏麟,谭咏麟 手 捧 父亲 遗照 2006 年 3 月 16 日 ， 95 岁 高龄 的 谭江柏 与世长辞 。,人物关系/亲属关系/血亲/自然血亲/子女/儿子
宁中则,岳灵珊,1 人物 生平 : 岳灵珊 为 华山派 掌门 岳不群 和 宁中则 的 独女 ， 从小 与 大 师兄 令狐冲 是 青梅竹马 ， 与 令狐冲 合创 冲灵 剑法 。,人物关系/亲属关系/血亲/自然血亲/子女/女儿
吴绮莉,吴卓林,[ 11 - 12 ] 2011 年 吴绮莉 毅然 带 着 女儿 吴卓林 由 上海 返港 定居 。,人物关系/亲属关系/血亲/自然血亲/子女/女儿
李逍遥,李忆如,"仙剑 奇侠传 一后 传 内容简介 : 本书 是 根据 电视剧 版 《 仙一 》 改编 的 灵儿 死 了 后 , 李逍遥 会带 着 数月 大 的 李忆如 作出 什么 选择 呢 ?",人物关系/亲属关系/血亲/自然血亲/子女/女儿
萧令嫕,王溥,王琳 娶 梁武帝 妹妹 义兴 长 公主 萧令嫕 ， 其子 王铨 娶 武帝 女 永嘉 公主 ， 王铨 子 王溥 娶 武帝 孙女 余姚公主 。,人物关系/亲属关系/血亲/自然血亲/孙子女/孙子
吴老狗,吴邪,（ 盗墓 笔记 人物 ） : 《 盗墓 笔记 》 中 人物 ， 长沙 有名 的 老 九门 第五家 吴老狗 的 三 儿子 ， 吴邪 的 三叔 ， 吴家 最后 一代 真正 的 盗墓者 。,人物关系/亲属关系/血亲/自然血亲/孙子女/孙子
范高平,范岱年,范高平 人物 简介 : 范高平 （ 1868 - 1944 ） ， 是 范岱年 的 祖父 ， 范寿康 的 父亲 ， 浙江 上虞 人 。,人物关系/亲属关系/血亲/自然血亲/孙子女/孙子
刘咏尧,刘若英,比 朋友 多一点 歌手 介绍 : 刘若英 出身 军人 世家 ， 其 祖父 刘咏尧 毕业 于 黄埔军校 一期 ， 陆军 四星 上将 退役 ， 刘父 则 是 海军 舰长 退役 。,人物关系/亲属关系/血亲/自然血亲/孙子女/孙女
刘咏尧,刘若英,刘若英 出身 军人 世家 ， 其 祖父 刘咏尧 毕业 于 黄埔军校 一期 ， 陆军 四星 上将 退役 ， 刘父 则 是 海军 舰长 退役 。,人物关系/亲属关系/血亲/自然血亲/孙子女/孙女
霍仙姑,霍秀秀,霍仙姑 ： 霍秀秀 的 奶奶 。,人物关系/亲属关系/血亲/自然血亲/孙子女/孙女
杨婵,杨戬,大 金乌 奉命 下令 诛杀 杨家 满门 ， 杀 了 杨天佑 和 杨蛟 ， 杨戬 和 杨婵 在 天 蓬元帅 的 相助 之下 幸免于难 。,人物关系/亲属关系/血亲/自然血亲/兄弟姐妹/哥哥
平阳君,赵惠文王,赵惠文王 ( 赵何 ) 安阳 君 ( 赵章 ) 平阳君 ( 赵豹 ) 平原君 ( 赵胜 ) … … … … … … … … … … …,人物关系/亲属关系/血亲/自然血亲/兄弟姐妹/哥哥
张顺,张横,张横 梁山 聚义 : 祝家庄 之 战后 ， 张横 与 张顺 一同 镇守 山后 旱寨 。,人物关系/亲属关系/血亲/自然血亲/兄弟姐妹/哥哥
方如沁,方兰生,方如沁 和 孙月言 这边 正 担心 方兰生 ， 就 见 欧阳少恭 带 着 假巽芳 和 方兰生 回来 。,人物关系/亲属关系/血亲/自然血亲/兄弟姐妹/弟弟
季布,季心,季心 ： 季布 弟 ， 亦 以 任侠 名 。,人物关系/亲属关系/血亲/自然血亲/兄弟姐妹/弟弟
姜王后,姜文焕,姜桓楚 和 姜王后 被 纣王 无端 杀害 ， 姜文焕 悲愤交加 ， 自立 为 东伯侯 ， 竖起 反商 大旗 ， 是 八百 路 诸侯 中 第一个 造反 的 。,人物关系/亲属关系/血亲/自然血亲/兄弟姐妹/弟弟
尤二姐,尤氏,尤二姐 人物 简介 : 新版 红楼梦 尤二姐 尤二姐 ， 贾珍 妻 尤氏 的 异母 妹 ， 是 尤老娘 前夫 所 生 ， 后 尤老娘 改嫁 尤家时 随来 。,人物关系/亲属关系/血亲/自然血亲/兄弟姐妹/姐姐
和政公主,宁国公主,安禄山 造反 的 那 一年 ， 京城 被 攻破 ， 和政公主 的 姐姐 宁国公主 的 丈夫 战死 了 ， 宁国公主 十分 悲伤 。,人物关系/亲属关系/血亲/自然血亲/兄弟姐妹/姐姐
和硕敦恪公主,和硕温恪公主,海宽 之 女 ， 生 爱新觉罗 · 胤 祥 、 和硕温恪公主 、 和硕敦恪公主 。,人物关系/亲属关系/血亲/自然血亲/兄弟姐妹/姐姐
章子男,章子怡,章子男 人物 经历 : 章子男 ， 章子怡 的 哥哥 ， 内地 经纪人 ， 原来 的 工作 单 章子男 在 章子怡 的 新闻 发布会 上位 是 电信公司 ， 与 父亲 同一 单位 。,人物关系/亲属关系/血亲/自然血亲/兄弟姐妹/妹妹
杨诺思,杨永晴,2008 年 4 月 杨永晴 堂姐 杨诺思 透露 陈冠希 与 杨永晴 感情 未 变 ， 未有 分手 。,人物关系/亲属关系/血亲/自然血亲/兄弟姐妹/妹妹
皮皮鲁,鲁西西,（ “ 皮皮鲁 鲁西西 ” 系列 童话剧 ） : “ 皮皮鲁 鲁西西 ” 系列 童话剧 《 罐头 小人 》,人物关系/亲属关系/血亲/自然血亲/兄弟姐妹/妹妹
施南生,徐克,每年 年三十 除夕 ， 我们 都 是 跟 一众 友好 如 陈百强 、 徐克 、 施南生 夫妇 等 在 希尔顿酒店 共度 的 。,人物关系/亲属关系/配偶/丈夫/前夫
何超琼,许晋亨,何超琼 （ 蓝琼缨 所 出 ） = 许晋亨 （ 离婚 ）,人物关系/亲属关系/配偶/丈夫/前夫
傅明宪,叶剑波,傅明宪 情感 婚姻 : 1998 年 ， 傅明宪 与 香港 上市公司 海域 集团 主席 叶剑波 拍拖 一年 多后 结为夫妇 。,人物关系/亲属关系/配偶/丈夫/前夫
祖丁,沃甲,这一 动乱 历经 仲丁 、 外 壬 、 河 亶 甲 、 祖乙 、 祖辛 、 沃甲 、 祖丁 、 南庚 、 阳甲 九王 ， 故 名 。,人物关系/亲属关系/血亲/自然血亲/叔伯姑舅姨/叔伯
赵粲,赵俊,后 追怀 舅氏 之恩 ， 显官 赵俊 ， 纳俊兄 虞 （ 赵虞 ） 女 粲 （ 赵粲 ） 于 后宫 为 夫人 。,人物关系/亲属关系/血亲/自然血亲/叔伯姑舅姨/叔伯
宗悫,宗炳,“ 乘风 ” ， 《 南 史 · 宗悫 传 》 记载 ， 宗悫 少有 大志 ， 曾 对 他 的 叔父 宗炳 说 ： “ 愿乘 长风 破 万里 浪 。 ”,人物关系/亲属关系/血亲/自然血亲/叔伯姑舅姨/叔伯
欧阳建,石崇,卫尉 石崇 之甥 欧阳建 素 与 相国 伦有隙 ， 崇有 爱妾 曰 绿珠 ， 孙秀 使求 之 ， 崇不 与 。,人物关系/亲属关系/血亲/自然血亲/叔伯姑舅姨/舅舅
羊欣,王献之,书法家 王献之 在 羊欣 的 新 白丝裙 上 作书 ， 羊欣 视为 珍宝 ， 学习 揣摩 ， 书法 大进 。,人物关系/亲属关系/血亲/自然血亲/叔伯姑舅姨/舅舅
欧阳建,石崇,因以 能 文善 诗 ， 与 石崇 、 欧阳建 、 陆机 等 文人 攀附 于 贾后 弟 贾 谥 周围 ， 号 曰 京师 “ 二十四 友 ” 。,人物关系/亲属关系/血亲/自然血亲/叔伯姑舅姨/舅舅
张一健,洪美雪,张一健 （ 马国明 饰 ） 、 范子妤 （ 杨怡 饰 ） 、 洪美雪 （ 黄智雯 饰 ）,人物关系/亲属关系/血亲/自然血亲/叔伯姑舅姨/姑妈
张恭庆,张爱玲,张佩纶 的 第三代 中出 了 一个 知名 女作家 张爱玲 ， 她 比 张恭庆 高 一个 辈分 。,人物关系/亲属关系/血亲/自然血亲/叔伯姑舅姨/姑妈
霍秀秀,霍玲,霍仙姑 地位 : 老 九门 第七家 ， 霍玲 的 妈妈 ， 霍秀秀 的 奶奶 。,人物关系/亲属关系/血亲/自然血亲/叔伯姑舅姨/姑妈
郑鸿逵,郑成功,隆武 时期 ， 受封 宁靖王 ， 南明 时期 先后 在 方国安 、 郑鸿逵 、 郑成功 军中 任 监军 。,人物关系/亲属关系/血亲/自然血亲/侄甥/侄子
金敬姬,金正恩,金正恩 的 爷爷 金日成 有过 两任 妻子 ， 第一任 妻子 金正淑 ， 生有 两子 一女 ： 金正日 、 金 万一 、 金敬姬 。,人物关系/亲属关系/血亲/自然血亲/侄甥/侄子
金敬姬,金正恩,“ 虽然 金敬姬 自杀 的 原因 未 被 公布 ， 但 她 写下 遗书 诅咒 侄子 金正恩 。,人物关系/亲属关系/血亲/自然血亲/侄甥/侄子
王子腾,王熙凤,因为 王熙凤 是 王夫人 的 内侄女 ， 王夫人 又 是 王子腾 的 妹妹 ， 王熙凤 与 王子腾 关系 自然 紧密 。,人物关系/亲属关系/血亲/自然血亲/侄甥/侄女
白浅,凤九,天族 有 五方 五帝 ， 青丘 之国 亦 有 五荒 五帝 ， 因 白浅 上神 迟早 要 嫁入 天族 ， 两百年 前 ， 便 将 自己 在 青丘 的 君位 交由 凤九 殿下 承下 了 。,人物关系/亲属关系/血亲/自然血亲/侄甥/侄女
殷素素,殷离,我们 再 来说 说 殷离 ， 又名 蛛儿 ， 和 她 姑姑 殷素素 一样 性情 古怪 ， 任性 专横 。 但是 因为 她 母亲 受 二娘 欺负 ， 让 殷离 性格 变得 偏激 。,人物关系/亲属关系/血亲/自然血亲/侄甥/侄女
刘益素,艾慧,刘益素 看看 冯巩 和 艾慧 ， 又 瞧瞧 动物 拼图 ， 一会儿 微笑 ， 一会儿 皱眉 ， 然后 抖 抖颤 颤用 手 抚摸 … …,人物关系/亲属关系/姻亲/血亲的配偶/子女的配偶/儿媳
黄笑莺,范子妤,一健 与 范子妤 婚后 和 母亲 黄笑莺 同 住 ， 子妤 已 怀有 身孕 ， 三人 一边 期待 着 孩子 的 来临 ， 一边 过 着 幸福 安稳 的 家庭 生活 。,人物关系/亲属关系/姻亲/血亲的配偶/子女的配偶/儿媳
刘益素,艾慧,刘益素 笑 得 格外 开心 ， 冯巩 和 艾慧 心头 更是 泛起 亲情 的 温暖 ！,人物关系/亲属关系/姻亲/血亲的配偶/子女的配偶/儿媳
任我行,令狐冲,而 被 囚禁 的 任我行 终 被 令狐冲 和 任盈盈 救出 。,人物关系/亲属关系/姻亲/血亲的配偶/子女的配偶/女婿
任我行,令狐冲,任盈盈 之后 与 令狐冲 一起 前往 梅庄 救 任我行 ， 然而 令狐冲 却 被 换作 任我行 的 替身 而 遭禁 。,人物关系/亲属关系/姻亲/血亲的配偶/子女的配偶/女婿
曹豹,吕布,下 邳 守 将 曹豹 反叛 ， 献城 归附 吕布 。,人物关系/亲属关系/姻亲/血亲的配偶/子女的配偶/女婿
薛金莲,樊梨花,樊江 关 : 原创 派生 剧目 ， 不见 三传 ， 主要 将 樊梨花 和 薛金莲 矛盾 到 和解 的 故事 。,人物关系/亲属关系/姻亲/血亲的配偶/兄弟姐妹的配偶/嫂子
石无痕,苏幻儿,主要 人物 ： 苏幻儿 杨意柳 石无忌 石无痕 石无介 秦秋雨 冷刚,人物关系/亲属关系/姻亲/血亲的配偶/兄弟姐妹的配偶/嫂子
薛金莲,樊梨花,"樊梨花 率兵 来到 麒麟山 , 刁月娥 、 薛金莲 带领 女兵 施展 美人计 , 终于 使 麒麟山 守 将 蛮子 牙 、 蛮子 海上 钩 。",人物关系/亲属关系/姻亲/血亲的配偶/兄弟姐妹的配偶/嫂子
黄睿靓,陈水扁,（ 陈水扁 亲家 黄百禄 ） : 黄百禄 系原任 台湾 民主 进步党 第 10 - 11 届 党 主席 陈水扁 的 亲家 ， 其 女儿 黄睿靓 是 陈水扁 儿子 陈致中 的 老婆 。,人物关系/亲属关系/姻亲/配偶的血亲/配偶的父母/公公
乐颜,宁昊天,角色 由 李易 峰 饰演 ， 与 乐颜 （ 唐嫣饰 ） 相爱 ， 是 宁昊天 （ 张智尧 饰 ） 的 儿子 。,人物关系/亲属关系/姻亲/配偶的血亲/配偶的父母/公公
谢月镜,王恭,谢晦 ， 子女 有 谢世 休 、 谢氏 （ 嫁 彭城王 刘义康 ） 、 谢氏 （ 嫁 新野 侯 刘义宾 ） 谢月镜 夫君 : 王愔 之 谢月镜 公公 : 王恭,人物关系/亲属关系/姻亲/配偶的血亲/配偶的父母/公公
郭靖,黄药师,襄阳 大战 ， 郭靖 、 黄蓉 、 黄药师 等 用 “ 二十八宿 大阵 ” 大战 蒙古 军 。,人物关系/亲属关系/姻亲/配偶的血亲/配偶的父母/岳父
郭靖,黄药师,及后 ， 为了 寻访 黄药师 而 重返 中原 ， 巧遇 杨康之 子 杨过 （ 刘德华 ） ， 郭靖 见 他 年幼 乏人 照顾 ， 把 他 带回 桃花岛 抚养 。,人物关系/亲属关系/姻亲/配偶的血亲/配偶的父母/岳父
郭靖,黄药师,柯镇恶 背景 故事 : 欧阳锋 与 杨康 设 下 毒计 ， 江南 六怪 桃花 岛上 中伏 ， 柯镇恶 逃出 后 ， 与 全真七子 及 郭靖 烟雨楼 前 大战 黄药师 。,人物关系/亲属关系/姻亲/配偶的血亲/配偶的父母/岳父
严英云,徐良,评书 《 白眉 大侠 》 人物 严英云 ， 人称 “ 亚 侠女 ” ， 是 徐良 的 未婚妻 。,人物关系/亲属关系/配偶/丈夫/未婚夫
严英云,徐良,因此 ， 王顺 也 想 用 严英云 作 诱饵 ， 吸引 徐良 同 他 决斗 。,人物关系/亲属关系/配偶/丈夫/未婚夫
纪晓芙,殷梨亭,但 在 和 殷梨亭 相处 的 过程 中 ， 渐渐 的 被 殷梨亭 之 于 母亲 纪晓芙 的 感情 所 打动 ， 还债 的 心理 更加 严重 ， 终于 到 了 “ 以身 相换 ” 的 地步 。,人物关系/亲属关系/配偶/丈夫/未婚夫
西门吹雪,陆小凤,所以 西门吹雪 纵使 在 陆小凤 面前 也 是 一贯 的 冷淡 ， 但 每当 陆小凤 有求于 他 或是 陷于 危难 时 ， 西门 都 是 义不容辞 的 帮助 他 。,人物关系/社交关系/友谊关系/朋友
叶翔,孟星魂,孟星魂 为了 小蝶 ， 为了 老伯 ， 为了 叶翔 ， 为了 感情 和 武林 ， 要 与 律 香川 决一死战 。,人物关系/社交关系/友谊关系/朋友
冯淬帆,曾志伟,其中 曾志伟 、 陈百祥 与 冯淬帆 正是 当年 王晶 红极一时 的 代表作 《 精装 追女仔 》 系列 电影 中 的 主要演员 。,人物关系/社交关系/友谊关系/朋友
宋青书,周芷若,"而 遇到 周芷若 的 那 一年 , 武当 大学 高材生 宋青书 刚好 达到 青春期 的 顶峰 , 过于 旺盛 的 荷尔蒙 分泌 使得 他 胡子 拉杂 性欲 旺盛 … …",人物关系/社交关系/感情关系/喜欢
金燕西,冷清秋,冷清秋 十分 厌恶 金燕西 大洒 金钱 的 追求 方式 ， 认定 燕西 无聊 。,人物关系/社交关系/感情关系/喜欢
佟毓婉,杜允唐,最终 佟毓婉 在 烽火 乱世 中 参透 盛衰 离合 ， 为 革命 捐出 全部 身家 ， 与 丈夫 杜允唐 隐居 东北 小镇 。,人物关系/社交关系/感情关系/喜欢
郑微,陈孝正,郑微 失去 了 最好 的 朋友 又 感觉 爱情 再次 欺骗 ， 痛苦 地 离开 陈孝正 。,人物关系/社交关系/感情关系/恋人
叶凡,齐飞,齐飞 一听 便 紧张 ， 并 说 任何 男人 都 不 可以 接近 叶凡 。,人物关系/社交关系/感情关系/恋人
楚雨荨,慕容云海,慕容云海 在 美国 居然 又 认识 一个 像 楚雨荨 那样 的 女孩子 ...,人物关系/社交关系/感情关系/恋人
况天佑,马小玲,"而 这次 我 写 的 主角 , 不是 况天佑 与 马小玲 , 而是 电视剧 里 未曾 出现 过 的 尹天 和 马颖 儿 。",人物关系/亲属关系/配偶/妻子/现妻
柴绍,平阳公主,平阳公主 （ 谥号 “ 昭 ” ， 称 平阳昭公主 ， 母 窦皇后 ， 下嫁 柴绍 ）,人物关系/亲属关系/配偶/妻子/现妻
陈建斌,蒋勤勤,金灿灿 的 麦子 象征 着 成熟 的 生命 内涵 与 收获 的 无限 喜悦 ， 同时 也 代表 着 陈建斌 对 蒋勤勤 一往情深 含蓄 而 充实 的 感情 。,人物关系/亲属关系/配偶/妻子/现妻
许晋亨,何超琼,许晋亨 先生 = = 何超琼 女士 （ 离婚 ） 、 李嘉欣,人物关系/亲属关系/配偶/妻子/前妻
莫绍谦,慕咏飞,为了 莫绍谦 ， 童雪 按照 慕咏飞 说 的 去 找 了 莫绍谦 。,人物关系/亲属关系/配偶/妻子/前妻
许晋亨,何超琼,1991 年 1 月 8 日 ， 许晋亨 与 赌王 何鸿燊 的 千金 何超琼 结婚 ， 这 段 港澳 两 大家族 联姻 一度 被 视为 佳话 ， 婚礼 时 更 连 摆 4 晚 夜宴 。,人物关系/亲属关系/配偶/妻子/前妻
祝彪,扈三娘,《 水浒 英雄 谱 之 扈三娘 与 矮脚 虎 王英 》 祝彪 （ 高虎 饰 ）,人物关系/亲属关系/配偶/妻子/未婚妻
祝彪,扈三娘,扈三娘 在 接下来 发生 的 事情 里 ， 终于 看清 了 祝彪 的 险恶用心 。,人物关系/亲属关系/配偶/妻子/未婚妻
祝彪,扈三娘,扈三娘 手刃 祝彪 ， 与 王英 同 上 梁山 。,人物关系/亲属关系/配偶/妻子/未婚妻
刘辑,刘备,刘辑 ， 刘备 之孙 ， 刘理 次子 ， 初封 为 武邑 侯 。,人物关系/亲属关系/血亲/自然血亲/祖父母/爷爷
刘志,刘邦,刘志 ， 刘邦 孙 ， 齐悼惠 王子 。,人物关系/亲属关系/血亲/自然血亲/祖父母/爷爷
霍启刚,霍英东,卢润森 家庭 情况 : 卢润森 的 女儿 卢恬儿 曾 与 富豪 霍英东 长孙 霍启刚 拍拖 。,人物关系/亲属关系/血亲/自然血亲/祖父母/爷爷
贾琏,贾母,《 红楼梦 》 第十二回 ： “ 於 是 贾母 定 要 贾琏 送 他 去 ， 仍 叫 带 回来 。,人物关系/亲属关系/血亲/自然血亲/祖父母/奶奶
沈红叶,白飞飞,沈红叶 人物 简介 : 古龙 小说 《 碧血 洗银枪 》 里 的 人物 ， 武林 四 公子 之一 ， 是 阿飞 （ 沈浪 与 白飞飞 之子 ） 的 后人 ， 为 叶开 收养 。,人物关系/亲属关系/血亲/自然血亲/祖父母/奶奶
贾琏,贾母,贾母 心中 忧伤 ， 打发 贾琏 送 她 ， 仍要 带 回来 。,人物关系/亲属关系/血亲/自然血亲/祖父母/奶奶
宋一国,金斗汉,宋一国 的 外公 金斗汉 是 军界 要 人 ， 是 韩国 的 抗日 英雄 ， 事迹 曾 被 拍成 韩剧 《 野人 时代 》 ， 父亲 从政 ， 母亲 金乙东 是 韩国 知名演员 。,人物关系/亲属关系/血亲/自然血亲/外祖父母/外公
宋一国,金斗汉,宋一国 的 母亲 是 韩国 著名演员 金乙东 ， 而 他 的 外公 更是 韩国 名将 之子 金斗汉 ， 而 他 的 妹妹 宋松 怡 也 是 一名 演员 。,人物关系/亲属关系/血亲/自然血亲/外祖父母/外公
李坏,上官金虹,原名 李善 ， 因为 他 命运 实在 太坏 了 ， 所以 叫 李坏 ， 是 小 李飞 刀 的 传人 ， 李寻 欢 的 孙儿 ， 为 李曼青 与 上官金虹 女儿 的 私生子 。,人物关系/亲属关系/血亲/自然血亲/外祖父母/外公
